EU Areas Official List of the European PSK Club ( www.eupsk.com ),,,,,,,,,,
"Edition No 3-03 ► Updated 31.03.2015 ► Compiled by MMØDFV (Assisted by IK2UVR, MØOXO, RA3QH, RK6DL, RW6AVK, SV8GXC, UA3DJ, UAØBKV, and UR3GM) © EPC Copyright 2011 - 2015",,,,,,,,,,
Prefix,EPC Name,Official or Alternative Native Name,Co-ordinates,,EPC Code,,,,,
,,,Latitude,Longitude,,,,,,
,,,,,,,,,,
"Sovereign Military Hospitaller Order of Saint John of Jerusalem, of Rhodes, and of Malta ► Sovrano Militare Ordine Ospedaliero di San Giovanni di Gerusalemme di Rodi e di Malta",,,,,,,,,,
1A,Headquarters of the Magistral Palace (Malta Palace),Quartier Generale del Palazzo Magistrale (Palazzo Malta),41°54′20″N,12°28′48″E,EU.OM.PM,,,,,
1A,Headquarters of the Villa of the Priory of Malta,Quartier Generale della Villa del Priorato di Malta,41°52′59″N,12°28′39″E,EU.OM.VM,,,,,
Principality of Monaco ► Principauté de Monaco,,,,,,,,,,
3A,District of La Condamine,Quartier de la Condamine,43°44′04″N,07°25′15″E,EU.MC.CO,,,,,
3A,District of Fontvieille,Quartier de Fontvieille,43°43′46″N,07°24′54″E,EU.MC.FO,,,,,
3A,District of Monaco-Ville,Quartier de Monaco-Ville,43°43′51″N,07°25′27″E,EU.MC.MV,,,,,
3A,District of Monte-Carlo,Quartier de Monte-Carlo,43°44′23″N,07°25′38″E,EU.MC.MC,,,,,
Republic of Azerbaijan ► Azərbaycan Respublikası ► Азербайджанская Республика (European Part),,,,,,,,,,
Region of Quba-Khachmaz ► Quba-Xaçmaz Iqtisadi Rayonu ► Куба-Хачмасский Экономический Район,,,,,,,,,,
4K3,County of Khachmaz,Xaçmaz Rayonu (Хачмасский Район),41°28′15″N,48°48′35″E,AZ.QK.KH,,,,,
4K3,County of Quba,Quba Rayonu (Кубинский Район),41°21′35″N,48°30′45″E,AZ.QK.QU,,,,,
4K3,County of Qusar,Qusar Rayonu (Кусарский Район),41°25′35″N,48°26′08″E,AZ.QK.QS,,,,,
4K3,County of Shabran (Former County of Davachi),Şabran Rayonu (Шабранский Район),41°12′41″N,48°59′10″E,AZ.QK.SH,,,,,
4K3,County of Siazan,Siyəzən Rayonu (Сиазаньский Район),41°04′34″N,49°06′50″E,AZ.QK.SZ,,,,,
Region of Absheron ► Abşeron Iqtisadi Rayonu ► Апшеронский Экономический Район (European Part),,,,,,,,,,
4K3,County of Khizi (North East of the Watershed of the Caucasus Mountains),Xızı Rayonu (Хызинский Район) (Северо-восточнее водораздельной линии Кавказского хребта),40°54′28″N,49°04′24″E,AZ.AB.KH,,,,,
Georgia ► საქართველო (Saḳarṭvelo) (European Part),,,,,,,,,,
Region of Kakheti ► კახეთის მხარე (Kaĥeṭis Mĥare) (European Part),,,,,,,,,,
4L,County of Akhmeta (North East of the Watershed of the Caucasus Mountains),ახმეტის მუნიციპალიტეტი (Axmet’is Municipʼalitʼetʼi),42°26′20″N,45°40′51″E,GE.KA.AE,,,,,
Region of Mtskheta-Mtianeti ► მცხეთა-მთიანეთის მხარე (Mtsĥeṭa-Mṭianeṭis Mĥare) (European Part),,,,,,,,,,
4L,County of Dusheti (North East of the Watershed of the Caucasus Mountains),დუშეთის მუნიციპალიტეტი (Dušetis Municipʼalitʼetʼi),42°38′12″N,45°08′32″E,GE.MM.DE,,,,,
4L,County of Kazbegi (North East of the Watershed of the Caucasus Mountains),ყაზბეგის მუნიციპალიტეტი (Qazbegis Municipʼalitʼetʼi),42°39′08″N,44°38′45″E,GE.MM.KE,,,,,
Republic of Montenegro ► Republika Crna Gora,,,,,,,,,,
4O,County of Andrijevica,Opština Andrijevica,42°43′48″N,19°47′24″E,EU.ME.AN,,,,,
4O,County of Bar,Opština Bar,42°06′00″N,19°06′00″E,EU.ME.BA,,,,,
4O,County of Berane,Opština Berane,42°50′24″N,19°51′36″E,EU.ME.BE,,,,,
4O,County of Bijelo Polje,Opština Bijelo Polje,43°02′24″N,19°45′00″E,EU.ME.BP,,,,,
4O,County of Budva,Opština Budva,42°17′17″N,18°50′33″E,EU.ME.BU,,,,,
4O,County of Cetinje,Opština Cetinje,42°22′48″N,18°55′12″E,EU.ME.CE,,,,,
4O,County of Danilovgrad,Opština Danilovgrad,42°36′36″N,19°03′00″E,EU.ME.DA,,,,,
4O,County of Herceg Novi,Opština Herceg Novi,42°27′11″N,18°31′52″E,EU.ME.HN,,,,,
4O,County of Kolašin,Opština Kolašin,42°49′30″N,19°31′05″E,EU.ME.KO,,,,,
4O,County of Kotor,Opština Kotor,42°25′48″N,18°46′12″E,EU.ME.KT,,,,,
4O,County of Mojkovac,Opština Mojkovac,42°57′36″N,19°34′48″E,EU.ME.MO,,,,,
4O,County of Nikšić,Opština Nikšić,42°46′48″N,18°56′24″E,EU.ME.NI,,,,,
4O,County of Plav,Opština Plav,42°36′00″N,19°56′24″E,EU.ME.PL,,,,,
4O,County of Plužine,Opština Plužine,43°09′00″N,18°49′48″E,EU.ME.PU,,,,,
4O,County of Pljevlja,Opština Pljevlja,43°21′36″N,19°21′36″E,EU.ME.PJ,,,,,
4O,County of Podgorica,Opština Podgorica,42°28′00″N,19°16′00″E,EU.ME.PO,,,,,
4O,County of Rožaje,Opština Rožaje,42°50′24″N,20°09′36″E,EU.ME.RO,,,,,
4O,County of Šavnik,Opština Šavnik,42°57′00″N,19°06′00″E,EU.ME.SA,,,,,
4O,County of Tivat,Opština Tivat,42°25′48″N,18°42′00″E,EU.ME.TI,,,,,
4O,County of Ulcinj,Opština Ulcinj,41°55′12″N,19°12′00″E,EU.ME.UL,,,,,
4O,County of Žabljak,Opština Žabljak,43°09′00″N,19°06′36″E,EU.ME.ZA,,,,,
United Nations Organization ► Organisation des Nations Unies,,,,,,,,,,
4U,United Nations Office at Geneva,Office des Nations Unies à Genève,46°13′35″N,06°08′25″E,EU.UN.GE,,,,,
4U,United Nations Office at Vienna,Office des Nations Unies à Vienne,48°14′04″N,16°24′52″E,EU.UN.VE,,,,,
Republic of Croatia ► Republika Hrvatska,,,,,,,,,,
9A,County of Bjelovar and Bilogora,Bjelovarsko-Bilogorska Županija,46°01′26″N,16°32′42″E,EU.HR.BB,,,,,
9A,County of Slavonski Brod and Posavina,Brodsko-Posavska Županija,45°09′27″N,18°01′13″E,EU.HR.BP,,,,,
9A,County of Dubrovnik and Neretva,Dubrovačko-Neretvanska Županija,42°39′13″N,18°05′41″E,EU.HR.DN,,,,,
9A,County of Istria,Istarska Županija,45°14′21″N,13°56′19″E,EU.HR.IS,,,,,
9A,County of Karlovac,Karlovačka Županija,45°29′35″N,15°33′21″E,EU.HR.KA,,,,,
9A,County of Koprivnica and Križevci,Koprivničko-Križevačka Županija,46°10′12″N,16°54′32″E,EU.HR.KK,,,,,
9A,County of Krapina and Zagorje,Krapinsko-Zagorska Županija,46°07′30″N,15°48′25″E,EU.HR.KZ,,,,,
9A,County of Lika and Senj,Ličko-Senjska Županija,44°42′25″N,15°10′26″E,EU.HR.LS,,,,,
9A,County of Međimurje,Međimurska Županija,46°27′58″N,16°24′50″E,EU.HR.ME,,,,,
9A,County of Osijek and Baranja,Osječko-Baranjska Županija,45°38′13″N,18°37′05″E,EU.HR.OB,,,,,
9A,County of Požega and Slavonia,Požeško-Slavonska Županija,45°18′40″N,17°44′24″E,EU.HR.PS,,,,,
9A,County of Primorje and Gorski Kotar,Primorsko-Goranska Županija,45°27′14″N,14°35′38″E,EU.HR.PG,,,,,
9A,County of Šibenik and Knin,Šibensko-Kninska Županija,43°55′44″N,16°03′43″E,EU.HR.SK,,,,,
9A,County of Sisak and Moslavina,Sisačko-Moslavačka Županija,45°13′15″N,16°15′05″E,EU.HR.SM,,,,,
9A,County of Split and Dalmatia,Splitsko-Dalmatinska Županija,43°10′00″N,16°30′00″E,EU.HR.SD,,,,,
9A,County of Varaždin ,Varaždinska Županija,46°19′16″N,16°13′52″E,EU.HR.VA,,,,,
9A,County of Virovitica and Podravina,Virovitičko-Podravska Županija,45°52′23″N,17°30′18″E,EU.HR.VP,,,,,
9A,County of Vukovar and Syrmia,Vukovarsko-Srijemska Županija,45°13′43″N,18°55′00″E,EU.HR.VS,,,,,
9A,County of Zadar,Zadarska Županija,44°01′05″N,15°53′42″E,EU.HR.ZA,,,,,
9A,County of Zagreb,Zagrebačka Županija,45°44′56″N,15°34′16″E,EU.HR.ZB,,,,,
9A,City of Zagreb,Grad Zagreb,45°49′00″N,15°59′00″E,EU.HR.ZG,,,,,
Exceptional Territories of the Republic of Croatia,,,,,,,,,,
9A,Jabuka Island,Otok Jabuka,43°05′00″N,15°27′00″E,HR.DX.JA,,,,,
9A,Palagruža Islands,Otočje Palagruža,42°23′05″N,16°15′16″E,HR.DX.PA,,,,,
Republic of Malta ► Repubblika ta' Malta,,,,,,,,,,
9H1,Island of Malta,Gżira ta' Malta,35°53′00″N,14°27′00″E,EU.MT.MT,,,,,
9H4,Island of Gozo,Gżira t'Għawdex,36°03′00″N,14°15′00″E,EU.MT.GO,,,,,
Exceptional Territories of the Republic of Malta,,,,,,,,,,
9H1,Filfla Island (Including Filfoletta Islet),Gżira ta' Filfla,35°47′15″N,14°24′37″E,MT.DX.FL,,,,,
9H1,Fort Saint Angelo (Leased Area to the Sovereign Military Order of Malta),Fort Saint Angelo,35°53′31″N,14°31′06″E,MT.DX.SA,,,,,
9H4,Comino Island (Including Cominotto Island),Gżira ta' Kemmuna,36°01′00″N,14°20′00″E,MT.DX.CO,,,,,
Principality of Andorra ► Principat d'Andorra,,,,,,,,,,
C3,Parish of Andorra la Vella,Parròquia d'Andorra la Vella,42°30′30″N,01°31′30″E,EU.AD.AV,,,,,
C3,Parish of Canillo,Parròquia de Canillo,42°34′00″N,01°36′00″E,EU.AD.CA,,,,,
C3,Parish of Encamp,Parròquia d'Encamp,42°32′10″N,01°34′58″E,EU.AD.EN,,,,,
C3,Parish of Escaldes-Engordany,Parròquia d'Escaldes-Engordany,42°30′32″N,01°32′27″E,EU.AD.EE,,,,,
C3,Parish of La Massana,Parròquia de la Massana (Maçana),42°32′30″N,01°31′00″E,EU.AD.MA,,,,,
C3,Parish of Ordino,Parròquia d'Ordino,42°33′18″N,01°31′59″E,EU.AD.OR,,,,,
C3,Parish of Sant Julià de Lòria,Parròquia de Sant Julià de Lòria,42°27′54″N,01°29′28″E,EU.AD.SJ,,,,,
Portuguese Republic ► República Portuguesa,,,,,,,,,,
Continental (Mainland) Portugal ► Portugal Continental,,,,,,,,,,
CT,District of Aveiro,Distrito de Aveiro,40°37′00″N,08°38′00″W,EU.PT.AV,,,,,
CT,District of Beja,Distrito de Beja,38°01′00″N,07°52′00″W,EU.PT.BE,,,,,
CT,District of Braga,Distrito de Braga,41°32′39″N,08°25′19″W,EU.PT.BR,,,,,
CT,District of Bragança,Distrito de Bragança,41°48′20″N,06°45′42″W,EU.PT.BG,,,,,
CT,District of Castelo Branco,Distrito de Castelo Branco,39°50′00″N,07°28′00″W,EU.PT.CB,,,,,
CT,District of Coimbra,Distrito de Coimbra,40°15′00″N,08°27′00″W,EU.PT.CO,,,,,
CT,District of Évora,Distrito de Évora,38°34′15″N,07°54′34″W,EU.PT.EV,,,,,
CT,District of Faro,Distrito de Faro,37°02′00″N,07°55′00″W,EU.PT.FA,,,,,
CT,District of Guarda,Distrito da Guarda,40°32′00″N,07°20′00″W,EU.PT.GU,,,,,
CT,District of Leiria,Distrito de Leiria,39°46′00″N,08°53′00″W,EU.PT.LE,,,,,
CT,District of Lisbon,Distrito de Lisboa,38°42′50″N,09°08′22″W,EU.PT.LI,,,,,
CT,District of Portalegre,Distrito de Portalegre,39°17′31″N,07°25′52″W,EU.PT.PO,,,,,
CT,District of Porto,Distrito do Porto,41°09′00″N,08°36′40″W,EU.PT.PR,,,,,
CT,District of Santarém,Distrito de Santarém,39°12′00″N,08°42′00″W,EU.PT.SA,,,,,
CT,District of Setúbal,Distrito de Setúbal,38°30′00″N,08°58′00″W,EU.PT.SE,,,,,
CT,District of Viana do Castelo,Distrito de Viana do Castelo,41°42′00″N,08°49′12″W,EU.PT.VC,,,,,
CT,District of Vila Real,Distrito de Vila Real,41°17′45″N,07°44′46″W,EU.PT.VR,,,,,
CT,District of Viseu,Distrito de Viseu,40°40′00″N,07°55′00″W,EU.PT.VI,,,,,
Exceptional Territories of Continental Portugal,,,,,,,,,,
CT,Berlengas Archipelago (Including Estelas Islets and Farilhões-Forcados Islets),Arquipélago das Berlengas,39°26′59″N,09°30′57″W,PT.DX.BL,,,,,
Autonomous Region of Azores ► Região Autónoma dos Açores,,,,,,,,,,
CU1,Island of Saint Mary,Ilha de Santa Maria,36°58′14″N,25°06′28″W,PT.AZ.MA,,,,,
CU2,Island of Saint Michael,Ilha de São Miguel,37°47′00″N,25°30′00″W,PT.AZ.MI,,,,,
CU3,Island of Terceira ,Ilha de Terceira,38°39′00″N,27°13′00″W,PT.AZ.TE,,,,,
CU4,Island of Graciosa,Ilha da Graciosa,39°03′05″N,28°00′51″W,PT.AZ.GR,,,,,
CU5,Island of Saint George,Ilha de São Jorge,38°37′40″N,28°01′02″W,PT.AZ.JO,,,,,
CU6,Island of Pico,Ilha do Pico,38°28′19″N,28°21′50″W,PT.AZ.PI,,,,,
CU7,Island of Faial,Ilha do Faial,38°34′37″N,28°42′11″W,PT.AZ.FA,,,,,
CU8,Island of Flores,Ilha das Flores,39°28′00″N,31°13′00″W,PT.AZ.FL,,,,,
CU9,Island of Corvo,Ilha do Corvo,39°41′54″N,31°06′16″W,PT.AZ.CO,,,,,
Exceptional Territories of the Autonomous Region of Azores,,,,,,,,,,
CU1,Formigas Islets,Ilhéus das Formigas,37°16′11″N,24°42′49″W,PT.DX.FO,,,,,
CU1,Dollabarat Reef,Recife de Dollabarat,37°13′48″N,24°43′48″W,PT.DX.DO,,,,,
Federal Republic of Germany ► Bundesrepublik Deutschland,,,,,,,,,,
State of Baden-Württemberg ► Land Baden-Württemberg,,,,,,,,,,
Region of Freiburg ► Regierungsbezirk Freiburg,,,,,,,,,,
DL,County of Breisgau-Hochschwarzwald,Landkreis Breisgau-Hochschwarzwald,47°57′00″N,07°51′00″E,DE.BW.BH,,,,,
DL,County of Emmendingen,Landkreis Emmendingen,48°06′00″N,07°48′00″E,DE.BW.EM,,,,,
DL,Urban County of Freiburg im Breisgau,Stadtkreis Freiburg im Breisgau,47°59′00″N,07°51′00″E,DE.BW.FB,,,,,
DL,County of Constance (Excluding Büsingen am Hochrhein),Landkreis Konstanz,47°49′00″N,08°53′00″E,DE.BW.KO,,,,,
DL,County of Lörrach,Landkreis Lörrach,47°39′00″N,07°42′00″E,DE.BW.LO,,,,,
DL,County of Ortenau,Ortenaukreis,48°25′00″N,08°00′00″E,DE.BW.OR,,,,,
DL,County of Rottweil,Landkreis Rottweil,48°10′12″N,08°37′48″E,DE.BW.RO,,,,,
DL,County of Schwarzwald-Baar,Schwarzwald-Baar-Kreis,48°03′00″N,08°24′00″E,DE.BW.SB,,,,,
DL,County of Tuttlingen,Landkreis Tuttlingen,47°58′56″N,08°48′21″E,DE.BW.TU,,,,,
DL,County of Waldshut,Landkreis Waldshut,47°37′48″N,08°12′00″E,DE.BW.WA,,,,,
Exceptional Territories of the Region of Freiburg,,,,,,,,,,
DL,Municipality of Büsingen am Hochrhein,Gemeinde Büsingen am Hochrhein,47°41′49″N,08°41′25″E,DE.DX.BH,,,,,
Region of Karlsruhe ► Regierungsbezirk Karlsruhe,,,,,,,,,,
DL,Urban County of Baden-Baden,Stadtkreis Baden-Baden,48°45′43″N,08°14′27″E,DE.BW.BB,,,,,
DL,County of Calw,Landkreis Calw,48°42′00″N,08°44′24″E,DE.BW.CA,,,,,
DL,County of Enz,Enzkreis,48°54′00″N,08°45′00″E,DE.BW.EN,,,,,
DL,County of Freudenstadt ,Landkreis Freudenstadt,48°28′12″N,08°28′12″E,DE.BW.FR,,,,,
DL,Urban County of Heidelberg,Stadtkreis Heidelberg,49°24′44″N,08°42′36″E,DE.BW.HE,,,,,
DL,County of Karlsruhe,Landkreis Karlsruhe,49°04′48″N,08°34′48″E,DE.BW.KK,,,,,
DL,Urban County of Karlsruhe,Stadtkreis Karlsruhe,49°00′50″N,08°24′15″E,DE.BW.KA,,,,,
DL,Urban County of Mannheim,Stadtkreis Mannheim,49°29′20″N,08°28′09″E,DE.BW.MA,,,,,
DL,County of Neckar-Odenwald,Neckar-Odenwald-Kreis,49°26′24″N,09°15′00″E,DE.BW.NO,,,,,
DL,Urban County of Pforzheim,Stadtkreis Pforzheim,48°54′00″N,08°43′00″E,DE.BW.PF,,,,,
DL,County of Rastatt ,Landkreis Rastatt,48°48′00″N,08°16′12″E,DE.BW.RA,,,,,
DL,County of Rhein-Neckar,Rhein-Neckar-Kreis,49°19′12″N,08°47′24″E,DE.BW.RN,,,,,
Region of Stuttgart ► Regierungsbezirk Stuttgart,,,,,,,,,,
DL,County of Böblingen ,Landkreis Böblingen,48°42′00″N,09°00′36″E,DE.BW.BO,,,,,
DL,County of Esslingen ,Landkreis Esslingen,48°41′24″N,09°19′12″E,DE.BW.ES,,,,,
DL,County of Göppingen ,Landkreis Göppingen,48°42′00″N,09°39′00″E,DE.BW.GO,,,,,
DL,County of Heidenheim ,Landkreis Heidenheim,48°38′24″N,10°07′12″E,DE.BW.HH,,,,,
DL,County of Heilbronn,Landkreis Heilbronn,49°09′36″N,09°15′00″E,DE.BW.HK,,,,,
DL,Urban County of Heilbronn,Stadtkreis Heilbronn,49°08′30″N,09°13′20″E,DE.BW.HB,,,,,
DL,County of Hohenlohe,Hohenlohekreis,49°16′12″N,09°37′12″E,DE.BW.HL,,,,,
DL,County of Ludwigsburg ,Landkreis Ludwigsburg,48°54′00″N,09°12′00″E,DE.BW.LU,,,,,
DL,County of Main-Tauber,Main-Tauber-Kreis,49°34′12″N,09°42′36″E,DE.BW.MT,,,,,
DL,County of Ostalb,Ostalbkreis,48°52′48″N,10°06′00″E,DE.BW.OS,,,,,
DL,County of Rems-Murr,Rems-Murr-Kreis,48°55′00″N,09°32′00″E,DE.BW.RM,,,,,
DL,County of Schwäbisch Hall,Landkreis Schwäbisch Hall,49°09′00″N,09°54′36″E,DE.BW.SH,,,,,
DL,Urban County of Stuttgart,Stadtkreis Stuttgart,48°46′34″N,09°10′39″E,DE.BW.ST,,,,,
Region of Tübingen ► Regierungsbezirk Tübingen,,,,,,,,,,
DL,County of Alb-Donau,Alb-Donau-Kreis,48°24′00″N,09°51′00″E,DE.BW.AD,,,,,
DL,County of Biberach ,Landkreis Biberach,48°06′00″N,09°46′48″E,DE.BW.BI,,,,,
DL,County of Bodensee (Lake Constance),Bodenseekreis,47°45′00″N,09°21′00″E,DE.BW.BS,,,,,
DL,County of Ravensburg ,Landkreis Ravensburg,47°49′12″N,09°48′00″E,DE.BW.RB,,,,,
DL,County of Reutlingen ,Landkreis Reutlingen,48°30′00″N,09°12′36″E,DE.BW.RE,,,,,
DL,County of Sigmaringen ,Landkreis Sigmaringen,48°04′48″N,09°10′12″E,DE.BW.SG,,,,,
DL,County of Tübingen ,Landkreis Tübingen,48°31′12″N,09°03′00″E,DE.BW.TB,,,,,
DL,Urban County of Ulm,Stadtkreis Ulm,48°24′00″N,09°59′00″E,DE.BW.UL,,,,,
DL,County of Zollernalb,Zollernalbkreis,48°17′24″N,08°55′48″E,DE.BW.ZA,,,,,
Free State of Bavaria ► Freistaat Bayern,,,,,,,,,,
Region of Lower Bavaria ► Regierungsbezirk Niederbayern,,,,,,,,,,
DL,County of Deggendorf,Landkreis Deggendorf,48°49′48″N,13°00′00″E,DE.BA.DE,,,,,
DL,County of Dingolfing-Landau,Landkreis Dingolfing-Landau,48°40′12″N,12°34′48″E,DE.BA.DL,,,,,
DL,County of Freyung-Grafenau,Landkreis Freyung-Grafenau,48°49′48″N,13°30′00″E,DE.BA.FG,,,,,
DL,County of Kelheim,Landkreis Kelheim,48°49′48″N,11°49′48″E,DE.BA.KH,,,,,
DL,County of Landshut,Landkreis Landshut,48°30′00″N,12°15′00″E,DE.BA.LK,,,,,
DL,Township of Landshut,Kreisfreie Stadt Landshut,48°32′23″N,12°09′03″E,DE.BA.LH,,,,,
DL,County of Passau,Landkreis Passau,48°30′00″N,13°19′48″E,DE.BA.PK,,,,,
DL,Township of Passau,Kreisfreie Stadt Passau,48°34′00″N,13°28′00″E,DE.BA.PS,,,,,
DL,County of Regen,Landkreis Regen,49°00′00″N,13°10′12″E,DE.BA.RE,,,,,
DL,County of Rottal-Inn,Landkreis Rottal-Inn,48°25′12″N,12°55′12″E,DE.BA.RI,,,,,
DL,Township of Straubing,Kreisfreie Stadt Straubing,48°53′00″N,12°34′00″E,DE.BA.ST,,,,,
DL,County of Straubing-Bogen,Landkreis Straubing-Bogen,48°55′12″N,12°34′48″E,DE.BA.SB,,,,,
Region of Upper Bavaria ► Regierungsbezirk Oberbayern,,,,,,,,,,
DL,County of Altötting,Landkreis Altötting,48°15′00″N,12°45′00″E,DE.BA.AL,,,,,
DL,County of Bad Tölz-Wolfratshausen,Landkreis Bad Tölz-Wolfratshausen,47°45′00″N,11°34′48″E,DE.BA.BW,,,,,
DL,County of Berchtesgadener Land,Landkreis Berchtesgadener Land,47°44′00″N,12°53′00″E,DE.BA.BL,,,,,
DL,County of Dachau,Landkreis Dachau,48°15′00″N,11°25′12″E,DE.BA.DA,,,,,
DL,County of Ebersberg,Landkreis Ebersberg,48°04′48″N,11°55′12″E,DE.BA.EB,,,,,
DL,County of Eichstätt,Landkreis Eichstätt,48°55′12″N,11°19′48″E,DE.BA.EI,,,,,
DL,County of Erding,Landkreis Erding,48°19′48″N,11°55′12″E,DE.BA.ER,,,,,
DL,County of Freising,Landkreis Freising,48°30′00″N,11°49′48″E,DE.BA.FR,,,,,
DL,County of Fürstenfeldbruck,Landkreis Fürstenfeldbruck,48°10′12″N,11°10′12″E,DE.BA.FB,,,,,
DL,County of Garmisch-Partenkirchen,Landkreis Garmisch-Partenkirchen,47°34′48″N,11°10′12″E,DE.BA.GP,,,,,
DL,Township of Ingolstadt,Kreisfreie Stadt Ingolstadt,48°45′49″N,11°25′34″E,DE.BA.IN,,,,,
DL,County of Landsberg am Lech,Landkreis Landsberg am Lech,48°00′00″N,10°55′12″E,DE.BA.LL,,,,,
DL,County of Miesbach,Landkreis Miesbach,47°45′00″N,11°49′48″E,DE.BA.MB,,,,,
DL,County of Mühldorf am Inn,Landkreis Mühldorf am Inn,48°15′00″N,12°25′12″E,DE.BA.MI,,,,,
DL,County of Munich,Landkreis München,48°00′00″N,11°40′12″E,DE.BA.MK,,,,,
DL,Township of Munich,Kreisfreie Stadt München,48°08′00″N,11°34′00″E,DE.BA.MU,,,,,
DL,County of Neuburg-Schrobenhausen,Landkreis Neuburg-Schrobenhausen,48°40′12″N,11°10′12″E,DE.BA.NS,,,,,
DL,County of Pfaffenhofen an der Ilm,Landkreis Pfaffenhofen an der Ilm,48°30′00″N,11°30′00″E,DE.BA.PI,,,,,
DL,County of Rosenheim,Landkreis Rosenheim,47°55′12″N,12°10′12″E,DE.BA.RK,,,,,
DL,Township of Rosenheim,Kreisfreie Stadt Rosenheim,47°51′00″N,12°08′00″E,DE.BA.RO,,,,,
DL,County of Starnberg,Landkreis Starnberg,48°00′00″N,11°19′48″E,DE.BA.SG,,,,,
DL,County of Traunstein,Landkreis Traunstein,47°49′48″N,12°34′48″E,DE.BA.TS,,,,,
DL,County of Weilheim-Schongau,Landkreis Weilheim-Schongau,47°49′48″N,11°00′00″E,DE.BA.WS,,,,,
Region of Lower Franconia ► Regierungsbezirk Unterfranken,,,,,,,,,,
DL,County of Aschaffenburg,Landkreis Aschaffenburg,50°04′48″N,09°10′12″E,DE.BA.AK,,,,,
DL,Township of Aschaffenburg,Kreisfreie Stadt Aschaffenburg,49°58′00″N,09°09′00″E,DE.BA.AH,,,,,
DL,County of Bad Kissingen,Landkreis Bad Kissingen,50°15′00″N,10°00′00″E,DE.BA.BK,,,,,
DL,County of Haßberge,Landkreis Haßberge,50°04′48″N,10°40′12″E,DE.BA.HA,,,,,
DL,County of Kitzingen,Landkreis Kitzingen,49°45′00″N,10°10′12″E,DE.BA.KZ,,,,,
DL,County of Main-Spessart,Landkreis Main-Spessart,49°55′12″N,09°45′00″E,DE.BA.MS,,,,,
DL,County of Miltenberg,Landkreis Miltenberg,49°45′00″N,09°15′00″E,DE.BA.ML,,,,,
DL,County of Rhön-Grabfeld,Landkreis Rhön-Grabfeld,50°19′48″N,10°15′00″E,DE.BA.RG,,,,,
DL,County of Schweinfurt,Landkreis Schweinfurt,50°00′00″N,10°15′00″E,DE.BA.SK,,,,,
DL,Township of Schweinfurt,Kreisfreie Stadt Schweinfurt,50°03′00″N,10°14′00″E,DE.BA.SW,,,,,
DL,County of Würzburg,Landkreis Würzburg,49°39′36″N,10°00′00″E,DE.BA.WK,,,,,
DL,Township of Würzburg,Kreisfreie Stadt Würzburg,49°47′00″N,09°56′00″E,DE.BA.WZ,,,,,
Region of Middle Franconia ► Regierungsbezirk Mittelfranken,,,,,,,,,,
DL,County of Ansbach,Landkreis Ansbach,49°19′48″N,10°30′00″E,DE.BA.AB,,,,,
DL,Township of Ansbach,Kreisfreie Stadt Ansbach,49°18′00″N,10°35′00″E,DE.BA.AN,,,,,
DL,Township of Erlangen,Kreisfreie Stadt Erlangen,49°35′28″N,11°01′28″E,DE.BA.EL,,,,,
DL,County of Erlangen-Höchstadt,Landkreis Erlangen-Höchstadt,49°40′12″N,10°49′48″E,DE.BA.EH,,,,,
DL,County of Fürth,Landkreis Fürth,49°25′00″N,10°50′00″E,DE.BA.FK,,,,,
DL,Township of Fürth,Kreisfreie Stadt Fürth,49°28′00″N,11°00′00″E,DE.BA.FU,,,,,
DL,County of Neustadt an der Aisch-Bad Windsheim,Landkreis Neustadt an der Aisch-Bad Windsheim,49°34′48″N,10°30′00″E,DE.BA.NA,,,,,
DL,Township of Nuremberg,Kreisfreie Stadt Nürnberg,49°27′00″N,11°05′00″E,DE.BA.NG,,,,,
DL,County of Nürnberger Land,Landkreis Nürnberger Land,49°30′00″N,11°22′00″E,DE.BA.NL,,,,,
DL,County of Roth,Landkreis Roth,49°15′00″N,11°04′48″E,DE.BA.RH,,,,,
DL,Township of Schwabach,Kreisfreie Stadt Schwabach,49°19′45″N,11°01′15″E,DE.BA.SC,,,,,
DL,County of Weißenburg-Gunzenhausen,Landkreis Weißenburg-Gunzenhausen,49°04′48″N,10°49′48″E,DE.BA.WG,,,,,
Region of Upper Franconia ► Regierungsbezirk Oberfranken,,,,,,,,,,
DL,County of Bamberg,Landkreis Bamberg,49°49′48″N,10°49′48″E,DE.BA.BM,,,,,
DL,Township of Bamberg,Kreisfreie Stadt Bamberg,49°53′30″N,10°53′30″E,DE.BA.BA,,,,,
DL,County of Bayreuth,Landkreis Bayreuth,49°55′12″N,11°30′00″E,DE.BA.BY,,,,,
DL,Township of Bayreuth,Kreisfreie Stadt Bayreuth,49°56′53″N,11°34′42″E,DE.BA.BU,,,,,
DL,County of Coburg,Landkreis Coburg,50°16′00″N,10°55′00″E,DE.BA.CK,,,,,
DL,Township of Coburg,Kreisfreie Stadt Coburg,50°16′00″N,10°58′00″E,DE.BA.CO,,,,,
DL,County of Forchheim,Landkreis Forchheim,49°45′00″N,11°05′00″E,DE.BA.FO,,,,,
DL,County of Hof,Landkreis Hof,50°15′00″N,11°49′48″E,DE.BA.HK,,,,,
DL,Township of Hof (Saale),Kreisfreie Stadt Hof (Saale),50°19′00″N,11°55′00″E,DE.BA.HO,,,,,
DL,County of Kronach,Landkreis Kronach,50°19′48″N,11°19′48″E,DE.BA.KR,,,,,
DL,County of Kulmbach,Landkreis Kulmbach,50°04′48″N,11°30′00″E,DE.BA.KU,,,,,
DL,County of Lichtenfels,Landkreis Lichtenfels,50°10′12″N,11°04′48″E,DE.BA.LI,,,,,
DL,County of Wunsiedel im Fichtelgebirge,Landkreis Wunsiedel im Fichtelgebirge,50°04′48″N,12°04′48″E,DE.BA.WU,,,,,
Region of Upper Palatinate ► Regierungsbezirk Oberpfalz,,,,,,,,,,
DL,Township of Amberg,Kreisfreie Stadt Amberg,49°26′40″N,11°50′54″E,DE.BA.AM,,,,,
DL,County of Amberg-Sulzbach,Landkreis Amberg-Sulzbach,49°30′00″N,11°45′00″E,DE.BA.AS,,,,,
DL,County of Cham,Landkreis Cham,49°15′00″N,12°40′12″E,DE.BA.CH,,,,,
DL,County of Neumarkt in der Oberpfalz,Landkreis Neumarkt in der Oberpfalz,49°15′00″N,11°30′00″E,DE.BA.NO,,,,,
DL,County of Neustadt an der Waldnaab,Landkreis Neustadt an der Waldnaab,49°40′12″N,12°00′00″E,DE.BA.NW,,,,,
DL,County of Regensburg,Landkreis Regensburg,49°04′48″N,12°10′12″E,DE.BA.RB,,,,,
DL,Township of Regensburg,Kreisfreie Stadt Regensburg,49°01′00″N,12°05′00″E,DE.BA.RU,,,,,
DL,County of Schwandorf,Landkreis Schwandorf,49°19′48″N,12°10′12″E,DE.BA.SH,,,,,
DL,County of Tirschenreuth,Landkreis Tirschenreuth,49°49′48″N,12°19′48″E,DE.BA.TI,,,,,
DL,Township of Weiden in der Oberpfalz,Kreisfreie Stadt Weiden in der Oberpfalz,49°40′00″N,12°09′00″E,DE.BA.WO,,,,,
Region of Swabia ► Regierungsbezirk Schwaben,,,,,,,,,,
DL,County of Aichach-Friedberg,Landkreis Aichach-Friedberg,48°25′12″N,11°04′48″E,DE.BA.AF,,,,,
DL,County of Augsburg,Landkreis Augsburg,48°25′12″N,10°49′48″E,DE.BA.AU,,,,,
DL,Township of Augsburg,Kreisfreie Stadt Augsburg,48°22′00″N,10°54′00″E,DE.BA.AG,,,,,
DL,County of Dillingen an der Donau,Landkreis Dillingen an der Donau,48°34′48″N,10°25′12″E,DE.BA.DD,,,,,
DL,County of Donau-Ries,Landkreis Donau-Ries,48°49′48″N,10°40′12″E,DE.BA.DR,,,,,
DL,County of Günzburg,Landkreis Günzburg,48°19′48″N,10°19′48″E,DE.BA.GU,,,,,
DL,Township of Kaufbeuren,Kreisfreie Stadt Kaufbeuren,47°52′48″N,10°37′21″E,DE.BA.KB,,,,,
DL,Township of Kempten im Allgäu,Kreisfreie Stadt Kempten im Allgäu,47°44′00″N,10°19′00″E,DE.BA.KA,,,,,
DL,County of Lindau (Bodensee),Landkreis Lindau (Bodensee),47°34′48″N,09°45′00″E,DE.BA.LU,,,,,
DL,Township of Memmingen,Kreisfreie Stadt Memmingen,47°59′16″N,10°10′52″E,DE.BA.MM,,,,,
DL,County of Neu-Ulm,Landkreis Neu-Ulm,48°20′00″N,10°10′00″E,DE.BA.NU,,,,,
DL,County of Oberallgäu,Landkreis Oberallgäu,47°34′48″N,10°15′00″E,DE.BA.OB,,,,,
DL,County of Ostallgäu,Landkreis Ostallgäu,47°45′00″N,10°34′48″E,DE.BA.OS,,,,,
DL,County of Unterallgäu,Landkreis Unterallgäu,48°00′00″N,10°30′00″E,DE.BA.UN,,,,,
City State of Berlin ► Stadtstaat Berlin,,,,,,,,,,
DL,Borough of Charlottenburg and Wilmersdorf,Bezirk Charlottenburg-Wilmersdorf,52°29′56″N,13°17′06″E,DE.BE.CW,,,,,
DL,Borough of Friedrichshain and Kreuzberg,Bezirk Friedrichshain-Kreuzberg,52°30′00″N,13°26′00″E,DE.BE.FK,,,,,
DL,Borough of Lichtenberg,Bezirk Lichtenberg,52°32′00″N,13°30′00″E,DE.BE.LB,,,,,
DL,Borough of Marzahn and Hellersdorf,Bezirk Marzahn-Hellersdorf,52°32′23″N,13°35′03″E,DE.BE.MH,,,,,
DL,Borough of Mitte (Middle),Bezirk Mitte,52°31′00″N,13°22′00″E,DE.BE.MT,,,,,
DL,Borough of Neukölln,Bezirk Neukölln,52°29′00″N,13°27′00″E,DE.BE.NK,,,,,
DL,Borough of Pankow,Bezirk Pankow,52°34′08″N,13°24′08″E,DE.BE.PA,,,,,
DL,Borough of Reinickendorf,Bezirk Reinickendorf,52°34′00″N,13°21′00″E,DE.BE.RD,,,,,
DL,Borough of Spandau,Bezirk Spandau,52°32′00″N,13°10′00″E,DE.BE.SU,,,,,
DL,Borough of Steglitz and Zehlendorf,Bezirk Steglitz-Zehlendorf,52°26′00″N,13°15′00″E,DE.BE.SZ,,,,,
DL,Borough of Tempelhof and Schöneberg,Bezirk Tempelhof-Schöneberg,52°28′00″N,13°23′00″E,DE.BE.TS,,,,,
DL,Borough of Treptow and Köpenick,Bezirk Treptow-Köpenick,52°27′00″N,13°34′00″E,DE.BE.TK,,,,,
State of Brandenburg ► Land Brandenburg,,,,,,,,,,
DL,County of Barnim,Landkreis Barnim,52°50′00″N,13°45′00″E,DE.BB.BA,,,,,
DL,Township of Brandenburg an der Havel,Kreisfreie Stadt Brandenburg an der Havel,52°25′00″N,12°32′00″E,DE.BB.BH,,,,,
DL,Township of Cottbus,Kreisfreie Stadt Cottbus,51°45′38″N,14°20′03″E,DE.BB.CO,,,,,
DL,County of Dahme-Spreewald,Landkreis Dahme-Spreewald,52°02′00″N,13°54′00″E,DE.BB.DS,,,,,
DL,County of Elbe-Elster,Landkreis Elbe-Elster,51°36′00″N,13°26′00″E,DE.BB.EE,,,,,
DL,Township of Frankfurt (Oder),Kreisfreie Stadt Frankfurt (Oder),52°21′00″N,14°33′00″E,DE.BB.FR,,,,,
DL,County of Havelland,Landkreis Havelland,52°38′00″N,12°38′00″E,DE.BB.HA,,,,,
DL,County of Märkisch-Oderland,Landkreis Märkisch-Oderland,52°38′00″N,14°08′00″E,DE.BB.MO,,,,,
DL,County of Oberhavel,Landkreis Oberhavel,52°53′00″N,13°15′00″E,DE.BB.OB,,,,,
DL,County of Oberspreewald-Lausitz,Landkreis Oberspreewald-Lausitz,51°35′00″N,14°00′00″E,DE.BB.OL,,,,,
DL,County of Oder-Spree,Landkreis Oder-Spree,52°13′00″N,14°17′00″E,DE.BB.OS,,,,,
DL,County of Ostprignitz-Ruppin,Landkreis Ostprignitz-Ruppin,52°58′00″N,12°40′00″E,DE.BB.OR,,,,,
DL,Township of Potsdam,Kreisfreie Stadt Potsdam,52°24′00″N,13°04′00″E,DE.BB.PO,,,,,
DL,County of Potsdam-Mittelmark,Landkreis Potsdam-Mittelmark,52°12′00″N,12°45′00″E,DE.BB.PM,,,,,
DL,County of Prignitz,Landkreis Prignitz,53°00′00″N,12°00′00″E,DE.BB.PZ,,,,,
DL,County of Spree-Neiße,Landkreis Spree-Neiße,51°41′00″N,14°24′00″E,DE.BB.SN,,,,,
DL,County of Teltow-Fläming,Landkreis Teltow-Fläming,52°05′00″N,13°18′00″E,DE.BB.TF,,,,,
DL,County of Uckermark,Landkreis Uckermark,53°15′00″N,13°52′00″E,DE.BB.UM,,,,,
Free Hanseatic City of Bremen ► Freie Hansestadt Bremen,,,,,,,,,,
DL,City of Bremen,Stadtgemeinde Bremen,53°04′33″N,08°48′27″E,DE.BR.BM,,,,,
DL,City of Bremerhaven,Stadt Bremerhaven,53°33′00″N,08°35′00″E,DE.BR.BH,,,,,
Free and Hanseatic City of Hamburg ► Freie und Hansestadt Hamburg,,,,,,,,,,
DL,Borough of Altona,Bezirk Altona,53°33′00″N,09°56′00″E,DE.HA.AL,,,,,
DL,Borough of Bergedorf,Bezirk Bergedorf,53°29′00″N,10°12′00″E,DE.HA.BE,,,,,
DL,Borough of Eimsbüttel,Bezirk Eimsbüttel,53°34′28″N,09°57′34″E,DE.HA.EI,,,,,
DL,Borough of Central Hamburg,Bezirk Hamburg-Mitte,53°33′01″N,09°59′39″E,DE.HA.HM,,,,,
DL,Borough of North Hamburg,Bezirk Hamburg-Nord,53°35′37″N,10°00′00″E,DE.HA.HN,,,,,
DL,Borough of Harburg,Bezirk Harburg,53°28′00″N,09°59′00″E,DE.HA.HB,,,,,
DL,Borough of Wandsbek,Bezirk Wandsbek,53°34′55″N,10°05′03″E,DE.HA.WA,,,,,
Exceptional Territories of the Free and Hanseatic City of Hamburg,,,,,,,,,,
DL,Neuwerk Island (Including Scharhörn and Nigehörn Islands),Insel Neuwerk,53°55′16″N,08°30′02″E,DE.DX.NW,,,,,
DL,Vltava Port (Leased Area to the Czech Republic),Moldauhafen,53°31′44″N,10°00′54″E,DE.DX.MH,,,,,
State of Hesse (Hessia) ► Land Hessen,,,,,,,,,,
Region of Darmstadt ► Regierungsbezirk Darmstadt,,,,,,,,,,
DL,County of Bergstraße,Kreis Bergstraße,49°40′12″N,08°40′12″E,DE.HE.BE,,,,,
DL,Township of Darmstadt,Kreisfreie Stadt Darmstadt,49°52′00″N,08°39′00″E,DE.HE.DA,,,,,
DL,County of Darmstadt-Dieburg,Landkreis Darmstadt-Dieburg,49°55′12″N,08°49′48″E,DE.HE.DD,,,,,
DL,Township of Frankfurt am Main,Kreisfreie Stadt Frankfurt am Main,50°06′37″N,08°40′56″E,DE.HE.FM,,,,,
DL,County of Groß-Gerau,Kreis Groß-Gerau,50°00′00″N,08°25′12″E,DE.HE.GG,,,,,
DL,County of Hochtaunus,Hochtaunuskreis,50°17′00″N,08°31′00″E,DE.HE.HT,,,,,
DL,County of Main-Kinzig,Main-Kinzig-Kreis,50°15′00″N,09°18′00″E,DE.HE.MK,,,,,
DL,County of Main-Taunus,Main-Taunus-Kreis,50°07′00″N,08°26′00″E,DE.HE.MT,,,,,
DL,County of Odenwald,Odenwaldkreis,49°41′00″N,09°00′00″E,DE.HE.OD,,,,,
DL,County of Offenbach,Landkreis Offenbach,50°05′00″N,08°47′00″E,DE.HE.OF,,,,,
DL,Township of Offenbach am Main,Kreisfreie Stadt Offenbach am Main,50°06′00″N,08°48′00″E,DE.HE.OM,,,,,
DL,County of Rheingau-Taunus,Rheingau-Taunus-Kreis,50°10′00″N,08°04′00″E,DE.HE.RT,,,,,
DL,County of Wetterau,Wetteraukreis,50°22′00″N,08°55′00″E,DE.HE.WE,,,,,
DL,Township of Wiesbaden,Kreisfreie Stadt Wiesbaden,50°05′00″N,08°15′00″E,DE.HE.WI,,,,,
Region of Gießen ► Regierungsbezirk Gießen,,,,,,,,,,
DL,County of Gießen,Landkreis Gießen,50°34′48″N,08°45′00″E,DE.HE.GI,,,,,
DL,County of Lahn-Dill,Lahn-Dill-Kreis,50°39′00″N,08°22′00″E,DE.HE.LD,,,,,
DL,County of Limburg-Weilburg,Landkreis Limburg-Weilburg,50°25′12″N,08°10′12″E,DE.HE.LW,,,,,
DL,County of Marburg-Biedenkopf,Landkreis Marburg-Biedenkopf,50°49′12″N,08°45′00″E,DE.HE.MB,,,,,
DL,County of Vogelsberg,Vogelsbergkreis,50°39′00″N,09°16′00″E,DE.HE.VO,,,,,
Region of Kassel ► Regierungsbezirk Kassel,,,,,,,,,,
DL,County of Fulda,Landkreis Fulda,50°30′00″N,09°40′12″E,DE.HE.FU,,,,,
DL,County of Hersfeld-Rotenburg,Landkreis Hersfeld-Rotenburg,50°55′12″N,09°45′00″E,DE.HE.HR,,,,,
DL,County of Kassel,Landkreis Kassel,51°25′12″N,09°30′00″E,DE.HE.KK,,,,,
DL,Township of Kassel,Kreisfreie Stadt Kassel,51°19′00″N,09°30′00″E,DE.HE.KA,,,,,
DL,County of Schwalm-Eder,Schwalm-Eder-Kreis,51°02′00″N,09°22′00″E,DE.HE.SE,,,,,
DL,County of Waldeck-Frankenberg,Landkreis Waldeck-Frankenberg,51°10′12″N,08°49′48″E,DE.HE.WF,,,,,
DL,County of Werra-Meißner,Werra-Meißner-Kreis,51°12′00″N,09°56′00″E,DE.HE.WM,,,,,
State of Mecklenburg-Western Pomerania ► Land Mecklenburg-Vorpommern,,,,,,,,,,
DL,Township of Rostock,Kreisfreie Stadt Rostock,54°05′00″N,12°08′00″E,DE.MV.RO,,,,,
DL,Township of Schwerin,Kreisfreie Stadt Schwerin,53°38′00″N,11°25′00″E,DE.MV.SW,,,,,
DL,County of Ludwigslust-Parchim,Landkreis Ludwigslust-Parchim,53°30′00″N,11°55′12″E,DE.MV.LP,,,,,
DL,County of Mecklenburg Lake District,Landkreis Mecklenburgische Seenplatte,53°40′00″N,12°58′00″E,DE.MV.MS,,,,,
DL,County of Northwestern Mecklenburg,Landkreis Nordwestmecklenburg,53°49′48″N,11°10′12″E,DE.MV.NM,,,,,
DL,County of Rostock,Landkreis Rostock,53°53′00″N,12°50′00″E,DE.MV.LR,,,,,
DL,County of Vorpommern-Greifswald,Landkreis Vorpommern-Greifswald,53°55′48″N,13°40′12″E,DE.MV.VG,,,,,
DL,County of Vorpommern-Rügen,Landkreis Vorpommern-Rügen,54°10′12″N,12°49′48″E,DE.MV.VR,,,,,
State of Lower Saxony ► Land Niedersachsen,,,,,,,,,,
DL,County of Ammerland,Landkreis Ammerland,53°15′00″N,07°55′12″E,DE.NS.AM,,,,,
DL,County of Aurich,Landkreis Aurich,53°30′00″N,07°19′48″E,DE.NS.AU,,,,,
DL,Township of Brunswick,Kreisfreie Stadt Braunschweig,52°16′09″N,10°31′16″E,DE.NS.BU,,,,,
DL,County of Celle,Landkreis Celle,52°34′48″N,10°04′48″E,DE.NS.CE,,,,,
DL,County of Cloppenburg,Landkreis Cloppenburg,52°49′48″N,08°00′00″E,DE.NS.CL,,,,,
DL,County of Cuxhaven,Landkreis Cuxhaven,53°40′12″N,08°49′48″E,DE.NS.CU,,,,,
DL,Township of Delmenhorst,Kreisfreie Stadt Delmenhorst,53°03′02″N,08°37′54″E,DE.NS.DE,,,,,
DL,County of Diepholz,Landkreis Diepholz,52°40′12″N,08°34′48″E,DE.NS.DI,,,,,
DL,Township of Emden,Kreisfreie Stadt Emden,53°22′20″N,07°12′24″E,DE.NS.EM,,,,,
DL,County of Emsland,Landkreis Emsland,52°40′12″N,07°15′00″E,DE.NS.EL,,,,,
DL,County of Friesland,Landkreis Friesland,53°30′00″N,08°00′00″E,DE.NS.FL,,,,,
DL,County of Gifhorn,Landkreis Gifhorn,52°29′00″N,10°33′00″E,DE.NS.GF,,,,,
DL,County of Goslar,Landkreis Goslar,51°54′38″N,10°25′16″E,DE.NS.GO,,,,,
DL,County of Göttingen,Landkreis Göttingen,51°30′00″N,09°55′12″E,DE.NS.GT,,,,,
DL,County of Grafschaft Bentheim,Landkreis Grafschaft Bentheim,52°25′12″N,07°04′48″E,DE.NS.GB,,,,,
DL,County of Hamelin-Pyrmont,Landkreis Hameln-Pyrmont,52°04′48″N,09°19′48″E,DE.NS.HP,,,,,
DL,Region of Hanover,Region Hannover,52°22′00″N,09°43′00″E,DE.NS.HA,,,,,
DL,County of Harburg,Landkreis Harburg,53°19′48″N,10°04′48″E,DE.NS.HB,,,,,
DL,County of Heide,Heidekreis,52°55′12″N,09°45′00″E,DE.NS.HD,,,,,
DL,County of Helmstedt,Landkreis Helmstedt,52°15′00″N,10°55′12″E,DE.NS.HE,,,,,
DL,County of Hildesheim,Landkreis Hildesheim,52°04′48″N,09°55′12″E,DE.NS.HL,,,,,
DL,County of Holzminden,Landkreis Holzminden,51°49′48″N,09°30′00″E,DE.NS.HO,,,,,
DL,County of Leer,Landkreis Leer,53°15′00″N,07°30′00″E,DE.NS.LE,,,,,
DL,County of Lüchow-Dannenberg,Landkreis Lüchow-Dannenberg,53°00′00″N,11°10′12″E,DE.NS.LD,,,,,
DL,County of Lüneburg,Landkreis Lüneburg,53°15′00″N,10°30′00″E,DE.NS.LU,,,,,
DL,County of Nienburg,Landkreis Nienburg/Weser,52°40′12″N,09°10′12″E,DE.NS.NI,,,,,
DL,County of Northeim,Landkreis Northeim,51°45′00″N,09°49′48″E,DE.NS.NO,,,,,
DL,County of Oldenburg,Landkreis Oldenburg,53°00′00″N,08°25′12″E,DE.NS.OK,,,,,
DL,Township of Oldenburg,Kreisfreie Stadt Oldenburg,53°08′38″N,08°12′50″E,DE.NS.OL,,,,,
DL,County of Osnabrück,Landkreis Osnabrück,52°19′48″N,08°10′12″E,DE.NS.OS,,,,,
DL,Township of Osnabrück,Kreisfreie Stadt Osnabrück,52°16′44″N,08°02′35″E,DE.NS.OB,,,,,
DL,County of Osterholz,Landkreis Osterholz,53°15′00″N,08°49′48″E,DE.NS.OZ,,,,,
DL,County of Osterode am Harz,Landkreis Osterode am Harz,51°40′12″N,10°19′48″E,DE.NS.OH,,,,,
DL,County of Peine,Landkreis Peine,52°19′48″N,10°15′00″E,DE.NS.PE,,,,,
DL,County of Rotenburg (Wümme),Landkreis Rotenburg (Wümme),53°15′00″N,09°19′48″E,DE.NS.RO,,,,,
DL,Township of Salzgitter,Kreisfreie Stadt Salzgitter,52°09′00″N,10°20′00″E,DE.NS.SA,,,,,
DL,County of Schaumburg,Landkreis Schaumburg,52°15′00″N,09°10′12″E,DE.NS.SB,,,,,
DL,County of Stade,Landkreis Stade,53°34′48″N,09°25′12″E,DE.NS.ST,,,,,
DL,County of Uelzen,Landkreis Uelzen,53°00′00″N,10°34′48″E,DE.NS.UE,,,,,
DL,County of Vechta,Landkreis Vechta,52°40′12″N,08°15′00″E,DE.NS.VE,,,,,
DL,County of Verden,Landkreis Verden,53°00′00″N,09°10′12″E,DE.NS.VD,,,,,
DL,County of Wesermarsch,Landkreis Wesermarsch,53°19′48″N,08°19′48″E,DE.NS.WE,,,,,
DL,Township of Wilhelmshaven,Kreisfreie Stadt Wilhelmshaven,53°31′00″N,08°08′00″E,DE.NS.WI,,,,,
DL,County of Wittmund,Landkreis Wittmund,53°34′48″N,07°45′00″E,DE.NS.WT,,,,,
DL,County of Wolfenbüttel,Landkreis Wolfenbüttel,52°10′00″N,10°35′00″E,DE.NS.WO,,,,,
DL,Township of Wolfsburg,Kreisfreie Stadt Wolfsburg,52°25′23″N,10°47′14″E,DE.NS.WB,,,,,
Exceptional Territories of the State of Lower Saxony,,,,,,,,,,
DL,Kachelot Plate (Unincorporated Area),Kachelotplate (Gemeindefreies Gebiet),53°38′42″N,06°49′08″E,DE.DX.KP,,,,,
State of North Rhine-Westphalia ► Land Nordrhein-Westfalen,,,,,,,,,,
Region of Arnsberg ► Regierungsbezirk Arnsberg,,,,,,,,,,
DL,Township of Bochum,Kreisfreie Stadt Bochum,51°28′55″N,07°12′57″E,DE.NW.BO,,,,,
DL,Township of Dortmund,Kreisfreie Stadt Dortmund,51°31′00″N,07°28′00″E,DE.NW.DO,,,,,
DL,County of Ennepe-Ruhr,Ennepe-Ruhr-Kreis,51°21′00″N,07°18′00″E,DE.NW.ER,,,,,
DL,Township of Hagen,Kreisfreie Stadt Hagen,51°22′00″N,07°29′00″E,DE.NW.HA,,,,,
DL,Township of Hamm,Kreisfreie Stadt Hamm,51°40′57″N,07°49′13″E,DE.NW.HM,,,,,
DL,Township of Herne,Kreisfreie Stadt Herne,51°33′00″N,07°13′00″E,DE.NW.HE,,,,,
DL,County of Higher Sauerland,Hochsauerlandkreis,51°15′00″N,08°19′48″E,DE.NW.HL,,,,,
DL,County of Mark,Märkischer Kreis,51°13′30″N,07°36′52″E,DE.NW.MK,,,,,
DL,County of Olpe,Kreis Olpe,51°04′48″N,08°00′00″E,DE.NW.OL,,,,,
DL,County of Siegen-Wittgenstein,Kreis Siegen-Wittgenstein,50°55′12″N,08°10′12″E,DE.NW.SW,,,,,
DL,County of Soest,Kreis Soest,51°34′48″N,08°15′00″E,DE.NW.SO,,,,,
DL,County of Unna,Kreis Unna,51°34′48″N,07°40′12″E,DE.NW.UN,,,,,
Region of Detmold ► Regierungsbezirk Detmold,,,,,,,,,,
DL,Township of Bielefeld,Kreisfreie Stadt Bielefeld,52°01′00″N,08°31′00″E,DE.NW.BF,,,,,
DL,County of Gütersloh,Kreis Gütersloh,51°55′00″N,08°20′00″E,DE.NW.GU,,,,,
DL,County of Herford,Kreis Herford,52°10′00″N,08°35′00″E,DE.NW.HF,,,,,
DL,County of Höxter,Kreis Höxter,51°40′00″N,09°15′00″E,DE.NW.HX,,,,,
DL,County of Lippe,Kreis Lippe,52°00′00″N,08°55′00″E,DE.NW.LP,,,,,
DL,County of Minden-Lübbecke,Kreis Minden-Lübbecke,52°23′57″N,08°43′04″E,DE.NW.ML,,,,,
DL,County of Paderborn,Kreis Paderborn,51°42′36″N,08°44′24″E,DE.NW.PA,,,,,
Region of Düsseldorf ► Regierungsbezirk Düsseldorf,,,,,,,,,,
DL,Township of Duisburg,Kreisfreie Stadt Duisburg,51°26′00″N,06°46′00″E,DE.NW.DB,,,,,
DL,Township of Düsseldorf,Kreisfreie Stadt Düsseldorf,51°14′00″N,06°47′00″E,DE.NW.DU,,,,,
DL,Township of Essen,Kreisfreie Stadt Essen,51°27′03″N,07°00′47″E,DE.NW.ES,,,,,
DL,County of Cleves,Kreis Kleve,51°40′00″N,06°15′00″E,DE.NW.KL,,,,,
DL,Township of Krefeld (Crefeld),Kreisfreie Stadt Krefeld,51°20′00″N,06°34′00″E,DE.NW.KR,,,,,
DL,County of Mettmann,Kreis Mettmann,51°15′00″N,07°00′00″E,DE.NW.ME,,,,,
DL,Township of Mönchengladbach,Kreisfreie Stadt Mönchengladbach,51°12′00″N,06°26′00″E,DE.NW.MO,,,,,
DL,Township of Mülheim an der Ruhr,Kreisfreie Stadt Mülheim an der Ruhr,51°26′00″N,06°53′00″E,DE.NW.MR,,,,,
DL,County of Neuss,Rhein-Kreis Neuss,51°10′12″N,06°40′12″E,DE.NW.RN,,,,,
DL,Township of Oberhausen,Kreisfreie Stadt Oberhausen,51°33′00″N,06°51′00″E,DE.NW.OH,,,,,
DL,Township of Remscheid,Kreisfreie Stadt Remscheid,51°11′00″N,07°12′00″E,DE.NW.RM,,,,,
DL,Township of Solingen,Kreisfreie Stadt Solingen,51°10′00″N,07°05′00″E,DE.NW.SG,,,,,
DL,County of Viersen,Kreis Viersen,51°16′12″N,06°24′00″E,DE.NW.VS,,,,,
DL,County of Wesel,Kreis Wesel,51°40′12″N,06°40′12″E,DE.NW.WE,,,,,
DL,Township of Wuppertal,Kreisfreie Stadt Wuppertal,51°16′00″N,07°11′00″E,DE.NW.WU,,,,,
Region of Cologne ► Regierungsbezirk Köln,,,,,,,,,,
DL,Urban Region of Aachen (Aix-la-Chapelle),Städteregion Aachen,50°45′00″N,06°15′00″E,DE.NW.AH,,,,,
DL,Township of Bonn,Kreisfreie Stadt Bonn,50°44′02″N,07°05′59″E,DE.NW.BN,,,,,
DL,County of Düren,Kreis Düren,50°49′48″N,06°30′00″E,DE.NW.DR,,,,,
DL,County of Euskirchen,Kreis Euskirchen,50°30′00″N,06°40′12″E,DE.NW.EK,,,,,
DL,County of Heinsberg,Kreis Heinsberg,51°00′00″N,06°10′12″E,DE.NW.HB,,,,,
DL,Township of Cologne,Kreisfreie Stadt Köln,50°57′00″N,06°58′00″E,DE.NW.KO,,,,,
DL,Township of Leverkusen,Kreisfreie Stadt Leverkusen,51°02′00″N,06°59′00″E,DE.NW.LK,,,,,
DL,County of Upper Berg,Oberbergischer Kreis,51°02′00″N,07°31′00″E,DE.NW.OB,,,,,
DL,County of Rhine-Erft,Rhein-Erft-Kreis,50°55′12″N,06°40′12″E,DE.NW.RE,,,,,
DL,County of Rhine-Sieg,Kreis Rhein-Sieg,50°45′00″N,07°15′00″E,DE.NW.RS,,,,,
DL,County of Rhine-Berg,Rheinisch-Bergischer Kreis,51°01′00″N,07°12′00″E,DE.NW.RB,,,,,
Region of Münster ► Regierungsbezirk Münster,,,,,,,,,,
DL,County of Borken,Kreis Borken,51°55′00″N,06°55′00″E,DE.NW.BK,,,,,
DL,Township of Bottrop,Kreisfreie Stadt Bottrop,51°31′29″N,06°55′22″E,DE.NW.BT,,,,,
DL,County of Coesfeld,Kreis Coesfeld,51°52′00″N,07°23′00″E,DE.NW.CF,,,,,
DL,Township of Gelsenkirchen,Kreisfreie Stadt Gelsenkirchen,51°31′00″N,07°06′00″E,DE.NW.GK,,,,,
DL,Township of Münster,Kreisfreie Stadt Münster,51°57′46″N,07°37′43″E,DE.NW.MU,,,,,
DL,County of Recklinghausen,Kreis Recklinghausen,51°40′12″N,07°10′12″E,DE.NW.RH,,,,,
DL,County of Steinfurt,Kreis Steinfurt,52°10′12″N,07°40′12″E,DE.NW.SF,,,,,
DL,County of Warendorf,Kreis Warendorf,51°55′12″N,07°55′12″E,DE.NW.WD,,,,,
State of Rhineland-Palatinate ► Land Rheinland-Pfalz,,,,,,,,,,
DL,County of Ahrweiler,Landkreis Ahrweiler,50°32′00″N,07°05′00″E,DE.RP.AH,,,,,
DL,County of Altenkirchen (Westerwald),Landkreis Altenkirchen (Westerwald),50°45′00″N,07°45′00″E,DE.RP.AK,,,,,
DL,County of Alzey-Worms,Landkreis Alzey-Worms,49°40′12″N,08°15′00″E,DE.RP.AW,,,,,
DL,County of Bad Dürkheim,Landkreis Bad Dürkheim,49°30′00″N,08°10′12″E,DE.RP.BD,,,,,
DL,County of Bad Kreuznach,Landkreis Bad Kreuznach,49°49′48″N,07°49′48″E,DE.RP.BK,,,,,
DL,County of Bernkastel-Wittlich,Landkreis Bernkastel-Wittlich,49°59′13″N,06°53′23″E,DE.RP.BW,,,,,
DL,County of Birkenfeld,Landkreis Birkenfeld,49°40′12″N,07°19′48″E,DE.RP.BF,,,,,
DL,County of Cochem-Zell,Landkreis Cochem-Zell,50°10′12″N,07°10′12″E,DE.RP.CZ,,,,,
DL,County of Donnersberg,Donnersbergkreis,49°38′00″N,07°55′00″E,DE.RP.DB,,,,,
DL,County of Bitburg-Prüm,Eifelkreis Bitburg-Prüm,50°00′00″N,06°25′12″E,DE.RP.EB,,,,,
DL,Township of Frankenthal (Palatinate),Kreisfreie Stadt Frankenthal (Pfalz),49°32′00″N,08°21′00″E,DE.RP.FR,,,,,
DL,County of Germersheim,Landkreis Germersheim,49°04′48″N,08°15′00″E,DE.RP.GH,,,,,
DL,County of Kaiserslautern,Landkreis Kaiserslautern,49°30′00″N,07°40′12″E,DE.RP.KK,,,,,
DL,Township of Kaiserslautern,Kreisfreie Stadt Kaiserslautern,49°26′41″N,07°46′08″E,DE.RP.KS,,,,,
DL,Township of Koblenz (Coblence),Kreisfreie Stadt Koblenz,50°21′35″N,07°35′52″E,DE.RP.KO,,,,,
DL,County of Kusel,Landkreis Kusel,49°34′48″N,07°30′00″E,DE.RP.KU,,,,,
DL,Township of Landau in der Pfalz,Kreisfreie Stadt Landau in der Pfalz,49°11′58″N,08°07′23″E,DE.RP.LP,,,,,
DL,Township of Ludwigshafen am Rhein,Kreisfreie Stadt Ludwigshafen am Rhein,49°28′52″N,08°26′07″E,DE.RP.LR,,,,,
DL,Township of Mainz (Mayence),Kreisfreie Stadt Mainz,50°00′00″N,08°16′16″E,DE.RP.MA,,,,,
DL,County of Mainz-Bingen,Landkreis Mainz-Bingen,49°55′12″N,08°04′48″E,DE.RP.MB,,,,,
DL,County of Mayen-Koblenz,Landkreis Mayen-Koblenz,50°19′48″N,07°19′48″E,DE.RP.MK,,,,,
DL,Township of Neustadt an der Weinstraße,Kreisfreie Stadt Neustadt an der Weinstraße,49°21′00″N,08°09′00″E,DE.RP.NW,,,,,
DL,County of Neuwied,Landkreis Neuwied,50°30′00″N,07°30′00″E,DE.RP.NE,,,,,
DL,Township of Pirmasens,Kreisfreie Stadt Pirmasens,49°12′00″N,07°36′00″E,DE.RP.PI,,,,,
DL,County of Rhein-Hunsrück (Rhine- Hunsrück),Rhein-Hunsrück-Kreis,50°04′48″N,07°30′00″E,DE.RP.RH,,,,,
DL,County of Rhein-Lahn (Rhine-Lahn),Rhein-Lahn-Kreis,50°16′00″N,07°52′00″E,DE.RP.RL,,,,,
DL,County of Rhein-Pfalz (Rhine-Palatinate),Rhein-Pfalz-Kreis,49°25′12″N,08°19′48″E,DE.RP.RP,,,,,
DL,Township of Speyer (Spires),Kreisfreie Stadt Speyer,49°19′10″N,08°25′52″E,DE.RP.SP,,,,,
DL,County of Südliche Weinstraße,Landkreis Südliche Weinstraße,49°10′12″N,08°00′00″E,DE.RP.SW,,,,,
DL,County of Südwestpfalz (Southwest Palatinate),Landkreis Südwestpfalz,49°12′00″N,07°35′00″E,DE.RP.SU,,,,,
DL,Township of Trier (Trèves),Kreisfreie Stadt Trier,49°45′24″N,06°38′29″E,DE.RP.TR,,,,,
DL,County of Trier-Saarburg,Landkreis Trier-Saarburg,49°40′12″N,06°40′12″E,DE.RP.TS,,,,,
DL,County of Vulkaneifel,Landkreis Vulkaneifel,50°15′00″N,06°45′00″E,DE.RP.VE,,,,,
DL,County of Westerwald,Westerwaldkreis,50°31′00″N,07°52′00″E,DE.RP.WW,,,,,
DL,Township of Worms,Kreisfreie Stadt Worms,49°37′55″N,08°21′55″E,DE.RP.WO,,,,,
DL,Township of Zweibrücken,Kreisfreie Stadt Zweibrücken,49°14′58″N,07°21′39″E,DE.RP.ZB,,,,,
State of Saar ► Saarland,,,,,,,,,,
DL,County of Merzig-Wadern,Landkreis Merzig-Wadern,49°30′00″N,06°45′00″E,DE.SL.MW,,,,,
DL,County of Neunkirchen,Landkreis Neunkirchen,49°19′48″N,07°10′12″E,DE.SL.NK,,,,,
DL,United Region of Saarbrücken,Regionalverband Saarbrücken,49°15′00″N,07°00′00″E,DE.SL.SB,,,,,
DL,County of Saarlouis,Landkreis Saarlouis,49°19′48″N,06°45′00″E,DE.SL.SL,,,,,
DL,County of Saar-Palatinate,Saarpfalz-Kreis,49°15′00″N,07°15′00″E,DE.SL.SP,,,,,
DL,County of Saint Wendel,Landkreis Sankt Wendel,49°30′00″N,07°10′12″E,DE.SL.SW,,,,,
Free State of Saxony ► Freistaat Sachsen,,,,,,,,,,
Region of Chemnitz ► Direktionsbezirk Chemnitz,,,,,,,,,,
DL,Township of Chemnitz,Kreisfreie Stadt Chemnitz,50°50′00″N,12°55′00″E,DE.SN.CH,,,,,
DL,County of Ore Mountains,Erzgebirgskreis,50°36′00″N,12°57′00″E,DE.SN.EG,,,,,
DL,County of Middle Saxony,Landkreis Mittelsachsen,50°55′00″N,13°11′00″E,DE.SN.MS,,,,,
DL,County of Vogtland,Vogtlandkreis,50°26′00″N,12°16′00″E,DE.SN.VL,,,,,
DL,County of Zwickau,Landkreis Zwickau,50°45′00″N,12°30′00″E,DE.SN.ZW,,,,,
Region of Dresden ► Direktionsbezirk Dresden,,,,,,,,,,
DL,County of Bautzen,Landkreis Bautzen,51°17′00″N,14°16′00″E,DE.SN.BA,,,,,
DL,Township of Dresden,Kreisfreie Stadt Dresden,51°02′00″N,13°44′00″E,DE.SN.DR,,,,,
DL,County of Görlitz,Landkreis Görlitz,51°10′00″N,14°50′00″E,DE.SN.GO,,,,,
DL,County of Meißen,Landkreis Meißen,51°13′00″N,13°31′00″E,DE.SN.ME,,,,,
DL,County of Saxon Switzerland and Eeast Ore Mountains,Landkreis Sächsische Schweiz-Osterzgebirge,50°54′00″N,13°50′00″E,DE.SN.SO,,,,,
Region of Leipzig ► Direktionsbezirk Leipzig,,,,,,,,,,
DL,County of Leipzig,Landkreis Leipzig,51°11′00″N,12°36′00″E,DE.SN.LK,,,,,
DL,Township of Leipzig,Kreisfreie Stadt Leipzig,51°20′00″N,12°23′00″E,DE.SN.LE,,,,,
DL,County of North Saxony,Landkreis Nordsachsen,51°30′00″N,12°45′00″E,DE.SN.NS,,,,,
State of Saxony-Anhalt ► Land Sachsen-Anhalt,,,,,,,,,,
DL,County of Altmark Salzwedel,Altmarkkreis Salzwedel,52°41′00″N,11°13′00″E,DE.SA.AS,,,,,
DL,County of Anhalt-Bitterfeld,Landkreis Anhalt-Bitterfeld,51°43′00″N,12°04′00″E,DE.SA.AB,,,,,
DL,County of Börde,Landkreis Börde,52°10′00″N,11°20′00″E,DE.SA.BO,,,,,
DL,County of Burgenland,Burgenlandkreis,51°09′00″N,11°52′00″E,DE.SA.BL,,,,,
DL,Township of Dessau-Roßlau,Kreisfreie Stadt Dessau-Roßlau,51°50′00″N,12°15′00″E,DE.SA.DR,,,,,
DL,Township of Halle (Saale),Kreisfreie Stadt Halle (Saale),51°29′00″N,11°58′00″E,DE.SA.HA,,,,,
DL,County of Harz,Landkreis Harz,51°52′00″N,10°53′00″E,DE.SA.HZ,,,,,
DL,County of Jerichower Land,Landkreis Jerichower Land,52°20′00″N,12°04′00″E,DE.SA.JL,,,,,
DL,Township of Magdeburg,Kreisfreie Stadt Magdeburg,52°08′00″N,11°37′00″E,DE.SA.MB,,,,,
DL,County of Mansfeld-South Harz,Landkreis Mansfeld-Südharz,51°32′00″N,11°22′00″E,DE.SA.MS,,,,,
DL,County of Saale,Saalekreis,51°24′00″N,11°50′00″E,DE.SA.SA,,,,,
DL,County of Salzland,Salzlandkreis,51°50′00″N,11°35′00″E,DE.SA.SL,,,,,
DL,County of Stendal,Landkreis Stendal,52°41′00″N,11°51′00″E,DE.SA.ST,,,,,
DL,County of Wittenberg,Landkreis Wittenberg,51°48′00″N,12°41′00″E,DE.SA.WB,,,,,
State of Schleswig-Holstein ► Land Schleswig-Holstein,,,,,,,,,,
DL,County of Dithmarschen,Kreis Dithmarschen,54°04′48″N,09°04′48″E,DE.SH.DM,,,,,
DL,Township of Flensburg,Kreisfreie Stadt Flensburg,54°46′55″N,09°26′12″E,DE.SH.FB,,,,,
DL,County of Duchy of Lauenburg,Kreis Herzogtum Lauenburg,53°35′00″N,10°40′00″E,DE.SH.HL,,,,,
DL,Township of Kiel,Kreisfreie Stadt Kiel,54°19′31″N,10°08′26″E,DE.SH.KL,,,,,
DL,Township of Lübeck (Hanseatic City of Lübeck),Kreisfreie Stadt Lübeck (Hansestadt Lübeck),53°52′11″N,10°41′11″E,DE.SH.LU,,,,,
DL,Township of Neumünster (New Münster),Kreisfreie Stadt Neumünster,54°04′17″N,09°59′24″E,DE.SH.NM,,,,,
DL,County of Northern Friesland (North Frisia),Kreis Nordfriesland,54°34′48″N,09°00′00″E,DE.SH.NF,,,,,
DL,County of East Holstein,Kreis Ostholstein,54°10′12″N,10°49′48″E,DE.SH.OH,,,,,
DL,County of Pinneberg,Kreis Pinneberg,53°45′00″N,09°45′00″E,DE.SH.PB,,,,,
DL,County of Plön,Kreis Plön,54°15′00″N,10°25′12″E,DE.SH.PL,,,,,
DL,County of Rendsburg-Eckernförde,Kreis Rendsburg-Eckernförde,54°15′00″N,09°45′00″E,DE.SH.RE,,,,,
DL,County of Schleswig-Flensburg,Kreis Schleswig-Flensburg,54°40′12″N,09°34′48″E,DE.SH.SF,,,,,
DL,County of Segeberg,Kreis Segeberg,53°55′12″N,10°10′12″E,DE.SH.SB,,,,,
DL,County of Steinburg,Kreis Steinburg,53°55′12″N,09°30′00″E,DE.SH.ST,,,,,
DL,County of Stormarn,Kreis Stormarn,53°45′00″N,10°19′48″E,DE.SH.SM,,,,,
Exceptional Territories of the State of Schleswig-Holstein,,,,,,,,,,
DL,Heligoland Island (Including Düne Island),Insel Helgoland,54°10′57″N,07°53′07″E,DE.DX.HL,,,,,
Free State of Thuringia ► Freistaat Thüringen,,,,,,,,,,
DL,County of Altenburger Land,Landkreis Altenburger Land,51°00′00″N,12°25′00″E,DE.TH.AB,,,,,
DL,County of Eichsfeld,Landkreis Eichsfeld,51°19′48″N,10°15′00″E,DE.TH.EF,,,,,
DL,Township of Eisenach,Kreisfreie Stadt Eisenach,50°58′34″N,10°19′14″E,DE.TH.EN,,,,,
DL,Township of Erfurt,Kreisfreie Stadt Erfurt,50°59′00″N,11°02′00″E,DE.TH.ER,,,,,
DL,Township of Gera,Kreisfreie Stadt Gera,50°52′50″N,12°05′00″E,DE.TH.GE,,,,,
DL,County of Gotha,Landkreis Gotha,50°55′12″N,10°45′00″E,DE.TH.GO,,,,,
DL,County of Greiz,Landkreis Greiz,50°45′00″N,12°04′48″E,DE.TH.GR,,,,,
DL,County of Hildburghausen,Landkreis Hildburghausen,50°25′12″N,10°45′00″E,DE.TH.HH,,,,,
DL,County of Ilm,Ilm-Kreis,50°45′00″N,11°00′00″E,DE.TH.IL,,,,,
DL,Township of Jena,Kreisfreie Stadt Jena,50°55′38″N,11°35′10″E,DE.TH.JE,,,,,
DL,County of Kyffhäuser,Kyffhäuserkreis,51°19′48″N,10°55′12″E,DE.TH.KY,,,,,
DL,County of Nordhausen,Landkreis Nordhausen,51°30′00″N,10°45′00″E,DE.TH.NH,,,,,
DL,County of Saale-Holzland,Saale-Holzland-Kreis,50°55′12″N,11°45′00″E,DE.TH.SH,,,,,
DL,County of Saale-Orla,Saale-Orla-Kreis,50°34′48″N,11°45′00″E,DE.TH.SO,,,,,
DL,County of Saalfeld-Rudolstadt,Landkreis Saalfeld-Rudolstadt,50°40′12″N,11°19′48″E,DE.TH.SR,,,,,
DL,County of Schmalkalden-Meiningen,Landkreis Schmalkalden-Meiningen,50°40′12″N,10°25′12″E,DE.TH.SM,,,,,
DL,County of Sömmerda,Landkreis Sömmerda,51°10′12″N,11°10′12″E,DE.TH.SD,,,,,
DL,County of Sonneberg,Landkreis Sonneberg,50°25′12″N,11°10′12″E,DE.TH.SB,,,,,
DL,Township of Suhl,Kreisfreie Stadt Suhl,50°36′38″N,10°41′35″E,DE.TH.SU,,,,,
DL,County of Unstrut-Hainich,Unstrut-Hainich-Kreis,51°10′12″N,10°30′00″E,DE.TH.UH,,,,,
DL,County of Wartburg,Wartburgkreis,50°55′12″N,10°15′00″E,DE.TH.WB,,,,,
DL,Township of Weimar,Kreisfreie Stadt Weimar,50°59′00″N,11°19′00″E,DE.TH.WE,,,,,
DL,County of Weimarer Land,Landkreis Weimarer Land,51°00′00″N,11°25′12″E,DE.TH.WL,,,,,
Bosnia and Herzegovina ► Bosna i Hercegovina,,,,,,,,,,
E7,District of Brčko,Brčko Distrikt,44°52′00″N,18°47′00″E,EU.BA.BR,,,,,
Federation of Bosnia and Herzegovina ► Federacija Bosne i Hercegovine,,,,,,,,,,
E7,County of Bosnian Podrinje (Former Goražde-Podrinje),Bosansko-Podrinjski Kanton (Predhodni Goraždansko-Podrinjski Kanton),43°40′00″N,18°59′00″E,BA.BH.BP,,,,,
E7,"County of West Bosnia (County 10, County of Herzeg-Bosnia, County of Livno)","Kanton 10 (Herceg-Bosanski Kanton, Zapadnobosanski Kanton, Livanjski Kanton)",43°50′00″N,17°00′00″E,BA.BH.ZB,,,,,
E7,County of Herzegovina and Neretva,Hercegovačko-Neretvanski Kanton,43°20′00″N,17°48′00″E,BA.BH.HN,,,,,
E7,County of Posavina,Posavski Kanton,45°02′00″N,18°42′00″E,BA.BH.PO,,,,,
E7,County of Sarajevo ,Kanton Sarajevo,43°51′00″N,18°15′00″E,BA.BH.SA,,,,,
E7,County of Central Bosnia,Srednjobosanski Kanton,44°14′00″N,17°40′00″E,BA.BH.SB,,,,,
E7,County of Tuzla ,Tuzlanski Kanton,44°33′00″N,18°36′00″E,BA.BH.TU,,,,,
E7,County of Una and Sana,Unsko-Sanski Kanton,44°44′00″N,16°12′00″E,BA.BH.US,,,,,
E7,County of West Herzegovina,Zapadnohercegovački Kanton,43°24′00″N,17°25′00″E,BA.BH.ZH,,,,,
E7,County of Zenica and Doboj,Zeničko-Dobojski Kanton,44°14′00″N,18°12′00″E,BA.BH.ZD,,,,,
Serb Republic ► Republika Srpska,,,,,,,,,,
E7,County of Banja Luka,Banjalučka Regija,44°46′00″N,17°11′00″E,BA.RS.BL,,,,,
E7,County of Bijeljina,Bijeljinska Regija,44°45′00″N,19°13′00″E,BA.RS.BE,,,,,
E7,County of Doboj,Dobojska Regija,44°44′00″N,18°08′00″E,BA.RS.DO,,,,,
E7,County of Foča,Fočanska Regija,43°30′00″N,18°47′00″E,BA.RS.FO,,,,,
E7,County of Sarajevo-Romanija,Sarajevsko-Romanijska Regija,43°49′00″N,18°21′00″E,BA.RS.SR,,,,,
E7,County of Trebinje,Trebinjska Regija,42°42′40″N,18°20′33″E,BA.RS.TR,,,,,
E7,County of Vlasenica,Vlasenička Regija,44°11′00″N,18°56′00″E,BA.RS.VL,,,,,
Kingdom of Spain ► Reino de España,,,,,,,,,,
Autonomous Community of the Principality of Asturias ► Comunidad Autónoma del Principado de Asturias,,,,,,,,,,
EA1,County of Avilés,Comarca de Avilés,43°33′22″N,05°54′30″W,ES.AS.AV,,,,,
EA1,County of Caudal,Comarca del Caudal,43°15′03″N,05°46′36″W,ES.AS.CA,,,,,
EA1,County of Eo-Navia,Comarca del Eo-Navia (Navia-Eo),43°32′00″N,06°43′00″W,ES.AS.EN,,,,,
EA1,County of Gijón,Comarca de Gijón (Xixón),43°32′00″N,05°42′00″W,ES.AS.GJ,,,,,
EA1,County of Nalón,Comarca del Nalón,43°14′09″N,05°33′22″W,ES.AS.NA,,,,,
EA1,County of Narcea,Comarca del Narcea,43°10′17″N,06°32′20″W,ES.AS.NC,,,,,
EA1,County of Oriente,Comarca de Oriente,43°20′07″N,04°58′03″W,ES.AS.OR,,,,,
EA1,County of Oviedo,Comarca de Oviedo (Uviéu),43°21′36″N,05°50′42″W,ES.AS.OV,,,,,
Community of Castile and León ► Comunidad de Castilla y León,,,,,,,,,,
EA1,Province of Ávila,Provincia de Ávila,40°35′00″N,05°00′00″W,ES.CL.AV,,,,,
EA1,Province of Burgos,Provincia de Burgos,42°23′00″N,03°40′00″W,ES.CL.BU,,,,,
EA1,Province of León,Provincia de León,42°40′00″N,06°00′00″W,ES.CL.LE,,,,,
EA1,Province of Palencia,Provincia de Palencia,42°25′00″N,04°30′00″W,ES.CL.PA,,,,,
EA1,Province of Salamanca,Provincia de Salamanca,40°50′00″N,06°00′00″W,ES.CL.SA,,,,,
EA1,Province of Segovia,Provincia de Segovia,41°10′00″N,04°00′00″W,ES.CL.SE,,,,,
EA1,Province of Soria,Provincia de Soria,41°40′00″N,02°40′00″W,ES.CL.SO,,,,,
EA1,Province of Valladolid,Provincia de Valladolid,41°35′00″N,04°40′00″W,ES.CL.VA,,,,,
EA1,Province of Zamora,Provincia de Zamora,41°45′00″N,06°00′00″W,ES.CL.ZA,,,,,
Autonomous Community of Cantabria ► Comunidad Autónoma de Cantabria,,,,,,,,,,
EA1,County of Asón-Agüera,Comarca de Asón-Agüera,43°20′41″N,03°24′52″W,ES.CA.AA,,,,,
EA1,County of Besaya,Comarca del Besaya,43°21′11″N,04°02′45″W,ES.CA.BE,,,,,
EA1,County of Campoo-Los Valles,Comarca de Campoo-Los Valles,43°00′07″N,04°08′16″W,ES.CA.CO,,,,,
EA1,County of Western Coast,Comarca de la Costa Occidental,43°23′06″N,04°23′55″W,ES.CA.OC,,,,,
EA1,County of Eastern Coast,Comarca de la Costa Oriental,43°23′04″N,03°12′54″W,ES.CA.OR,,,,,
EA1,County of Liébana,Comarca de Liébana,43°09′13″N,04°37′24″W,ES.CA.LB,,,,,
EA1,County of Saja-Nansa,Comarca de Saja-Nansa,43°18′27″N,04°13′57″W,ES.CA.SN,,,,,
EA1,County of Santander,Comarca de Santander,43°27′46″N,03°48′18″W,ES.CA.SA,,,,,
EA1,County of Trasmiera,Comarca de Trasmiera,43°24′29″N,03°39′41″W,ES.CA.TR,,,,,
EA1,County of Valles Pasiegos,Comarca de los Valles Pasiegos (La Pasieguería),43°13′46″N,03°48′33″W,ES.CA.VP,,,,,
Autonomous Community of Galicia ► Comunidad Autónoma de Galicia,,,,,,,,,,
EA1,Province of Corunna,Provincia de La Coruña (A Coruña),43°22′00″N,08°23′00″W,ES.GA.CO,,,,,
EA1,Province of Lugo,Provincia de Lugo,43°01′00″N,07°33′00″W,ES.GA.LU,,,,,
EA1,Province of Ourense ,Provincia de Orense (Ourense),42°20′11″N,07°51′48″W,ES.GA.OR,,,,,
EA1,Province of Pontevedra,Provincia de Pontevedra,42°26′00″N,08°38′00″W,ES.GA.PO,,,,,
Exceptional Territories of the Autonomous Community of Galicia,,,,,,,,,,
EA1,Atlantic Islands of Galicia National Park,Parque Nacional de las Islas Atlánticas de Galicia,42°22′50″N,08°56′00″W,ES.DX.IA,,,,,
Autonomous Community of La Rioja ► Comunidad Autónoma de La Rioja,,,,,,,,,,
EA1,County of Alfaro,Comarca de Alfaro,42°10′41″N,01°44′56″W,ES.RO.AL,,,,,
EA1,County of Anguiano,Comarca de Anguiano,42°16′00″N,02°47′00″W,ES.RO.AN,,,,,
EA1,County of Arnedo,Comarca de Arnedo,42°13′00″N,02°06′00″W,ES.RO.AR,,,,,
EA1,County of Calahorra,Comarca de Calahorra,42°18′00″N,01°58′00″W,ES.RO.CA,,,,,
EA1,County of New Camero,Comarca de Camero Nuevo,42°12′00″N,02°37′53″W,ES.RO.CN,,,,,
EA1,County of Old Camero,Comarca de Camero Viejo,42°13′38″N,02°28′30″W,ES.RO.CV,,,,,
EA1,County of Cervera,Comarca de Cervera,41°59′52″N,02°01′40″W,ES.RO.CE,,,,,
EA1,County of Ezcaray,Comarca de Ezcaray,42°19′33″N,03°00′28″W,ES.RO.EZ,,,,,
EA1,County of Haro,Comarca de Haro,42°33′41″N,02°53′58″W,ES.RO.HA,,,,,
EA1,County of Logroño,Comarca de Logroño,42°23′01″N,02°22′57″W,ES.RO.LO,,,,,
EA1,County of Nájera,Comarca de Nájera,42°23′34″N,02°43′14″W,ES.RO.NA,,,,,
EA1,County of Saint Dominic of the Causeway,Comarca de Santo Domingo de la Calzada,42°26′50″N,02°57′18″W,ES.RO.SD,,,,,
Autonomous Community of Aragón ► Comunidad Autónoma de Aragón,,,,,,,,,,
EA2,Province of Huesca,Provincia de Huesca (Uesca),42°10′00″N,00°10′00″W,ES.AR.HU,,,,,
EA2,Province of Teruel,Provincia de Teruel (Tergüel),40°40′00″N,00°40′00″W,ES.AR.TE,,,,,
EA2,Province of Zaragoza (Saragossa),Provincia de Zaragoza,41°35′00″N,01°00′00″W,ES.AR.ZA,,,,,
Autonomous Community of the Basque Country ► Comunidad Autónoma del País Vasco ► Euskal Autonomia Erkidegoa,,,,,,,,,,
EA2,Province of Álava,Provincia de Álava (Araba),42°50′40″N,02°45′37″W,ES.PV.AA,,,,,
EA2,Province of Gipuzkoa,Provincia de Guipúzcoa (Gipuzkoa),43°10′00″N,02°10′00″W,ES.PV.GU,,,,,
EA2,Province of Biscay,Provincia de Vizcaya (Bizkaia),43°15′25″N,02°55′25″W,ES.PV.BZ,,,,,
Chartered Community of Navarre ► Comunidad Foral de Navarra ► Nafarroako Foru Erkidegoa,,,,,,,,,,
EA2,County of Estella,Merindad de Estella (Lizarrako),42°40′00″N,02°01′00″W,ES.NA.ES,,,,,
EA2,County of Olite,Merindad de Olite (Erriberako),42°29′15″N,01°39′45″W,ES.NA.OL,,,,,
EA2,County of Pamplona,Merindad de Pamplona (Iruñeko),42°58′00″N,01°47′00″W,ES.NA.PA,,,,,
EA2,County of Sangüesa,Merindad de Sangüesa (Zangozako),42°47′00″N,01°22′00″W,ES.NA.SA,,,,,
EA2,County of Tudela,Merindad de Tudela (Tuterako),42°03′55″N,01°36′24″W,ES.NA.TU,,,,,
Autonomous Community of Catalonia ► Comunidad Autónoma de Cataluña ► Comunitat Autònoma de Catalunya,,,,,,,,,,
EA3,Province of Barcelona,Provincia de Barcelona,41°40′00″N,02°00′00″E,ES.CT.BA,,,,,
EA3,Province of Girona,Provincia de Gerona (Girona),42°10′00″N,02°40′00″E,ES.CT.GA,,,,,
EA3,Province of Lleida,Provincia de Lérida (Lleida),42°00′00″N,01°10′00″E,ES.CT.LE,,,,,
EA3,Province of Tarragona,Provincia de Tarragona,41°10′00″N,01°00′00″E,ES.CT.TA,,,,,
Autonomous Community of Extremadura ► Comunidad Autónoma de Extremadura ► Comuniá Autónoma d'Estremaura,,,,,,,,,,
EA4,Province of Badajoz,Provincia de Badajoz (Baajó),08°40′00″N,06°10′00″W,ES.EM.BA,,,,,
EA4,Province of Cáceres,Provincia de Cáceres (Caçris),39°40′00″N,06°00′00″W,ES.EM.CA,,,,,
Community of Madrid ► Comunidad de Madrid,,,,,,,,,,
EA4,County of Metropolitan Madrid,Comarca Agrícola del Área Metropolitana,40°25′13″N,03°42′21″W,ES.MA.AM,,,,,
EA4,County of Campiña,Comarca Agrícola de la Campiña,40°32′56″N,03°22′43″W,ES.MA.CA,,,,,
EA4,County of Guadarrama,Comarca Agrícola de Guadarrama,40°40′22″N,04°05′20″W,ES.MA.GU,,,,,
EA4,County of Las Vegas,Comarca Agrícola de Las Vegas,40°12′34″N,03°34′20″W,ES.MA.LV,,,,,
EA4,County of Lozoya Somosierra,Comarca Agrícola de Lozoya Somosierra,40°57′21″N,03°47′48″W,ES.MA.LS,,,,,
EA4,County of Southwest Madrid,Comarca Agrícola Sur Occidental,40°15′14″N,03°49′40″W,ES.MA.SO,,,,,
Autonomous Community of Castile-La Mancha ► Comunidad Autónoma de Castilla-La Mancha,,,,,,,,,,
EA4,Province of Ciudad Real,Provincia de Ciudad Real,39°00′00″N,04°00′00″W,ES.CM.CR,,,,,
EA4,Province of Cuenca,Provincia de Cuenca,40°00′00″N,02°00′00″W,ES.CM.CU,,,,,
EA4,Province of Guadalajara,Provincia de Guadalajara,40°50′00″N,02°30′00″W,ES.CM.GU,,,,,
EA4,Province of Toledo,Provincia de Toledo,39°50′00″N,04°00′00″W,ES.CM.TO,,,,,
EA5,Province of Albacete,Provincia de Albacete,38°50′00″N,02°00′00″W,ES.CM.AL,,,,,
Autonomous Community of the Region of Murcia ► Comunidad Autónoma de la Región de Murcia,,,,,,,,,,
EA5,County of Altiplano,Comarca del Altiplano,38°28′45″N,01°19′30″W,ES.MU.AP,,,,,
EA5,County of Upper Guadalentín,Comarca del Alto Guadalentín,37°24′15″N,01°34′55″W,ES.MU.AG,,,,,
EA5,County of Lower Guadalentín,Comarca del Bajo Guadalentín,37°47′40″N,01°34′23″W,ES.MU.BG,,,,,
EA5,County of Campo de Cartagena,Comarca del Campo de Cartagena,37°42′00″N,01°06′00″W,ES.MU.CC,,,,,
EA5,County of Huerta de Murcia,Comarca de la Huerta de Murcia,38°02′00″N,00°59′00″W,ES.MU.HM,,,,,
EA5,County of Mar Menor,Comarca del Mar Menor,37°49′00″N,00°45′00″W,ES.MU.MM,,,,,
EA5,County of Northwest Murcia,Comarca del Noroeste,38°06′00″N,01°52′00″W,ES.MU.NO,,,,,
EA5,County of Oriental,Comarca Oriental,38°12′17″N,01°02′27″W,ES.MU.OR,,,,,
EA5,County of Río Mula,Comarca del Río Mula,38°04′00″N,01°35′00″W,ES.MU.RM,,,,,
EA5,County of Valle de Ricote,Comarca del Valle de Ricote,38°09′00″N,01°22′00″W,ES.MU.VR,,,,,
EA5,County of Vega Alta del Segura,Comarca de la Vega Alta del Segura,38°12′00″N,01°24′00″W,ES.MU.VA,,,,,
EA5,County of Vega Media del Segura,Comarca de la Vega Media del Segura,38°03′00″N,01°13′00″W,ES.MU.VM,,,,,
Valencian Community ► Comunidad Valenciana ► Comunitat Valenciana,,,,,,,,,,
EA5,Province of Alicante,Provincia de Alicante (Alacant),38°30′00″N,00°30′00″W,ES.VA.AL,,,,,
EA5,Province of Castellón,Provincia de Castellón (Castelló),40°10′00″N,00°10′00″W,ES.VA.CA,,,,,
EA5,Province of Valencia,Provincia de Valencia (València),39°20′00″N,00°50′00″W,ES.VA.VA,,,,,
Autonomous Community of the Balearic Islands ► Comunidad Autónoma de las Islas Baleares ► Comunitat Autònoma de les Illes Balears,,,,,,,,,,
EA6,Island of Formentera (Including Espalmador and Epardell Islands),Isla de Formentera,38°42′00″N,01°27′00″E,ES.BA.FO,,,,,
EA6,Island of Ibiza,Isla de Ibiza (Eivissa),38°58′48″N,01°25′48″E,ES.BA.IB,,,,,
EA6,Island of Majorca,Isla de Mallorca,39°37′00″N,02°59′00″E,ES.BA.MA,,,,,
EA6,Island of Minorca,Isla de Menorca,39°58′00″N,04°05′00″E,ES.BA.ME,,,,,
Exceptional Territories of the Autonomous Community of the Balearic Islands,,,,,,,,,,
EA6,Cabrera National Park,Parque Nacional Marítimo-Terrestre del Archipiélago de Cabrera,39°09′00″N,02°57′00″E,ES.DX.CA,,,,,
Autonomous Community of Andalusia ► Comunidad Autónoma de Andalucía,,,,,,,,,,
EA7,Province of Almería,Provincia de Almería,37°10′00″N,02°20′00″W,ES.AN.AL,,,,,
EA7,Province of Cádiz,Provincia de Cádiz,36°30′00″N,05°45′00″W,ES.AN.CA,,,,,
EA7,Province of Córdoba (Cordova),Provincia de Córdoba,38°00′00″N,04°50′00″W,ES.AN.CO,,,,,
EA7,Province of Granada,Provincia de Granada,37°15′00″N,03°15′00″W,ES.AN.GR,,,,,
EA7,Province of Huelva,Provincia de Huelva,37°40′00″N,07°00′00″W,ES.AN.HU,,,,,
EA7,Province of Jaén,Provincia de Jaén,38°00′00″N,03°30′00″W,ES.AN.JA,,,,,
EA7,Province of Málaga,Provincia de Málaga,36°43′00″N,04°25′00″W,ES.AN.MA,,,,,
EA7,Province of Seville,Provincia de Sevilla,37°30′00″N,05°30′00″W,ES.AN.SE,,,,,
Republic of Ireland ► Poblacht na hÉireann,,,,,,,,,,
Province of Connacht ► Cúige Chonnacht (Connachta),,,,,,,,,,
EI,City of Galway,Cathair na Gaillimhe,53°16′22″N,09°02′30″W,IE.CO.GC,,,,,
EI,County of Galway (Excluding the City of Galway),Contae na Gaillimhe,53°20′00″N,09°00′00″W,IE.CO.GA,,,,,
EI,County of Leitrim,Contae Liatroma,54°07′00″N,08°00′00″W,IE.CO.LE,,,,,
EI,County of Mayo,Contae Mhaigh Eo,53°54′00″N,09°15′00″W,IE.CO.MA,,,,,
EI,County of Roscommon,Contae Ros Comáin,53°45′00″N,08°15′00″W,IE.CO.RO,,,,,
EI,Borough of Sligo,Baile Shligigh,54°16′00″N,08°29′00″W,IE.CO.SB,,,,,
EI,County of Sligo (Excluding the Borough of Sligo),Contae Shligigh,54°15′00″N,08°40′00″W,IE.CO.SL,,,,,
Province of Leinster ► Cúige Laighean (Laighin),,,,,,,,,,
EI,County of Carlow,Contae Cheatharlach,52°40′00″N,06°50′00″W,IE.LE.CA,,,,,
EI,Borough of Drogheda,Baile Droichead Átha,53°42′50″N,06°21′01″W,IE.LE.DR,,,,,
EI,City of Dublin,Baile Átha Cliath (Duibhlinn),53°20′52″N,06°15′35″W,IE.LE.DU,,,,,
EI,County of Dun Laoghaire-Rathdown,Cirín Chontae Dhún Laoighaire-Rath an Dúin,53°18′00″N,06°08′24″W,IE.LE.DL,,,,,
EI,County of Fingal,Contae Fhine Gall,53°27′35″N,06°13′05″W,IE.LE.FI,,,,,
EI,County of Kildare,Contae Chill Dara,53°10′00″N,06°45′00″W,IE.LE.KI,,,,,
EI,Borough of Kilkenny,Baile Chill Chainnigh,52°38′52″N,07°15′22″W,IE.LE.KB,,,,,
EI,County of Kilkenny (Excluding the Borough of Kilkenny),Contae Chill Chainnigh,52°35′00″N,07°15′00″W,IE.LE.KL,,,,,
EI,County of Laois,Contae Laoise,53°00′00″N,07°24′00″W,IE.LE.LA,,,,,
EI,County of Longford,Contae an Longfoirt,53°40′00″N,07°45′00″W,IE.LE.LF,,,,,
EI,County of Louth (Excluding the Borough of Drogheda),Contae Lú,53°50′00″N,06°30′00″W,IE.LE.LO,,,,,
EI,County of Meath,Contae na Mí,53°40′00″N,06°40′00″W,IE.LE.ME,,,,,
EI,County of Offaly,Contae Uíbh Fhailí,53°15′00″N,07°30′00″W,IE.LE.OF,,,,,
EI,County of South Dublin,Contae Átha Cliath Theas,53°17′19″N,06°21′26″W,IE.LE.SD,,,,,
EI,County of Westmeath,Contae na hIarmhí,53°30′00″N,07°30′00″W,IE.LE.WM,,,,,
EI,Borough of Wexford,Baile Loch Garman,52°20′03″N,06°27′27″W,IE.LE.WB,,,,,
EI,County of Wexford (Excluding the Borough of Wexford),Contae Loch Garman,52°30′00″N,06°40′00″W,IE.LE.WF,,,,,
EI,County of Wicklow,Contae Chill Mhantáin,53°00′00″N,06°25′00″W,IE.LE.WI,,,,,
Province of Munster ► Cúige Mumhan (an Mhumhain),,,,,,,,,,
EI,County of Clare,Contae an Chláir,52°50′00″N,09°00′00″W,IE.MU.CL,,,,,
EI,Borough of Clonmel,Baile Cluain Meala,52°21′14″N,07°42′41″W,IE.MU.CM,,,,,
EI,City of Cork,Cathair Chorcaí,51°53′50″N,08°28′12″W,IE.MU.CC,,,,,
EI,County of Cork (Excluding the City of Cork and Fastnet Rock),Contae Chorcaí,51°58′00″N,08°35′00″W,IE.MU.CO,,,,,
EI,County of Kerry,Contae Chiarraí,52°10′00″N,09°45′00″W,IE.MU.KE,,,,,
EI,City of Limerick,Cathair Luimnigh,52°39′55″N,08°37′26″W,IE.MU.LC,,,,,
EI,County of Limerick (Excluding the City of Limerick),Contae Luimnigh,52°30′00″N,08°45′00″W,IE.MU.LI,,,,,
EI,County of North Tipperary,Contae Thiobraid Árann Thuaidh,52°51′48″N,08°11′58″W,IE.MU.NT,,,,,
EI,County of South Tipperary (Excluding the Borough of Clonmel),Contae Thiobraid Árann Theas,52°31′00″N,07°53′22″W,IE.MU.ST,,,,,
EI,City of Waterford,Cathair Port Láirge,52°15′24″N,07°07′45″W,IE.MU.WC,,,,,
EI,County of Waterford (Excluding the City of Waterford),Contae Phort Láirge,52°15′00″N,07°30′00″W,IE.MU.WF,,,,,
Province of Ulster ► Cúige Uladh (Ulaidh),,,,,,,,,,
EI,County of Cavan,Contae an Chabháin,53°55′00″N,07°15′00″W,IE.UL.CA,,,,,
EI,County of Donegal,Contae Dhún na nGall,54°55′00″N,08°00′00″W,IE.UL.DO,,,,,
EI,County of Monaghan,Contae Mhuineacháin,54°14′37″N,07°02′22″W,IE.UL.MO,,,,,
Republic of Moldova ► Republica Moldova ► Республика Молдова,,,,,,,,,,
ER1,Township of Chişinău (Kishinev),Municipiul Chişinău (Город Кишинёв),47°00′38″N,28°52′07″E,EU.MD.CS,,,,,
ER1,County of Călăraşi ,Raionul Călărași (Каларашский Район),47°15′00″N,28°20′00″E,EU.MD.CA,,,,,
ER1,County of Criuleni,Raionul Criuleni (Криулянский Район),47°10′00″N,29°00′00″E,EU.MD.CR,,,,,
ER1,County of Dubăsari (Under the Control of the Republic of Moldova),Raionul Dubăsari (Дубоссарский Район),47°21′00″N,29°07′00″E,EU.MD.DU,,,,,
ER1,County of Hînceşti,Raionul Hîncești (Хынчештский Район),46°50′00″N,28°25′00″E,EU.MD.HI,,,,,
ER1,County of Ialoveni,Raionul Ialoveni (Яловенский Район),46°50′00″N,28°50′00″E,EU.MD.IA,,,,,
ER1,County of Nisporeni,Raionul Nisporeni (Ниспоренский Район),47°05′00″N,28°10′00″E,EU.MD.NI,,,,,
ER1,County of Orhei,Raionul Orhei (Оргеевский Район),47°25′00″N,28°50′00″E,EU.MD.OR,,,,,
ER1,County of Străşeni,Raionul Strășeni (Страшенский Район),47°10′00″N,28°35′00″E,EU.MD.ST,,,,,
ER2,County of Anenii Noi (Including the Сommune of Varniţa),Raionul Anenii Noi (Новоаненский Район),46°55′00″N,29°15′00″E,EU.MD.AN,,,,,
ER2,County of Căuşeni (Including the Сommune of Copanca),Raionul Căușeni (Каушанский Район),46°55′00″N,29°15′00″E,EU.MD.CU,,,,,
ER2,County of Ştefan Vodă,Raionul Ștefan Vodă (Штефан-Водский Район),46°30′00″N,29°40′00″E,EU.MD.SV,,,,,
ER3,Township of Bălţi,Municipiul Bălţi (Город Бельцы),47°46′00″N,27°55′00″E,EU.MD.BT,,,,,
ER3,County of Faleşti,Raionul Fălești (Фалештский Район),47°35′00″N,27°45′00″E,EU.MD.FA,,,,,
ER3,County of Floreşti,Raionul Florești (Флорештский Район),47°50′00″N,28°25′00″E,EU.MD.FL,,,,,
ER3,County of Glodeni,Raionul Glodeni (Глодянский Район),47°45′00″N,27°30′00″E,EU.MD.GL,,,,,
ER3,County of Rezina,Raionul Rezina (Резинский Район),47°40′00″N,28°50′00″E,EU.MD.RE,,,,,
ER3,County of Sîngerei,Raionul Sîngerei (Сынжерейский Район),47°40′00″N,28°10′00″E,EU.MD.SI,,,,,
ER3,County of Teleneşti,Raionul Telenești (Теленештский Район),47°35′00″N,28°30′00″E,EU.MD.TE,,,,,
ER3,County of Ungheni,Raionul Ungheni (Унгенский Район),47°20′00″N,27°55′00″E,EU.MD.UN,,,,,
ER4,County of Briceni,Raionul Briceni (Бричанский Район),48°15′00″N,27°00′00″E,EU.MD.BR,,,,,
ER4,County of Donduşeni,Raionul Dondușeni (Дондюшанский Район),48°20′00″N,27°40′00″E,EU.MD.DO,,,,,
ER4,County of Drochia,Raionul Drochia (Дрокиевский Район),48°05′00″N,27°50′00″E,EU.MD.DR,,,,,
ER4,County of Edineţ,Raionul Edineț (Единецкий Район),48°10′00″N,27°15′00″E,EU.MD.ED,,,,,
ER4,County of Ocniţa,Raionul Ocnița (Окницкий Район),48°25′00″N,27°30′00″E,EU.MD.OC,,,,,
ER4,County of Rîşcani,Raionul Rîșcani (Рышканский Район),47°55′00″N,29°05′00″E,EU.MD.RI,,,,,
ER4,County of Soroca,Raionul Soroca (Сорокский Район),48°10′00″N,28°15′00″E,EU.MD.SO,,,,,
ER4,County of Şoldăneşti,Raionul Șoldănești (Шолданештский Район),47°50′00″N,28°40′00″E,EU.MD.SD,,,,,
ER5,County of Basarabeasca,Raionul Basarabeasca (Бессарабский Район),46°25′00″N,28°55′00″E,EU.MD.BA,,,,,
ER5,County of Cahul,Raionul Cahul (Кагульский Район),45°50′00″N,28°20′00″E,EU.MD.CL,,,,,
ER5,County of Cantemir,Raionul Cantemir (Кантемирский Район),46°15′00″N,28°20′00″E,EU.MD.CM,,,,,
ER5,County of Cimişlia,Raionul Cimișlia (Чимишлийский Район),46°35′00″N,28°50′00″E,EU.MD.CI,,,,,
ER5,County of Leova,Raionul Leova (Леовский Район),46°30′00″N,28°25′00″E,EU.MD.LE,,,,,
ER5,County of Taraclia,Raionul Taraclia (Тараклийский Район),45°55′00″N,28°35′00″E,EU.MD.TA,,,,,
Administrative Territorial Unit of Transnistria ► Unităţile Administrativ-Teritoriale din Stînga Nistrului (Pridnestrovian Moldavian Republic ► Приднестровская Молдавская Республика),,,,,,,,,,
ER1,County of Dubăsari (Under the Control of the Pridnestrovian Moldavian Republic),Дубоссарский Район (Raionul Dubăsari),47°16′00″N,29°10′00″E,MD.SN.DU,,,,,
ER2,Township of Bender (Tighina),Город Бендеры (Municipiul Tighina),46°50′00″N,29°29′00″W,MD.SN.BE,,,,,
ER2,Township of Tiraspol,Город Тирасполь (Municipiul Tiraspol),46°51′00″N,29°38′00″E,MD.SN.TI,,,,,
ER2,County of Grigoriopol,Григориопольский Район (Raionul Grigoriopol),47°08′00″N,29°18′00″E,MD.SN.GR,,,,,
ER2,County of Slobozia,Слободзейский Район (Raionul Slobozia),46°44′00″N,29°42′00″E,MD.SN.SL,,,,,
ER3,County of Rîbniţa,Рыбницкий Район (Raionul Rîbnița),47°45′00″N,29°00′00″E,MD.SN.RI,,,,,
ER4,County of Camenca,Каменский Район (Raionul Camenca),48°01′00″N,28°43′00″E,MD.SN.CA,,,,,
Autonomous Territorial Unit of Găgăuzia ► Unitatea Teritorială Autonomă Găgăuzia ► Avtonom Territorial Bölümlüü Gagauz Yeri ► Автономное Территориальное Образование Гагаузия,,,,,,,,,,
ER5,County of Ceadîr-Lunga,"Çadır-Lunga Dolay (Raionul Ceadîr-Lunga, Чадыр-Лунгский Район)",46°03′00″N,28°50′00″E,MD.GA.CL,,,,,
ER5,County of Comrat,"Komrat Dolay (Raionul Сomrat, Комратский Район)",46°18′00″N,28°29′36″E,MD.GA.CO,,,,,
ER5,County of Vulcăneşti,"Vulkaneşti Dolay (Raionul Vulcăneşti, Вулканештский Район)",45°41′03″N,28°24′10″E,MD.GA.VU,,,,,
Republic of Estonia ► Eesti Vabariik,,,,,,,,,,
ES2,County of Harju (Including ES1 - the City of Tallinn),Harju Maakond (Harjumaa),59°26′14″N,24°44′43″E,EU.EE.HA,,,,,
ES3,County of Järva,Järva Maakond (Järvamaa),58°53′08″N,25°33′26″E,EU.EE.JA,,,,,
ES3,County of Lääne,Lääne Maakond (Läänemaa),58°56′22″N,23°32′27″E,EU.EE.LA,,,,,
ES3,County of Rapla,Rapla Maakond (Raplamaa),59°00′00″N,24°48′00″E,EU.EE.RA,,,,,
ES4,County of Ida-Viru,Ida-Viru Maakond (Ida-Virumaa),59°21′00″N,27°25′00″E,EU.EE.IV,,,,,
ES4,County of Lääne-Viru,Lääne-Viru Maakond (Lääne-Virumaa),59°21′00″N,26°21′00″E,EU.EE.LV,,,,,
ES5,County of Jõgeva,Jõgeva Maakond (Jõgevamaa),58°44′49″N,26°24′00″E,EU.EE.JO,,,,,
ES5,County of Tartu,Tartu Maakond (Tartumaa),58°23′00″N,26°43′00″E,EU.EE.TA,,,,,
ES6,County of Põlva,Põlva Maakond (Põlvamaa),58°03′11″N,27°03′06″E,EU.EE.PO,,,,,
ES6,County of Valga,Valga Maakond (Valgamaa),57°47′00″N,26°02′00″E,EU.EE.VA,,,,,
ES6,County of Võru,Võru Maakond (Võrumaa),57°51′00″N,27°00′00″E,EU.EE.VO,,,,,
ES7,County of Viljandi,Viljandi Maakond (Viljandimaa),58°22′00″N,25°36′00″E,EU.EE.VI,,,,,
ES8,County of Pärnu,Pärnu Maakond (Pärnumaa),58°23′00″N,24°30′00″E,EU.EE.PA,,,,,
ESØ,County of Hiiu,Hiiu Maakond (Hiiumaa),59°00′00″N,22°45′00″E,EU.EE.HI,,,,,
ESØ,County of Saare (Excluding the Parish of Ruhnu),Saare Maakond (Saaremaa),58°15′00″N,22°29′00″E,EU.EE.SA,,,,,
Exceptional Territories of the Republic of Estonia,,,,,,,,,,
ESØ,Island of Ruhnu (Parish of Ruhnu),Ruhnu Saar (Ruhnu Vald),57°48′00″N,23°15′00″E,EE.DX.RU,,,,,
Republic of Belarus ► Рэспубліка Беларусь ► Республика Беларусь,,,,,,,,,,
City of Minsk ► Горад Мінск ► Город Минск,,,,,,,,,,
EU1,Borough of Centre,Цэнтральны Раён (Центральный Район),53°54′31″N,27°32′35″E,BY.MG.TS,,,,,
EU1,Borough of Frunze,Фрунзенскі Раён (Фрунзенский Район),53°53′55″N,27°27′02″E,BY.MG.FR,,,,,
EU1,Borough of Kastrychnik (October),Кастрычніцкі Раён (Октябрьский Район),53°52′39″N,27°32′27″E,BY.MG.KA,,,,,
EU1,Borough of Lenin,Ленінскі Раён (Ленинский Район),53°52′48″N,27°35′36″E,BY.MG.LE,,,,,
EU1,Borough of Moscow,Маскоўскі Раён (Московский Район),53°52′40″N,27°28′29″E,BY.MG.MA,,,,,
EU1,Borough of Partisans,Партызанскі Раён (Партизанский Район),53°54′11″N,27°36′10″E,BY.MG.PA,,,,,
EU1,Borough of Pershamay (First May),Першамайскі Раён (Первомайский Район),53°55′34″N,27°36′22″E,BY.MG.PM,,,,,
EU1,Borough of Soviets,Савецкі Раён (Советский Район),53°57′16″N,27°35′44″E,BY.MG.SA,,,,,
EU1,Borough of Zavod (Factory),Заводскі Раён (Заводской Район),53°52′21″N,27°39′47″E,BY.MG.ZA,,,,,
Province of Minsk (Minskaya Oblast) ► Мінская Вобласць ► Минская Область,,,,,,,,,,
EU2,County of Barysaw,Барысаўскі Раён (Борисовский Район),54°14′00″N,28°30′00″E,BY.MI.BA,,,,,
EU2,County of Berazino,Беразінскі Раён (Березинский Район),53°50′00″N,28°59′00″E,BY.MI.BE,,,,,
EU2,County of Cherven,Чэрвеньскі Раён (Червенский Район),53°42′28″N,28°25′56″E,BY.MI.CH,,,,,
EU2,County of Dzyarzhynsk,Дзяржынскі Раён (Дзержинский Район),53°41′00″N,27°08′00″E,BY.MI.DZ,,,,,
EU2,County of Kapyl,Капыльскі Раён (Копыльский Район),53°09′00″N,27°05′30″E,BY.MI.KA,,,,,
EU2,County of Kletsk,Клецкі Раён (Клецкий Район),53°03′49″N,26°38′14″E,BY.MI.KL,,,,,
EU2,County of Krupki,Крупскі Раён (Крупский Район),54°19′30″N,29°08′10″E,BY.MI.KR,,,,,
EU2,County of Lahojsk,Лагойскі Раён (Логойский Район),54°12′00″N,27°51′00″E,BY.MI.LA,,,,,
EU2,County of Lyuban,Любанскі Раён (Любанский Район),52°46′55″N,28°03′09″E,BY.MI.LU,,,,,
EU2,County of Maladzyechna,Маладзечанскі Раён (Молодечненский Район),54°18′49″N,26°51′06″E,BY.MI.MA,,,,,
EU2,County of Minsk,Мінскі Раён (Минский Район),53°57′02″N,27°47′10″E,BY.MI.MI,,,,,
EU2,County of Myadzel,Мядзельскі Раён (Мядельский Район),54°52′32″N,26°56′19″E,BY.MI.MY,,,,,
EU2,County of Nyasvizh,Нясвіжскі Раён (Несвижский Район),53°13′00″N,26°40′00″E,BY.MI.NY,,,,,
EU2,County of Puhavichy,Пухавіцкі Раён (Пуховичский Район),53°31′00″N,28°08′30″E,BY.MI.PU,,,,,
EU2,County of Salihorsk,Салігорскі Раён (Солигорский Район),52°49′00″N,27°32′00″E,BY.MI.SA,,,,,
EU2,County of Slutsk,Слуцкі Раён (Слуцкий Район),53°01′00″N,27°33′00″E,BY.MI.SL,,,,,
EU2,County of Smalyavichy,Смалявіцкі Раён (Смолевичский Район),54°01′22″N,28°04′19″E,BY.MI.SM,,,,,
EU2,County of Staryya Darohi,Старадарожскі Раён (Стародорожский Район),53°02′22″N,28°15′54″E,BY.MI.SD,,,,,
EU2,County of Stowbsty,Стаўбцоўскі Раён (Столбцовский Район),53°29′00″N,26°44′00″E,BY.MI.ST,,,,,
EU2,County of Uzda,Уздзенскі Раён (Узденский Район),53°27′58″N,27°13′28″E,BY.MI.UZ,,,,,
EU2,County of Valozhyn,Валожынскі Раён (Воложинский Район),54°05′00″N,26°31′00″E,BY.MI.VA,,,,,
EU2,County of Vileyka,Вілейскі Раён (Вилейский Район),54°29′00″N,26°55′00″E,BY.MI.VI,,,,,
EU2,Township of Zhodzina,Горад Жодзіна (Город Жодино),54°06′00″N,28°21′00″E,BY.MI.ZH,,,,,
Province of Brest (Brestskaya Oblast) ► Брэсцкая Вобласць ► Брестская Область,,,,,,,,,,
EU3,Township of Baranavichy,Горад Баранавічы (Город Барановичи),53°07′00″N,25°59′00″E,BY.BR.BG,,,,,
EU3,County of Baranavichy,Баранавіцкі Раён (Барановичский Район),53°19′20″N,26°00′48″E,BY.BR.BA,,,,,
EU3,Township of Brest,Горад Брэст (Город Брест),52°08′00″N,23°40′00″E,BY.BR.BT,,,,,
EU3,County of Brest,Брэсцкі Раён (Брестский Район),52°10′27″N,23°47′58″E,BY.BR.BR,,,,,
EU3,County of Byaroza,Бярозаўскі Раён (Берёзовский Район),52°33′00″N,24°58′00″E,BY.BR.BY,,,,,
EU3,County of Drahichyn,Драгічынскі Раён (Дрогичинский Район),52°11′00″N,25°09′00″E,BY.BR.DR,,,,,
EU3,County of Hantsavichy,Ганцавіцкі Раён (Ганцевичский Район),52°45′42″N,26°25′40″E,BY.BR.HA,,,,,
EU3,County of Ivatsevichy,Івацэвіцкі Раён (Ивацевичский Район),52°42′33″N,25°20′20″E,BY.BR.IV,,,,,
EU3,County of Ivanava,Іванаўскі Раён (Ивановский Район),52°08′00″N,25°33′00″E,BY.BR.IN,,,,,
EU3,County of Kamyanyets,Камянецкі Раён (Каменецкий Район),52°24′10″N,23°48′30″E,BY.BR.KA,,,,,
EU3,County of Kobryn,Кобрынскі Раён (Кобринский Район),52°13′00″N,24°22′00″E,BY.BR.KO,,,,,
EU3,County of Lyakhavichy,Ляхавіцкі Раён (Ляховичский Район),53°02′00″N,26°16′00″E,BY.BR.LA,,,,,
EU3,County of Luninets,Лунінецкі Раён (Лунинецкий Район),52°15′00″N,26°48′00″E,BY.BR.LU,,,,,
EU3,County of Malaryta,Маларыцкі Раён (Малоритский Район),51°47′50″N,24°04′51″E,BY.BR.MA,,,,,
EU3,Township of Pinsk,Горад Пінск (Город Пинск),52°07′00″N,26°05′00″E,BY.BR.PG,,,,,
EU3,County of Pinsk,Пінскі Раён (Пинский Район),52°28′00″N,26°19′00″E,BY.BR.PI,,,,,
EU3,County of Pruzhany,Пружанскі Раён (Пружанский Район),52°33′24″N,24°27′52″E,BY.BR.PR,,,,,
EU3,County of Stolin,Столінскі Раён (Столинский Район),51°53′00″N,26°51′00″E,BY.BR.ST,,,,,
EU3,County of Zhabinka,Жабінкаўскі Раён (Жабинковский Район),52°12′02″N,24°01′24″E,BY.BR.ZH,,,,,
Province of Hrodna (Grodnenskaya Oblast) ► Гродзенская Вобласць ► Гродненская Область,,,,,,,,,,
EU4,County of Ashmyany,Ашмянскі Раён (Ошмянский Район),54°25′00″N,25°55′00″E,BY.HR.AM,,,,,
EU4,County of Astravyets,Астравецкі Раён (Островецкий Район),54°36′49″N,25°57′19″E,BY.HR.AS,,,,,
EU4,County of Byerastavitsa,Бераставіцкі Раён (Берестовицкий Район),53°11′44″N,24°01′15″E,BY.HR.BE,,,,,
EU4,County of Dzyatlava,Дзятлаўскі Раён (Дятловский Район),53°27′00″N,25°24′00″E,BY.HR.DT,,,,,
EU4,Township of Hrodna,Горад Гродна (Город Гродно),53°40′00″N,23°49′00″E,BY.HR.HG,,,,,
EU4,County of Hrodna,Гродзенскі Раён (Гродненский Район),53°35′00″N,24°15′00″E,BY.HR.HR,,,,,
EU4,County of Iwye,Іўеўскі Раён (Ивьевский Район),53°55′00″N,25°46′00″E,BY.HR.IW,,,,,
EU4,County of Karelichy,Карэліцкі Раён (Кореличский Район),53°34′00″N,26°08′00″E,BY.HR.KA,,,,,
EU4,County of Lida,Лідскі Раён (Лидский Район),53°53′14″N,25°18′10″E,BY.HR.LI,,,,,
EU4,County of Masty,Мастоўскі Раён (Мостовский Район),53°24′00″N,24°32′00″E,BY.HR.MA,,,,,
EU4,County of Navahrudak,Навагрудскі Раён (Новогрудский Район),53°35′00″N,25°49′00″E,BY.HR.NH,,,,,
EU4,County of Shchuchyn,Шчучынскі Раён (Щучинский Район),53°37′00″N,24°44′00″E,BY.HR.SH,,,,,
EU4,County of Slonim,Слонімскі Раён (Слонимский Район),53°05′00″N,25°19′00″E,BY.HR.SL,,,,,
EU4,County of Smarhon,Смаргонскі Раён (Сморгонский Район),54°29′01″N,26°24′00″E,BY.HR.SM,,,,,
EU4,County of Svislach,Свіслацкі Раён (Свислочский Район),53°02′00″N,24°06′00″E,BY.HR.SV,,,,,
EU4,County of Vawkavysk,Ваўкавыскі Раён (Волковысский Район),53°10′00″N,24°28′00″E,BY.HR.VA,,,,,
EU4,County of Voranava,Воранаўскі Раён (Вороновский Район),54°09′00″N,25°19′00″E,BY.HR.VO,,,,,
EU4,County of Zelva,Зэльвенскі Раён (Зельвенский Район),53°09′00″N,24°49′00″E,BY.HR.ZE,,,,,
Province of Vitsebsk (Vitebskaya Oblast) ► Віцебская Вобласць ► Витебская Область,,,,,,,,,,
EU6,County of Byeshankovichy,Бешанковіцкі Раён (Бешенковичский Район),55°02′00″N,29°27′00″E,BY.VI.BE,,,,,
EU6,County of Braslaw,Браслаўскі Раён (Браславский Район),55°38′36″N,27°03′41″E,BY.VI.BR,,,,,
EU6,County of Chashniki,Чашніцкі Раён (Чашникский Район),54°51′12″N,29°09′53″E,BY.VI.CH,,,,,
EU6,County of Dokshytsy,Докшыцкі Раён (Докшицкий Район),54°53′00″N,27°46′00″E,BY.VI.DO,,,,,
EU6,County of Dubrowna,Дубровенскі Раён (Дубровенский Район),54°34′00″N,30°41′00″E,BY.VI.DU,,,,,
EU6,County of Haradok,Гарадоцкі Раён (Городокский Район),55°28′00″N,29°59′00″E,BY.VI.HA,,,,,
EU6,County of Hlybokaye,Глыбоцкі Раён (Глубокский Район),55°08′00″N,27°41′00″E,BY.VI.HL,,,,,
EU6,County of Lepel,Лепельскі Раён (Лепельский Район),54°52′30″N,28°41′40″E,BY.VI.LE,,,,,
EU6,County of Lyozna,Лёзненскі Раён (Лиозненский Район),55°01′00″N,30°48′00″E,BY.VI.LO,,,,,
EU6,County of Myory,Міёрскі Раён (Миорский Район),55°37′00″N,27°37′00″E,BY.VI.MY,,,,,
EU6,Township of Navapolatsk,Горад Наваполацк (Город Новополоцк),55°32′00″N,28°40′00″E,BY.VI.NP,,,,,
EU6,Township of Orsha,Горад Орша (Город Орша),54°30′00″N,30°24′00″E,BY.VI.OR,,,,,
EU6,County of Orsha,Аршанскі Раён (Оршанский Район),54°29′00″N,30°20′00″E,BY.VI.AR,,,,,
EU6,County of Pastavy,Пастаўскі Раён (Поставский Район),55°07′00″N,26°50′00″E,BY.VI.PA,,,,,
EU6,Township of Polatsk,Горад Полацк (Город Полоцк),55°29′00″N,28°48′00″E,BY.VI.PG,,,,,
EU6,County of Polatsk,Полацкі Раён (Полоцкий Район),55°31′01″N,28°44′07″E,BY.VI.PO,,,,,
EU6,County of Rasony,Расонскі Раён (Россонский Район),55°53′00″N,28°48′00″E,BY.VI.RA,,,,,
EU6,County of Sharkawshchyna,Шаркоўшчынскі Раён (Шарковщинский Район),55°22′00″N,27°28′00″E,BY.VI.SA,,,,,
EU6,County of Shumilina,Шумілінскі Раён (Шумилинский Район),55°18′00″N,29°36′00″E,BY.VI.SU,,,,,
EU6,County of Syanno,Сенненскі Раён (Сенненский Район),54°49′00″N,29°41′00″E,BY.VI.SY,,,,,
EU6,County of Talachyn,Талачынскі Раён (Толочинский Район),54°25′00″N,29°42′00″E,BY.VI.TA,,,,,
EU6,County of Ushachy,Ушацкі Раён (Ушачский Район),55°11′00″N,28°37′00″E,BY.VI.US,,,,,
EU6,Township of Vitsebsk,Горад Віцебск (Город Витебск),55°11′00″N,30°10′00″E,BY.VI.VG,,,,,
EU6,County of Vitsebsk,Віцебскі Раён (Витебский Район),55°09′02″N,30°10′50″E,BY.VI.VI,,,,,
EU6,County of Vyerhnyadzvinsk,Верхнядзвінскі Раён (Верхнедвинский Район),55°46′00″N,27°56′00″E,BY.VI.VD,,,,,
Province of Mahilyow (Mogilyovskaya Oblast) ► Магілёўская Вобласць ► Могилёвская Область,,,,,,,,,,
EU7,County of Asipovichy,Асіповіцкі Раён (Осиповичский Район),53°18′00″N,28°39′00″E,BY.MA.AS,,,,,
EU7,Township of Babruysk,Горад Бабруйск (Город Бобруйск),53°06′00″N,29°13′00″E,BY.MA.BG,,,,,
EU7,County of Babruysk,Бабруйскі Раён (Бобруйский Район),53°02′53″N,29°32′15″E,BY.MA.BA,,,,,
EU7,County of Byalynichy,Бялыніцкі Раён (Белыничский Район),53°55′00″N,30°21′00″E,BY.MA.BL,,,,,
EU7,County of Bykhaw,Быхаўскі Раён (Быховский Район),53°31′34″N,30°14′09″E,BY.MA.BY,,,,,
EU7,County of Chavusy,Чавускі Раён (Чаусский Район),53°48′00″N,30°58′00″E,BY.MA.CA,,,,,
EU7,County of Cherykaw,Чэрыкаўскі Раён (Чериковский Район),53°34′00″N,31°22′00″E,BY.MA.CE,,,,,
EU7,County of Drybin,Дрыбінскі Раён (Дрибинский Район),54°07′10″N,31°05′35″E,BY.MA.DR,,,,,
EU7,County of Horki,Горацкі Раён (Горецкий Район),54°17′00″N,30°59′00″E,BY.MA.HO,,,,,
EU7,County of Hlusk,Глускі Раён (Глусский Район),52°53′28″N,28°41′19″E,BY.MA.HL,,,,,
EU7,County of Kastsyukovichy,Касцюковіцкі Раён (Костюковичский Район),53°20′20″N,32°02′46″E,BY.MA.KA,,,,,
EU7,County of Khotsimsk,Хоцімскі Раён (Хотимский Район),53°24′30″N,32°34′20″E,BY.MA.KH,,,,,
EU7,County of Kirawsk,Кіраўскі Раён (Кировский Район),53°16′07″N,29°28′25″E,BY.MA.KI,,,,,
EU7,County of Klichaw,Клічаўскі Раён (Кличевский Район),53°28′58″N,29°20′28″E,BY.MA.KL,,,,,
EU7,County of Klimavichy,Клімавіцкі Раён (Климовичский Район),53°37′00″N,31°57′00″E,BY.MA.KM,,,,,
EU7,County of Krasnapolle,Краснапольскі Раён (Краснопольский Район),53°20′00″N,31°24′08″E,BY.MA.KP,,,,,
EU7,County of Kruhlaye,Круглянскі Раён (Круглянский Район),54°14′52″N,29°47′47″E,BY.MA.KR,,,,,
EU7,County of Krychaw,Крычаўскі Раён (Кричевский Район),53°43′10″N,31°42′50″E,BY.MA.KY,,,,,
EU7,Township of Mahilyow,Горад Магілёў (Город Могилёв),53°55′00″N,30°21′00″E,BY.MA.MG,,,,,
EU7,County of Mahilyow,Магілёўскі Раён (Могилёвский Район),53°54′00″N,30°34′00″E,BY.MA.MA,,,,,
EU7,County of Mstsislaw,Мсціслаўскі Раён (Мстиславский Район),54°01′00″N,31°43′00″E,BY.MA.MS,,,,,
EU7,County of Shklow,Шклоўскі Раён (Шкловский Район),54°12′30″N,30°17′13″E,BY.MA.SH,,,,,
EU7,County of Slawharad,Слаўгарадскі Раён (Славгородский Район),53°26′43″N,30°59′47″E,BY.MA.SL,,,,,
Province of Homiel (Gomel'skaya Oblast) ► Гомельская Вобласць ► Гомельская Область,,,,,,,,,,
EU8,County of Aktsyabar,Акцябрскі Раён (Октябрьский Район),52°38′35″N,28°52′56″E,BY.HO.AK,,,,,
EU8,County of Brahin,Брагінскі Раён (Брагинский Район),51°47′00″N,30°16′00″E,BY.HO.BR,,,,,
EU8,County of Buda-Kashalyova,Буда-Кашалёўскі Раён (Буда-Кошелевский Район),52°43′00″N,30°34′00″E,BY.HO.BK,,,,,
EU8,County of Chachersk,Чачэрскі Раён (Чечерский Район),52°55′00″N,30°55′00″E,BY.HO.CH,,,,,
EU8,County of Dobrush,Добрушскі Раён (Добрушский Район),52°25′00″N,31°19′00″E,BY.HO.DO,,,,,
EU8,Township of Homiel,Горад Гомель (Город Гомель),52°26′30″N,30°59′00″E,BY.HO.HG,,,,,
EU8,County of Homiel,Гомельскі Раён (Гомельский Район),52°30′53″N,30°56′19″E,BY.HO.HO,,,,,
EU8,County of Kalinkavichy,Калінкавіцкі Раён (Калинковичский Район),52°08′00″N,29°20′00″E,BY.HO.KA,,,,,
EU8,County of Karma,Кармянскі Раён (Кормянский Район),53°07′44″N,30°48′38″E,BY.HO.KR,,,,,
EU8,County of Khoiniki,Хойніцкі Раён (Хойникский Район),51°54′00″N,29°58′00″E,BY.HO.KH,,,,,
EU8,County of Lelchytsy,Лельчыцкі Раён (Лельчицкий Район),51°47′09″N,28°19′29″E,BY.HO.LE,,,,,
EU8,County of Loyew,Лоеўскі Раён (Лоевский Район),51°56′00″N,30°48′04″E,BY.HO.LO,,,,,
EU8,County of Mazyr,Мазырскі Раён (Мозырский Район),52°03′00″N,29°14′00″E,BY.HO.MA,,,,,
EU8,County of Narowla,Нараўлянскі Раён (Наровлянский Район),51°48′00″N,29°30′00″E,BY.HO.NA,,,,,
EU8,County of Pyetrykaw,Петрыкаўскі Раён (Петриковский Район),52°08′00″N,28°30′00″E,BY.HO.PE,,,,,
EU8,County of Rahachow,Рагачоўскі Раён (Рогачёвский Район),53°06′00″N,30°03′00″E,BY.HO.RA,,,,,
EU8,County of Rechytsa,Рэчыцкі Раён (Речицкий Район),52°21′50″N,30°23′41″E,BY.HO.RE,,,,,
EU8,County of Svyetlahorsk,Светлагорскі Раён (Светлогорский Район),52°38′00″N,29°44′00″E,BY.HO.SH,,,,,
EU8,County of Vyetka,Веткаўскі Раён (Ветковский Район),52°33′33″N,31°10′51″E,BY.HO.VE,,,,,
EU8,County of Yelsk,Ельскі Раён (Ельский Район),51°49′00″N,29°09′00″E,BY.HO.YE,,,,,
EU8,County of Zhlobin,Жлобінскі Раён (Жлобинский Район),52°54′00″N,30°02′00″E,BY.HO.ZL,,,,,
EU8,County of Zhytkavichy,Жыткавіцкі Раён (Житковичский Район),52°14′00″N,27°52′00″E,BY.HO.ZT,,,,,
French Republic ► République Française,,,,,,,,,,
Region of Alsace ► Région de l'Alsace,,,,,,,,,,
Department of Bas-Rhin (Lower Rhine) ► Département du Bas-Rhin,,,,,,,,,,
F,County of Haguenau,Arrondissement de Haguenau,48°49′02″N,07°47′19″E,FR.BA.HA,,,,,
F,County of Molsheim,Arrondissement de Molsheim,48°32′37″N,07°29′35″E,FR.BA.MO,,,,,
F,County of Saverne,Arrondissement de Saverne,48°44′32″N,07°21′46″E,FR.BA.SA,,,,,
F,County of Se'lestat-Erstein,Arrondissement de Se'lestat-Erstein,48°15′37″N,07°27′18″E,FR.BA.SE,,,,,
F,County of Strasbourg-Campagne,Arrondissement de Strasbourg-Campagne,48°45′33″N,07°43′48″E,FR.BA.SC,,,,,
F,County of Strasbourg-Ville (Excluding the Council of Europe),Arrondissement de Strasbourg-Ville,48°35′04″N,07°44′55″E,FR.BA.SV,,,,,
F,County of Wissembourg,Arrondissement de Wissembourg,49°02′18″N,07°56′49″E,FR.BA.WS,,,,,
Exceptional Territories of the Department of Bas-Rhin,,,,,,,,,,
TP,"Headquarters of the Council of Europe (Palace of Europe, Strasbourg, TP2CE)","Conseil de l'Europe (Palais de l'Europe, Strasbourg, TP2CE)",48°35′42″N,07°46′19″E,FR.DX.CE,,,,,
Department of Haut-Rhin (Upper Rhine) ► Département du Haut-Rhin,,,,,,,,,,
F,County of Altkirch,Arrondissement d'Altkirch,47°37′26″N,07°14′25″E,FR.HR.AK,,,,,
F,County of Colmar,Arrondissement de Colmar,48°04′54″N,07°21′20″E,FR.HR.CO,,,,,
F,County of Guebwiller,Arrondissement de Guebwiller,47°54′30″N,07°12′39″E,FR.HR.GU,,,,,
F,County of Mulhouse,Arrondissement de Mulhouse,47°44′58″N,07°20′24″E,FR.HR.MH,,,,,
F,County of Ribeauvillé,Arrondissement de Ribeauvillé,48°11′46″N,07°19′09″E,FR.HR.RV,,,,,
F,County of Thann,Arrondissement de Thann,47°48′26″N,07°06′19″E,FR.HR.TH,,,,,
Region of Aquitaine ► Région de l'Aquitaine,,,,,,,,,,
Department of Dordogne ► Département de la Dordogne,,,,,,,,,,
F,County of Bergerac,Arrondissement de Bergerac,44°51′07″N,00°28′59″E,FR.DD.BE,,,,,
F,County of Nontron,Arrondissement de Nontron,45°31′46″N,00°39′43″E,FR.DD.NO,,,,,
F,County of Périgueux,Arrondissement de Périgueux,45°11′06″N,00°43′08″E,FR.DD.PE,,,,,
F,County of Sarlat-la-Canéda,Arrondissement de Sarlat-la-Canéda,44°53′34″N,01°12′55″E,FR.DD.SC,,,,,
Department of Gironde ► Département de la Gironde,,,,,,,,,,
F,County of Arcachon,Arrondissement d'Arcachon,44°39′10″N,01°10′09″W,FR.GI.AR,,,,,
F,County of Blaye,Arrondissement de Blaye,45°07′43″N,00°39′40″W,FR.GI.BL,,,,,
F,County of Bordeaux,Arrondissement de Bordeaux,44°50′19″N,00°34′42″W,FR.GI.BO,,,,,
F,County of Langon,Arrondissement de Langon,44°33′14″N,00°14′54″W,FR.GI.LA,,,,,
F,County of Lesparre-Médoc,Arrondissement de Lesparre-Médoc,45°18′28″N,00°56′11″W,FR.GI.LM,,,,,
F,County of Libourne,Arrondissement de Libourne,44°54′58″N,00°14′34″W,FR.GI.LI,,,,,
Department of Landes ► Département des Landes,,,,,,,,,,
F,County of Dax,Arrondissement de Dax,43°42′26″N,01°03′19″W,FR.LD.DA,,,,,
F,County of Mont-de-Marsan,Arrondissement de Mont-de-Marsan,43°53′29″N,00°29′58″W,FR.LD.MM,,,,,
Department of Lot-et-Garonne ► Département de Lot-et-Garonne,,,,,,,,,,
F,County of Agen,Arrondissement d'Agen,44°12′18″N,00°37′16″E,FR.LG.AG,,,,,
F,County of Marmande,Arrondissement de Marmande,44°30′36″N,00°09′42″E,FR.LG.MA,,,,,
F,County of Nérac,Arrondissement de Nérac,44°08′53″N,00°20′42″E,FR.LG.NE,,,,,
F,County of Villeneuve-sur-Lot,Arrondissement de Villeneuve-sur-Lot,44°24′29″N,00°42′18″E,FR.LG.VL,,,,,
Department of Pyrénées-Atlantiques ► Département des Pyrénées-Atlantiques,,,,,,,,,,
F,County of Pau,Arrondissement de Pau,43°18′06″N,00°22′07″W,FR.PA.PU,,,,,
F,County of Bayonne,Arrondissement de Bayonne,43°29′37″N,01°28′30″W,FR.PA.BA,,,,,
F,County of Oloron-Sainte-Marie,Arrondissement d'Oloron-Sainte-Marie,43°11′41″N,00°36′20″W,FR.PA.OS,,,,,
Region of Auvergne ► Région de l'Auvergne,,,,,,,,,,
Department of Allier ► Département de l'Allier,,,,,,,,,,
F,County of Montluçon,Arrondissement de Montluçon,46°20′27″N,02°36′12″E,FR.AL.ML,,,,,
F,County of Moulins,Arrondissement de Moulins,46°33′55″N,03°20′00″E,FR.AL.MO,,,,,
F,County of Vichy,Arrondissement de Vichy,46°07′40″N,03°25′36″E,FR.AL.VI,,,,,
Department of Cantal ► Département du Cantal,,,,,,,,,,
F,Coiunty of Aurillac,Arrondissement d'Aurillac,44°55′34″N,02°26′26″E,FR.CT.AU,,,,,
F,County of Mauriac,Arrondissement de Mauriac,45°13′11″N,02°20′03″E,FR.CT.MA,,,,,
F,County of Saint-Flour,Arrondissement de Saint-Flour,45°02′04″N,03°05′37″E,FR.CT.SF,,,,,
Department of Haute-Loire ► Département de la Haute-Loire,,,,,,,,,,
F,County of Brioude,Arrondissement de Brioude,45°17′42″N,03°23′06″E,FR.HL.BR,,,,,
F,County of Puy-en-Velay,Arrondissement du Puy-en-Velay,45°02′39″N,03°53′09″E,FR.HL.PV,,,,,
F,County of Yssingeaux,Arrondissement d'Yssingeaux,45°08′37″N,04°07′28″E,FR.HL.YS,,,,,
Department of Puy-de-Dôme ► Département du Puy-de-Dôme,,,,,,,,,,
F,County of Ambert,Arrondissement d'Ambert,45°33′01″N,03°44′33″E,FR.PD.AM,,,,,
F,County of Clermont-Ferrand,Arrondissement de Clermont-Ferrand,45°46′59″N,03°04′56″E,FR.PD.CF,,,,,
F,County of Issoire,Arrondissement d'Issoire,45°32′42″N,03°14′59″E,FR.PD.IS,,,,,
F,County of Riom,Arrondissement de Riom,45°53′40″N,03°06′48″E,FR.PD.RI,,,,,
F,County of Thiers,Arrondissement de Thiers,45°51′26″N,03°32′54″E,FR.PD.TH,,,,,
Region of Lower Normandy ► Région de la Basse-Normandie,,,,,,,,,,
Department of Calvados ► Département du Calvados,,,,,,,,,,
F,County of Caen,Arrondissement de Caen,49°10′59″N,00°22′10″W,FR.CL.CA,,,,,
F,County of Bayeux,Arrondissement de Bayeux,49°16′46″N,00°42′10″W,FR.CL.BA,,,,,
F,County of Lisieux,Arrondissement de Lisieux,49°08′47″N,00°13′36″E,FR.CL.LI,,,,,
F,County of Vire,Arrondissement de Vire,48°50′19″N,00°53′21″W,FR.CL.VI,,,,,
Department of Manche ► Département de la Manche,,,,,,,,,,
F,County of Avranches (Excluding the Chausey Islands),Arrondissement d'Avranches,48°41′06″N,01°21′20″W,FR.MA.AV,,,,,
F,County of Cherbourg-Octeville,Arrondissement de Cherbourg-Octeville,49°38′33″N,01°37′31″W,FR.MA.CO,,,,,
F,County of Coutances,Arrondissement de Coutances,49°02′46″N,01°26′38″W,FR.MA.CT,,,,,
F,County of Saint-Lô,Arrondissement de Saint-Lô,49°06′55″N,01°05′25″W,FR.MA.SL,,,,,
Exceptional Territories of the Department of Manche,,,,,,,,,,
F,Chausey Islands,Îles Chausey,48°52′13″N,01°49′21″W,FR.DX.CH,,,,,
Department of Orne ► Département de l'Orne,,,,,,,,,,
F,County of Alençon,Arrondissement d'Alençon,48°25′50″N,00°05′35″E,FR.OR.AL,,,,,
F,County of Argentan,Arrondissement d'Argentan,48°44′43″N,00°01′09″W,FR.OR.AR,,,,,
F,County of Mortagne-au-Perche,Arrondissement de Mortagne-au-Perche,48°31′15″N,00°32′54″E,FR.OR.MP,,,,,
Region of Burgundy ► Région de la Bourgogne,,,,,,,,,,
Department of Côte-d'Or ► Département de la Côte-d’Or,,,,,,,,,,
F,County of Beaune,Arrondissement de Beaune,47°01′30″N,04°50′23″E,FR.CO.BE,,,,,
F,County of Dijon,Arrondissement de Dijon,47°19′18″N,05°02′29″E,FR.CO.DI,,,,,
F,County of Montbard,Arrondissement de Montbard,47°37′25″N,04°20′16″E,FR.CO.MO,,,,,
Department of Nièvre ► Département de la Nièvre,,,,,,,,,,
F,County of Château-Chinon,Arrondissement de Château-Chinon (Ville),47°03′54″N,03°56′04″E,FR.NI.CC,,,,,
F,County of Clamecy,Arrondissement de Clamecy,47°27′39″N,03°31′13″E,FR.NI.CM,,,,,
F,County of Cosne-Cours-sur-Loire,Arrondissement de Cosne-Cours-sur-Loire,47°24′44″N,02°55′39″E,FR.NI.CL,,,,,
F,County of Nevers,Arrondissement de Nevers,46°59′34″N,03°09′43″E,FR.NI.NE,,,,,
Department of Saône-et-Loire ► Département de Saône-et-Loire,,,,,,,,,,
F,County of Autun,Arrondissement d'Autun,46°57′06″N,04°17′58″E,FR.SL.AU,,,,,
F,County of Chalon-sur-Saône,Arrondissement de Chalon-sur-Saône,46°46′50″N,04°51′10″E,FR.SL.CS,,,,,
F,County of Charolles,Arrondissement de Charolles,46°26′04″N,04°16′31″E,FR.SL.CH,,,,,
F,County of Louhans,Arrondissement de Louhans,46°39′40″N,05°13′31″E,FR.SL.LO,,,,,
F,County of Mâcon,Arrondissement de Mâcon,46°18′23″N,04°49′53″E,FR.SL.MA,,,,,
Department of Yonne ► Département de l'Yonne,,,,,,,,,,
F,County of Auxerre,Arrondissement d'Auxerre,47°47′55″N,03°34′02″E,FR.YO.AU,,,,,
F,County of Avallon,Arrondissement d'Avallon,47°29′27″N,03°54′33″E,FR.YO.AV,,,,,
F,County of Sens,Arrondissement de Sens,48°14′51″N,03°17′16″E,FR.YO.SE,,,,,
Region of Brittany ► Région de la Bretagne,,,,,,,,,,
Department of Côtes-d'Armor ► Département des Côtes-d'Armor,,,,,,,,,,
F,County of Dinan,Arrondissement de Dinan,48°27′23″N,02°02′56″W,FR.CA.DI,,,,,
F,County of Guingamp,Arrondissement de Guingamp,48°33′48″N,03°09′00″W,FR.CA.GU,,,,,
F,County of Lannion,Arrondissement de Lannion,48°44′00″N,03°27′15″W,FR.CA.LA,,,,,
F,County of Saint-Brieuc,Arrondissement de Saint-Brieuc,48°30′49″N,02°45′55″W,FR.CA.SB,,,,,
Department of Finistère ► Département du Finistère,,,,,,,,,,
F,County of Brest (Excluding Ushant Island),Arrondissement de Brest,48°23′27″N,04°29′08″W,FR.FI.BR,,,,,
F,County of Châteaulin,Arrondissement de Châteaulin,48°11′51″N,04°05′19″W,FR.FI.CH,,,,,
F,County of Morlaix,Arrondissement de Morlaix,48°34′42″N,03°49′36″W,FR.FI.MO,,,,,
F,County of Quimper (Excluding the Glénan Islands),Arrondissement de Quimper,47°59′48″N,04°05′47″W,FR.FI.QU,,,,,
Exceptional Territories of the Department of Finistère,,,,,,,,,,
F,Ushant Island (Including Molène Islands),Île d'Ouessant,48°27′29″N,05°05′44″W,FR.DX.US,,,,,
F,Glénan Islands,Archipel des Glénan,47°43′18″N,03°59′54″W,FR.DX.GL,,,,,
Department of Ille-et-Vilaine ► Département d'Ille-et-Vilaine,,,,,,,,,,
F,County of Fougères,Arrondissement de Fougères,48°21′09″N,01°11′55″W,FR.IV.FO,,,,,
F,County of Redon,Arrondissement de Redon,47°39′08″N,02°05′01″W,FR.IV.RE,,,,,
F,County of Rennes,Arrondissement de Rennes,48°06′53″N,01°40′46″W,FR.IV.RN,,,,,
F,County of Saint-Malo,Arrondissement de Saint-Malo,48°38′53″N,02°00′27″W,FR.IV.SM,,,,,
Department of Morbihan ► Département du Morbihan,,,,,,,,,,
F,County of Lorient,Arrondissement de Lorient,47°45′00″N,03°22′00″W,FR.MO.LO,,,,,
F,County of Pontivy,Arrondissement de Pontivy,48°04′00″N,02°59′00″W,FR.MO.PO,,,,,
F,County of Vannes,Arrondissement de Vannes,47°39′21″N,02°45′37″W,FR.MO.VA,,,,,
Region of Centre ► Région Centre,,,,,,,,,,
Department of Cher ► Département du Cher,,,,,,,,,,
F,County of Bourges,Arrondissement de Bourges,47°05′04″N,02°23′47″E,FR.CR.BO,,,,,
F,County of Saint-Amand-Montrond,Arrondissement de Saint-Amand-Montrond,46°43′25″N,02°30′20″E,FR.CR.SA,,,,,
F,County of Vierzon,Arrondissement de Vierzon,47°13′21″N,02°04′10″E,FR.CR.VI,,,,,
Department of Eure-et-Loir ► Département d'Eure-et-Loir,,,,,,,,,,
F,County of Chartres,Arrondissement de Chartres,48°27′21″N,01°29′03″E,FR.EL.CH,,,,,
F,County of Châteaudun,Arrondissement de Châteaudun,48°04′18″N,01°20′19″E,FR.EL.CA,,,,,
F,County of Dreux,Arrondissement de Dreux,48°44′14″N,01°21′59″E,FR.EL.DR,,,,,
F,County of Nogent-le-Rotrou,Arrondissement de Nogent-le-Rotrou,48°19′21″N,00°49′21″E,FR.EL.NR,,,,,
Department of Indre ► Département de l'Indre,,,,,,,,,,
F,County of Blanc,Arrondissement du Blanc,46°38′04″N,01°03′49″E,FR.IN.BL,,,,,
F,County of Châteauroux,Arrondissement de Châteauroux,46°48′37″N,01°41′28″E,FR.IN.CH,,,,,
F,County of La Châtre,Arrondissement de La Châtre,46°34′59″N,01°59′16″E,FR.IN.LC,,,,,
F,County of Issoudun,Arrondissement d'Issoudun,46°57′39″N,01°59′40″E,FR.IN.IS,,,,,
Department of Indre-et-Loire ► Département d'Indre-et-Loire,,,,,,,,,,
F,County of Chinon,Arrondissement de Chinon,47°10′04″N,00°14′37″E,FR.IL.CH,,,,,
F,County of Loches,Arrondissement de Loches,47°07′45″N,00°59′46″E,FR.IL.LO,,,,,
F,County of Tours,Arrondissement de Tours,47°23′37″N,00°41′21″E,FR.IL.TO,,,,,
Department of Loiret ► Département du Loiret,,,,,,,,,,
F,County of Montargis,Arrondissement de Montargis,47°59′52″N,02°44′00″E,FR.LT.MO,,,,,
F,County of Orléans,Arrondissement d'Orléans,47°54′09″N,01°54′32″E,FR.LT.OR,,,,,
F,County of Pithiviers,Arrondissement de Pithiviers,48°10′21″N,02°15′09″E,FR.LT.PI,,,,,
Department of Loir-et-Cher ► Département de Loir-et-Cher,,,,,,,,,,
F,County of Blois,Arrondissement de Blois,47°35′38″N,01°19′41″E,FR.LC.BL,,,,,
F,County of Romorantin-Lanthenay,Arrondissement de Romorantin-Lanthenay,47°21′32″N,01°44′37″E,FR.LC.RL,,,,,
F,County of Vendôme,Arrondissement de Vendôme,47°47′37″N,01°03′59″E,FR.LC.VE,,,,,
Region of Champagne-Ardenne ► Région de Champagne-Ardenne,,,,,,,,,,
Department of Ardennes ► Département des Ardennes,,,,,,,,,,
F,County of Charleville-Mézières,Arrondissement de Charleville-Mézières,49°46′19″N,04°42′58″E,FR.AD.CM,,,,,
F,County of Rethel,Arrondissement de Rethel,49°30′38″N,04°22′00″E,FR.AD.RE,,,,,
F,County of Sedan,Arrondissement de Sedan,49°42′09″N,04°56′28″E,FR.AD.SE,,,,,
F,County of Vouziers,Arrondissement de Vouziers,49°23′50″N,04°41′54″E,FR.AD.VO,,,,,
Department of Aube ► Département de l'Aube,,,,,,,,,,
F,County of Bar-sur-Aube,Arrondissement de Bar-sur-Aube,48°16′00″N,04°43′00″E,FR.AU.BA,,,,,
F,County of Nogent-sur-Seine,Arrondissement de Nogent-sur-Seine,48°29′39″N,03°30′12″E,FR.AU.NS,,,,,
F,County of Troyes,Arrondissement de Troyes,48°17′51″N,04°04′27″E,FR.AU.TR,,,,,
Department of Haute-Marne ► Département de la Haute-Marne,,,,,,,,,,
F,County of Chaumont,Arrondissement de Chaumont,48°06′42″N,05°08′20″E,FR.HM.CH,,,,,
F,County of Langres,Arrondissement de Langres,47°51′48″N,05°20′02″E,FR.HM.LA,,,,,
F,County of Saint-Dizier,Arrondissement de Saint-Dizier,48°38′18″N,04°56′59″E,FR.HM.SD,,,,,
Department of Marne ► Département de la Marne,,,,,,,,,,
F,County of Châlons-en-Champagne,Arrondissement de Châlons-en-Champagne,48°57′27″N,04°21′54″E,FR.MR.CC,,,,,
F,County of Épernay,Arrondissement d'Épernay,49°02′25″N,03°57′36″E,FR.MR.EP,,,,,
F,County of Reims,Arrondissement de Reims,49°15′46″N,04°02′05″E,FR.MR.RE,,,,,
F,County of Sainte-Menehould,Arrondissement de Sainte-Menehould,49°05′27″N,04°53′53″E,FR.MR.SM,,,,,
F,County of Vitry-le-François,Arrondissement de Vitry-le-François,48°43′32″N,04°35′07″E,FR.MR.VF,,,,,
Region of Franche-Comté ► Région de la Franche-Comté,,,,,,,,,,
Department of Doubs ► Département du Doubs,,,,,,,,,,
F,County of Besançon,Arrondissement de Besançon,47°14′35″N,06°01′19″E,FR.DO.BE,,,,,
F,County of Montbéliard,Arrondissement de Montbéliard,47°30′37″N,06°47′56″E,FR.DO.MO,,,,,
F,County of Pontarlier,Arrondissement de Pontarlier,46°54′24″N,06°21′20″E,FR.DO.PO,,,,,
Department of Haute-Saône ► Département de la Haute-Saône,,,,,,,,,,
F,County of Lure,Arrondissement de Lure,47°41′01″N,06°29′51″E,FR.HS.LU,,,,,
F,County of Vesoul,Arrondissement de Vesoul,47°37′23″N,06°09′21″E,FR.HS.VE,,,,,
Department of Jura ► Département du Jura,,,,,,,,,,
F,County of Dole,Arrondissement de Dole,47°05′35″N,05°29′26″E,FR.JU.DO,,,,,
F,County of Lons-le-Saunier,Arrondissement de Lons-le-Saunier,46°40′31″N,05°33′16″E,FR.JU.LS,,,,,
F,County of Saint-Claude,Arrondissement de Saint-Claude,46°23′16″N,05°51′50″E,FR.JU.SC,,,,,
Department of Territoire de Belfort ► Département du Territoire de Belfort,,,,,,,,,,
F,County of Belfort,Arrondissement de Belfort,47°38′30″N,06°51′00″E,FR.TB.BE,,,,,
Region of Upper Normandy ► Région de la Haute-Normandie,,,,,,,,,,
Department of Eure ► Département de l'Eure,,,,,,,,,,
F,County of Andelys,Arrondissement des Andelys,49°14′46″N,01°24′45″E,FR.EU.AN,,,,,
F,County of Bernay,Arrondissement de Bernay,49°05′22″N,00°35′57″E,FR.EU.BE,,,,,
F,County of Évreux,Arrondissement d'Évreux,49°01′07″N,01°08′56″E,FR.EU.EV,,,,,
Department of Seine-Maritime ► Département de Seine-Maritime,,,,,,,,,,
F,County of Dieppe,Arrondissement de Dieppe,49°55′20″N,01°04′43″E,FR.SE.DI,,,,,
F,County of Havre,Arrondissement du Havre,49°29′24″N,00°06′00″E,FR.SE.HA,,,,,
F,County of Rouen,Arrondissement de Rouen,49°26′38″N,01°06′12″E,FR.SE.RO,,,,,
Region of Île-de-France ► Région de l'Île-de-France,,,,,,,,,,
Department of Essonne ► Département de l'Essonne,,,,,,,,,,
F,County of Étampes,Arrondissement d'Étampes,48°26′03″N,02°09′41″E,FR.ES.ET,,,,,
F,County of Évry,Arrondissement d'Évry,48°37′26″N,02°25′46″E,FR.ES.EV,,,,,
F,County of Palaiseau,Arrondissement de Palaiseau,48°42′52″N,02°14′45″E,FR.ES.PA,,,,,
Department of Hauts-de-Seine ► Département des Hauts-de-Seine,,,,,,,,,,
F,County of Antony,Arrondissement d'Antony,48°45′14″N,02°17′51″E,FR.HD.AN,,,,,
F,County of Boulogne-Billancourt,Arrondissement de Boulogne-Billancourt,48°50′07″N,02°14′27″E,FR.HD.BB,,,,,
F,County of Nanterre,Arrondissement de Nanterre,48°53′56″N,02°11′49″E,FR.HD.NA,,,,,
Department of Paris ► Département de Paris,,,,,,,,,,
F,County of Louvre,1er Arrondissement de Paris (Arrondissement du Louvre),48°51′40″N,02°20′09″E,FR.PS.LO,,,,,
F,County of Bourse,2e Arrondissement de Paris (Arrondissement de la Bourse),48°52′09″N,02°20′26″E,FR.PS.BO,,,,,
F,County of Temple,3e Arrondissement de Paris (Arrondissement du Temple),48°51′50″N,02°21′42″E,FR.PS.TE,,,,,
F,County of Hôtel-de-Ville,4e Arrondissement de Paris (Arrondissement de l'Hôtel-de-Ville),48°51′20″N,02°21′20″E,FR.PS.HV,,,,,
F,County of Panthéon,5e Arrondissement de Paris (Arrondissement du Panthéon),48°50′46″N,02°20′46″E,FR.PS.PA,,,,,
F,County of Luxembourg,6e Arrondissement de Paris (Arrondissement du Luxembourg),48°51′02″N,02°19′56″E,FR.PS.LU,,,,,
F,County of Palais-Bourbon,7e Arrondissement de Paris (Arrondissement du Palais-Bourbon),48°51′33″N,02°18′46″E,FR.PS.PB,,,,,
F,County of Élysée,8e Arrondissement de Paris (Arrondissement de l'Élysée),48°52′12″N,02°18′59″E,FR.PS.EL,,,,,
F,County of Opéra,9e Arrondissement de Paris (Arrondissement de l'Opéra),48°52′19″N,02°19′55″E,FR.PS.OP,,,,,
F,County of Entrepôt,10e Arrondissement de Paris (Arrondissement de l'Entrepôt),48°52′32″N,02°21′28″E,FR.PS.EN,,,,,
F,County of Popincourt,11e Arrondissement de Paris (Arrondissement de Popincourt),49°40′01″N,02°43′59″E,FR.PS.PO,,,,,
F,County of Reuilly (Including the Bois de Vincennes),12e Arrondissement de Paris (Arrondissement de Reuilly),48°50′27″N,02°23′17″E,FR.PS.RE,,,,,
F,County of Gobelins,13e Arrondissement de Paris (Arrondissement des Gobelins),48°49′56″N,02°21′20″E,FR.PS.GO,,,,,
F,County of Observatoire,14e Arrondissement de Paris (Arrondissement de l'Observatoire),48°49′59″N,02°19′37″E,FR.PS.OB,,,,,
F,County of Vaugirard,15e Arrondissement de Paris (Arrondissement de Vaugirard),48°50′29″N,02°18′01″E,FR.PS.VA,,,,,
F,County of Passy (Including the Bois de Boulogne),16e Arrondissement de Paris (Arrondissement de Passy),48°51′49″N,02°16′35″E,FR.PS.PY,,,,,
F,County of Batignolles-Monceaux,17e Arrondissement de Paris (Arrondissement des Batignolles-Monceaux),48°52′56″N,02°18′28″E,FR.PS.BA,,,,,
F,County of Butte-Montmartre,18e Arrondissement de Paris (Arrondissement de la Butte-Montmartre),48°53′32″N,02°20′40″E,FR.PS.BM,,,,,
F,County of Buttes-Chaumont,19e Arrondissement de Paris (Arrondissement des Buttes-Chaumont),48°52′56″N,02°22′54″E,FR.PS.BC,,,,,
F,County of Ménilmontant,20e Arrondissement de Paris (Arrondissement de Ménilmontant),48°51′54″N,02°23′57″E,FR.PS.ME,,,,,
Department of Seine-et-Marne ► Département de Seine-et-Marne,,,,,,,,,,
F,County of Fontainebleau,Arrondissement de Fontainebleau,48°24′35″N,02°42′09″E,FR.SM.FO,,,,,
F,County of Meaux,Arrondissement de Meaux,48°57′37″N,02°53′18″E,FR.SM.MX,,,,,
F,County of Melun,Arrondissement de Melun,48°32′26″N,02°39′36″E,FR.SM.ME,,,,,
F,County of Provins,Arrondissement de Provins,48°33′37″N,03°17′56″E,FR.SM.PR,,,,,
F,County of Torcy,Arrondissement de Torcy,48°51′01″N,02°39′03″E,FR.SM.TO,,,,,
Department of Seine-Saint-Denis ► Département de la Seine-Saint-Denis,,,,,,,,,,
F,County of Bobigny,Arrondissement de Bobigny,48°54′38″N,02°26′23″E,FR.SD.BO,,,,,
F,County of Saint-Denis,Arrondissement de Saint-Denis,48°56′11″N,02°21′17″E,FR.SD.SD,,,,,
F,County of Raincy,Arrondissement du Raincy,48°54′00″N,02°31′00″E,FR.SD.RA,,,,,
Department of Val-de-Marne ► Département du Val-de-Marne,,,,,,,,,,
F,County of Créteil,Arrondissement de Créteil,48°47′28″N,02°27′46″E,FR.VM.CR,,,,,
F,County of Haÿ-les-Roses,Arrondissement de L'Haÿ-les-Roses,48°46′22″N,02°20′11″E,FR.VM.HR,,,,,
F,County of Nogent-sur-Marne,Arrondissement de Nogent-sur-Marne,48°50′00″N,02°29′00″E,FR.VM.NM,,,,,
Department of Val-d'Oise ► Département du Val-d'Oise,,,,,,,,,,
F,County of Argenteuil,Arrondissement d'Argenteuil,48°57′00″N,02°15′00″E,FR.VO.AR,,,,,
F,County of Pontoise,Arrondissement de Pontoise,49°03′06″N,02°06′06″E,FR.VO.PO,,,,,
F,County of Sarcelles,Arrondissement de Sarcelles,49°00′00″N,02°23′00″E,FR.VO.SA,,,,,
Department of Yvelines ► Département des Yvelines,,,,,,,,,,
F,County of Mantes-la-Jolie,Arrondissement de Mantes-la-Jolie,48°59′27″N,01°43′02″E,FR.YV.MJ,,,,,
F,County of Rambouillet,Arrondissement de Rambouillet,48°38′58″N,01°49′32″E,FR.YV.RA,,,,,
F,County of Saint-Germain-en-Laye,Arrondissement de Saint-Germain-en-Laye,48°53′56″N,02°05′38″E,FR.YV.SG,,,,,
F,County of Versailles,Arrondissement de Versailles,48°48′19″N,02°08′06″E,FR.YV.VE,,,,,
Region of Languedoc-Roussillon ► Région du Languedoc-Roussillon,,,,,,,,,,
Department of Aude ► Département de l'Aude,,,,,,,,,,
F,County of Carcassonne,Arrondissement de Carcassonne,43°12′47″N,02°21′07″E,FR.AE.CA,,,,,
F,County of Limoux,Arrondissement de Limoux,43°03′28″N,02°13′09″E,FR.AE.LI,,,,,
F,County of Narbonne,Arrondissement de Narbonne,43°11′01″N,03°00′15″E,FR.AE.NA,,,,,
Department of Gard ► Département du Gard,,,,,,,,,,
F,County of Alès,Arrondissement d'Alès,44°07′41″N,04°04′54″E,FR.GA.AL,,,,,
F,County of Nîmes,Arrondissement de Nîmes,43°50′16″N,04°21′39″E,FR.GA.NI,,,,,
F,County of Vigan,Arrondissement du Vigan,43°59′35″N,03°36′22″E,FR.GA.VI,,,,,
Department of Hérault ► Département de l'Hérault,,,,,,,,,,
F,County of Béziers,Arrondissement de Béziers,43°20′51″N,03°13′08″E,FR.HE.BE,,,,,
F,County of Lodève,Arrondissement de Lodève,43°43′57″N,03°19′13″E,FR.HE.LO,,,,,
F,County of Montpellier,Arrondissement de Montpellier,43°36′43″N,03°52′38″E,FR.HE.MO,,,,,
Department of Lozère ► Département de la Lozère,,,,,,,,,,
F,County of Florac,Arrondissement de Florac,44°19′38″N,03°35′57″E,FR.LZ.FL,,,,,
F,County of Mende,Arrondissement de Mende,44°31′10″N,03°30′05″E,FR.LZ.ME,,,,,
Department of Pyrénées-Orientales (Eastern Pyrenees) ► Département des Pyrénées-Orientales,,,,,,,,,,
F,County of Céret,Arrondissement de Céret,42°29′21″N,02°45′08″E,FR.PO.CE,,,,,
F,County of Perpignan,Arrondissement de Perpignan,42°41′55″N,02°53′44″E,FR.PO.PE,,,,,
F,County of Prades,Arrondissement de Prades,42°37′05″N,02°25′22″E,FR.PO.PR,,,,,
Region of Limousin ► Région du Limousin,,,,,,,,,,
Department of Corrèze ► Département de la Corrèze,,,,,,,,,,
F,County of Brive-la-Gaillarde,Arrondissement de Brive-la-Gaillarde,45°09′30″N,01°31′55″E,FR.CZ.BG,,,,,
F,County of Tulle,Arrondissement de Tulle,45°16′02″N,01°45′56″E,FR.CZ.TU,,,,,
F,County of Ussel,Arrondissement d'Ussel,45°32′56″N,02°18′36″E,FR.CZ.US,,,,,
Department of Creuse ► Département de la Creuse,,,,,,,,,,
F,County of Aubusson,Arrondissement d'Aubusson,45°57′25″N,02°10′06″E,FR.CU.AU,,,,,
F,County of Guéret,Arrondissement de Guéret,46°10′17″N,01°52′09″E,FR.CU.GU,,,,,
Department of Haute-Vienne ► Département de la Haute-Vienne,,,,,,,,,,
F,County of Bellac,Arrondissement de Bellac,46°07′23″N,01°03′01″E,FR.HV.BE,,,,,
F,County of Limoges,Arrondissement de Limoges,45°51′00″N,01°15′00″E,FR.HV.LI,,,,,
F,County of Rochechouart,Arrondissement de Rochechouart,45°49′26″N,00°49′18″E,FR.HV.RO,,,,,
Region of Lorraine ► Région de la Lorraine,,,,,,,,,,
Department of Meurthe-et-Moselle ► Département de Meurthe-et-Moselle,,,,,,,,,,
F,County of Briey,Arrondissement de Briey,49°14′58″N,05°56′25″E,FR.MM.BR,,,,,
F,County of Lunéville,Arrondissement de Lunéville,48°35′22″N,06°30′06″E,FR.MM.LU,,,,,
F,County of Nancy,Arrondissement de Nancy,48°41′37″N,06°11′05″E,FR.MM.NA,,,,,
F,County of Toul,Arrondissement de Toul,48°40′30″N,05°53′30″E,FR.MM.TO,,,,,
Department of Meuse ► Département de la Meuse,,,,,,,,,,
F,County of Bar-le-Duc,Arrondissement de Bar-le-Duc,48°46′19″N,05°09′37″E,FR.ME.BD,,,,,
F,County of Commercy,Arrondissement de Commercy,48°45′43″N,05°35′34″E,FR.ME.CO,,,,,
F,County of Verdun,Arrondissement de Verdun,49°09′39″N,05°23′18″E,FR.ME.VE,,,,,
Department of Moselle ► Département de la Moselle,,,,,,,,,,
F,County of Boulay-Moselle,Arrondissement de Boulay-Moselle,49°11′03″N,06°29′39″E,FR.MS.BM,,,,,
F,County of Château-Salins,Arrondissement de Château-Salins,48°49′21″N,06°30′31″E,FR.MS.CS,,,,,
F,County of Forbach,Arrondissement de Forbach,49°11′20″N,06°54′03″E,FR.MS.FO,,,,,
F,County of Metz-Campagne,Arrondissement de Metz-Campagne,49°13′31″N,06°24′47″E,FR.MS.MC,,,,,
F,County of Metz-Ville,Arrondissement de Metz-Ville,49°07′13″N,06°10′40″E,FR.MS.MV,,,,,
F,County of Sarrebourg,Arrondissement de Sarrebourg,48°44′07″N,07°03′16″E,FR.MS.SB,,,,,
F,County of Sarreguemines,Arrondissement de Sarreguemines,49°06′40″N,07°04′05″E,FR.MS.SA,,,,,
F,County of Thionville-Est,Arrondissement de Thionville-Est,49°22′11″N,06°11′20″E,FR.MS.TE,,,,,
F,County of Thionville-Ouest,Arrondissement de Thionville-Ouest,49°24′53″N,06°01′44″E,FR.MS.TO,,,,,
Department of Vosges ► Département des Vosges,,,,,,,,,,
F,County of Épinal,Arrondissement d'Épinal,48°10′28″N,06°27′04″E,FR.VS.EP,,,,,
F,County of Neufchâteau,Arrondissement de Neufchâteau,48°21′23″N,05°41′47″E,FR.VS.NE,,,,,
F,County of Saint-Dié-des-Vosges,Arrondissement de Saint-Dié-des-Vosges,48°17′06″N,06°57′00″E,FR.VS.SD,,,,,
Region of Midi-Pyrénées ► Région de Midi-Pyrénées,,,,,,,,,,
Department of Ariège ► Département de l'Ariège,,,,,,,,,,
F,County of Foix,Arrondissement de Foix,42°57′59″N,01°36′28″E,FR.AG.FO,,,,,
F,County of Pamiers,Arrondissement de Pamiers,43°07′03″N,01°36′42″E,FR.AG.PA,,,,,
F,County of Saint-Girons,Arrondissement de Saint-Girons,42°59′09″N,01°08′48″E,FR.AG.SG,,,,,
Department of Aveyron ► Département de l'Aveyron,,,,,,,,,,
F,County of Millau,Arrondissement de Millau,44°05′55″N,03°04′42″E,FR.AV.MI,,,,,
F,County of Rodez,Arrondissement de Rodez,44°21′02″N,02°34′30″E,FR.AV.RO,,,,,
F,County of Villefranche-de-Rouergue,Arrondissement de Villefranche-de-Rouergue,44°21′12″N,02°02′06″E,FR.AV.VR,,,,,
Department of Gers ► Département du Gers,,,,,,,,,,
F,County of Auch,Arrondissement d'Auch,43°38′47″N,00°35′08″E,FR.GE.AU,,,,,
F,County of Condom,Arrondissement de Condom,43°57′30″N,00°22′25″E,FR.GE.CO,,,,,
F,County of Mirande,Arrondissement de Mirande,43°31′00″N,00°24′00″E,FR.GE.MI,,,,,
Department of Haute-Garonne ► Département de la Haute-Garonne,,,,,,,,,,
F,County of Muret,Arrondissement de Muret,43°27′40″N,01°19′36″E,FR.HG.MU,,,,,
F,County of Saint-Gaudens,Arrondissement de Saint-Gaudens,43°06′32″N,00°43′27″E,FR.HG.SG,,,,,
F,County of Toulouse,Arrondissement de Toulouse,43°36′16″N,01°26′38″E,FR.HG.TO,,,,,
Department of Hautes-Pyrénées ► Département des Hautes-Pyrénées,,,,,,,,,,
F,County of Argelès-Gazost,Arrondissement d'Argelès-Gazost,43°00′13″N,00°05′51″W,FR.HP.AG,,,,,
F,County of Bagnères-de-Bigorre,Arrondissement de Bagnères-de-Bigorre,43°03′54″N,00°09′02″E,FR.HP.BB,,,,,
F,County of Tarbes,Arrondissement de Tarbes,43°13′51″N,00°04′21″E,FR.HP.TA,,,,,
Department of Lot ► Département du Lot,,,,,,,,,,
F,County of Cahors,Arrondissement de Cahors,44°26′54″N,01°26′29″E,FR.LO.CA,,,,,
F,County of Figeac,Arrondissement de Figeac,44°36′31″N,02°01′54″E,FR.LO.FI,,,,,
F,County of Gourdon,Arrondissement de Gourdon,44°49′18″N,01°23′01″E,FR.LO.GO,,,,,
Department of Tarn ► Département du Tarn,,,,,,,,,,
F,County of Albi,Arrondissement d'Albi,43°55′44″N,02°08′47″E,FR.TA.AL,,,,,
F,County of Castres,Arrondissement de Castres,43°36′00″N,02°15′00″E,FR.TA.CA,,,,,
Department of Tarn-et-Garonne ► Département de Tarn-et-Garonne,,,,,,,,,,
F,County of Castelsarrasin,Arrondissement de Castelsarrasin,44°02′27″N,01°06′28″E,FR.TG.CA,,,,,
F,County of Montauban,Arrondissement de Montauban,44°01′05″N,01°21′21″E,FR.TG.MO,,,,,
Region of Nord-Pas-de-Calais ► Région du Nord-Pas-de-Calais,,,,,,,,,,
Department of Nord ► Département du Nord,,,,,,,,,,
F,County of Avesnes-sur-Helpe,Arrondissement d'Avesnes-sur-Helpe,50°07′28″N,03°55′36″E,FR.NO.AH,,,,,
F,County of Cambrai,Arrondissement de Cambrai,50°10′36″N,03°14′08″E,FR.NO.CA,,,,,
F,County of Douai,Arrondissement de Douai,50°22′17″N,03°04′48″E,FR.NO.DO,,,,,
F,County of Dunkerque,Arrondissement de Dunkerque,51°02′18″N,02°22′39″E,FR.NO.DU,,,,,
F,County of Lille,Arrondissement de Lille,50°38′14″N,03°03′48″E,FR.NO.LI,,,,,
F,County of Valenciennes,Arrondissement de Valenciennes,50°21′29″N,03°31′24″E,FR.NO.VA,,,,,
Department of Pas-de-Calais ► Département du Pas-de-Calais,,,,,,,,,,
F,County of Arras,Arrondissement d'Arras,50°17′23″N,02°46′51″E,FR.PC.AR,,,,,
F,County of Béthune,Arrondissement de Béthune,50°31′49″N,02°38′27″E,FR.PC.BE,,,,,
F,County of Boulogne-sur-Mer,Arrondissement de Boulogne-sur-Mer,50°43′35″N,01°36′53″E,FR.PC.BM,,,,,
F,County of Calais,Arrondissement de Calais,50°56′53″N,01°51′23″E,FR.PC.CA,,,,,
F,County of Lens,Arrondissement de Lens,50°25′56″N,02°50′00″E,FR.PC.LE,,,,,
F,County of Montreuil-sur-Mer,Arrondissement de Montreuil-sur-Mer,50°27′53″N,01°45′47″E,FR.PC.MM,,,,,
F,County of Saint-Omer,Arrondissement de Saint-Omer,50°44′46″N,02°15′42″E,FR.PC.SO,,,,,
Region of Pays de la Loire ► Région des Pays de la Loire,,,,,,,,,,
Department of Loire-Atlantique ► Département de la Loire-Atlantique,,,,,,,,,,
F,County of Ancenis,Arrondissement d'Ancenis,47°22′24″N,01°10′55″W,FR.LA.AN,,,,,
F,County of Châteaubriant,Arrondissement de Châteaubriant,47°43′04″N,01°22′30″W,FR.LA.CH,,,,,
F,County of Nantes,Arrondissement de Nantes,47°13′05″N,01°33′10″W,FR.LA.NA,,,,,
F,County of Saint-Nazaire,Arrondissement de Saint-Nazaire,47°16′50″N,02°12′31″W,FR.LA.SN,,,,,
Department of Maine-et-Loire ► Département de Maine-et-Loire,,,,,,,,,,
F,County of Angers,Arrondissement d'Angers,47°28′25″N,00°33′15″W,FR.ML.AN,,,,,
F,County of Cholet,Arrondissement de Cholet,47°03′36″N,00°52′42″W,FR.ML.CH,,,,,
F,County of Saumur,Arrondissement de Saumur,47°15′36″N,00°04′37″W,FR.ML.SA,,,,,
F,County of Segré,Arrondissement de Segré,47°41′14″N,00°52′15″W,FR.ML.SE,,,,,
Department of Mayenne ► Département de la Mayenne,,,,,,,,,,
F,County of Château-Gontier,Arrondissement de Château-Gontier,47°49′43″N,00°42′10″W,FR.MY.CG,,,,,
F,County of Laval,Arrondissement de Laval,48°04′24″N,00°46′08″W,FR.MY.LA,,,,,
F,County of Mayenne,Arrondissement de Mayenne,48°18′43″N,00°37′06″W,FR.MY.MA,,,,,
Department of Sarthe ► Département de la Sarthe,,,,,,,,,,
F,County of La Flèche,Arrondissement de La Flèche,47°41′45″N,00°04′29″W,FR.SA.LF,,,,,
F,County of Mamers,Arrondissement de Mamers,48°21′06″N,00°22′04″E,FR.SA.MA,,,,,
F,County of Mans,Arrondissement du Mans,48°01′12″N,00°11′56″E,FR.SA.MN,,,,,
Department of Vendée ► Département de la Vendée,,,,,,,,,,
F,County of Fontenay-le-Comte,Arrondissement de Fontenay-le-Comte,46°27′58″N,00°48′22″W,FR.VE.FC,,,,,
F,County of La Roche-sur-Yon,Arrondissement de La Roche-sur-Yon,46°40′10″N,01°25′07″W,FR.VE.LR,,,,,
F,County of Sables-d'Olonne,Arrondissement des Sables-d'Olonne,46°29′50″N,01°47′00″W,FR.VE.SO,,,,,
Exceptional Territories of the Department of Vendée,,,,,,,,,,
F,Yeu Island,Île d'Yeu,46°43′30″N,02°20′50″W,FR.DX.YE,,,,,
Region of Picardy ► Région de la Picardie,,,,,,,,,,
Department of Aisne ► Département de l'Aisne,,,,,,,,,,
F,County of Château-Thierry,Arrondissement de Château-Thierry,49°02′00″N,03°24′00″E,FR.AS.CT,,,,,
F,County of Laon,Arrondissement de Laon,49°33′50″N,03°37′28″E,FR.AS.LA,,,,,
F,County of Saint-Quentin,Arrondissement de Saint-Quentin,49°50′55″N,03°17′11″E,FR.AS.SQ,,,,,
F,County of Soissons,Arrondissement de Soissons,49°22′54″N,03°19′25″E,FR.AS.SO,,,,,
F,County of Vervins,Arrondissement de Vervins,49°50′09″N,03°54′36″E,FR.AS.VE,,,,,
Department of Oise ► Département de l'Oise,,,,,,,,,,
F,County of Beauvais,Arrondissement de Beauvais,49°25′49″N,02°05′43″E,FR.OI.BE,,,,,
F,County of Clermont,Arrondissement de Clermont,49°22′47″N,02°24′48″E,FR.OI.CL,,,,,
F,County of Compiègne,Arrondissement de Compiègne,49°24′54″N,02°49′23″E,FR.OI.CO,,,,,
F,County of Senlis,Arrondissement de Senlis,49°12′29″N,02°35′15″E,FR.OI.SE,,,,,
Department of Somme ► Département de la Somme,,,,,,,,,,
F,County of Abbeville,Arrondissement d'Abbeville,50°06′21″N,01°50′09″E,FR.SO.AB,,,,,
F,County of Amiens,Arrondissement d'Amiens,49°54′00″N,02°18′00″E,FR.SO.AM,,,,,
F,County of Montdidier,Arrondissement de Montdidier,49°38′55″N,02°34′15″E,FR.SO.MO,,,,,
F,County of Péronne,Arrondissement de Péronne,49°55′59″N,02°56′14″E,FR.SO.PE,,,,,
Region of Poitou-Charentes ► Région du Poitou-Charentes,,,,,,,,,,
Department of Charente ► Département de la Charente,,,,,,,,,,
F,County of Angoulême,Arrondissement d'Angoulême,45°38′56″N,00°09′39″E,FR.CH.AN,,,,,
F,County of Cognac,Arrondissement de Cognac,45°41′45″N,00°19′45″W,FR.CH.CO,,,,,
F,County of Confolens,Arrondissement de Confolens,46°00′52″N,00°40′24″E,FR.CH.CF,,,,,
Department of Charente-Maritime ► Département de la Charente-Maritime,,,,,,,,,,
F,County of Jonzac,Arrondissement de Jonzac,45°26′48″N,00°26′01″W,FR.CM.JO,,,,,
F,County of La Rochelle,Arrondissement de La Rochelle,46°09′20″N,01°09′55″W,FR.CM.LR,,,,,
F,County of Rochefort,Arrondissement de Rochefort,45°56′32″N,00°57′32″W,FR.CM.RO,,,,,
F,County of Saint-Jean-d'Angély,Arrondissement de Saint-Jean-d'Angély,45°56′48″N,00°31′46″W,FR.CM.SJ,,,,,
F,County of Saintes,Arrondissement de Saintes,45°44′47″N,00°38′00″W,FR.CM.SA,,,,,
Department of Deux-Sèvres ► Département des Deux-Sèvres,,,,,,,,,,
F,County of Bressuire,Arrondissement de Bressuire,46°50′27″N,00°29′14″W,FR.DS.BR,,,,,
F,County of Niort,Arrondissement de Niort,46°19′33″N,00°27′38″W,FR.DS.NI,,,,,
F,County of Parthenay,Arrondissement de Parthenay,46°39′17″N,00°14′53″W,FR.DS.PA,,,,,
Department of Vienne ► Département de la Vienne,,,,,,,,,,
F,County of Châtellerault,Arrondissement de Châtellerault,46°49′04″N,00°32′46″E,FR.VI.CH,,,,,
F,County of Montmorillon,Arrondissement de Montmorillon,46°25′37″N,00°52′18″E,FR.VI.MO,,,,,
F,County of Poitiers,Arrondissement de Poitiers,46°34′55″N,00°20′10″E,FR.VI.PO,,,,,
Region of Provence-Alpes-Côte d'Azur ► Région de Provence-Alpes-Côte d'Azur,,,,,,,,,,
Department of Alpes-de-Haute-Provence ► Département des Alpes-de-Haute-Provence,,,,,,,,,,
F,County of Barcelonnette,Arrondissement de Barcelonnette,44°23′12″N,06°39′11″E,FR.AH.BA,,,,,
F,County of Castellane,Arrondissement de Castellane,43°50′51″N,06°30′50″E,FR.AH.CA,,,,,
F,County of Digne-les-Bains,Arrondissement de Digne-les-Bains,44°05′36″N,06°14′11″E,FR.AH.DB,,,,,
F,County of Forcalquier,Arrondissement de Forcalquier,43°57′36″N,05°46′50″E,FR.AH.FO,,,,,
Department of Alpes-Maritimes ► Département des Alpes-Maritimes,,,,,,,,,,
F,County of Grasse,Arrondissement de Grasse,43°40′00″N,06°55′00″E,FR.AM.GR,,,,,
F,County of Nice,Arrondissement de Nice,43°42′12″N,07°15′59″E,FR.AM.NI,,,,,
Department of Bouches-du-Rhône ► Département des Bouches-du-Rhône,,,,,,,,,,
F,County of Aix-en-Provence,Arrondissement d'Aix-en-Provence,43°31′52″N,05°27′14″E,FR.BR.AP,,,,,
F,County of Arles,Arrondissement d'Arles,43°40′36″N,04°37′40″E,FR.BR.AR,,,,,
F,County of Istres,Arrondissement d'Istres,43°30′54″N,04°59′22″E,FR.BR.IS,,,,,
F,County of Marseille,Arrondissement de Marseille,43°17′47″N,05°22′12″E,FR.BR.MA,,,,,
Department of Hautes-Alpes ► Département des Hautes-Alpes,,,,,,,,,,
F,County of Briançon,Arrondissement de Briançon,44°53′47″N,06°38′08″E,FR.HA.BR,,,,,
F,County of Gap,Arrondissement de Gap,44°33′34″N,06°04′43″E,FR.HA.GA,,,,,
Department of Var ► Département du Var,,,,,,,,,,
F,County of Brignoles,Arrondissement de Brignoles,43°24′21″N,06°03′42″E,FR.VA.BR,,,,,
F,County of Draguignan,Arrondissement de Draguignan,43°32′25″N,06°28′00″E,FR.VA.DR,,,,,
F,County of Toulon,Arrondissement de Toulon,43°07′20″N,05°55′48″E,FR.VA.TO,,,,,
Exceptional Territories of the Department of Var,,,,,,,,,,
F,Port-Cros National Park,Parc National de Port-Cros,43°00′15″N,06°23′43″E,FR.DX.PC,,,,,
Department of Vaucluse ► Département de Vaucluse,,,,,,,,,,
F,County of Apt,Arrondissement d'Apt,43°52′37″N,05°23′49″E,FR.VC.AP,,,,,
F,County of Avignon,Arrondissement d'Avignon,43°57′00″N,04°49′01″E,FR.VC.AV,,,,,
F,County of Carpentras,Arrondissement de Carpentras,44°03′21″N,05°02′56″E,FR.VC.CA,,,,,
Region of Rhône-Alpes ► Région de Rhône-Alpes,,,,,,,,,,
Department of Ain ► Département de l'Ain,,,,,,,,,,
F,County of Belley,Arrondissement de Belley,45°45′34″N,05°41′11″E,FR.AI.BE,,,,,
F,County of Bourg-en-Bresse,Arrondissement de Bourg-en-Bresse,46°12′20″N,05°13′44″E,FR.AI.BB,,,,,
F,County of Gex,Arrondissement de Gex,46°20′00″N,06°03′28″E,FR.AI.GE,,,,,
F,County of Nantua,Arrondissement de Nantua,46°09′07″N,05°36′28″E,FR.AI.NA,,,,,
Department of Ardèche ► Département de l'Ardèche,,,,,,,,,,
F,County of Largentière,Arrondissement de Largentière,44°32′37″N,04°17′39″E,FR.AR.LA,,,,,
F,County of Privas,Arrondissement de Privas,44°44′09″N,04°36′00″E,FR.AR.PR,,,,,
F,County of Tournon-sur-Rhône,Arrondissement de Tournon-sur-Rhône,45°04′05″N,04°50′00″E,FR.AR.TR,,,,,
Department of Drôme ► Département de la Drôme,,,,,,,,,,
F,County of Die,Arrondissement de Die,44°45′13″N,05°22′13″E,FR.DR.DI,,,,,
F,County of Nyons,Arrondissement de Nyons,44°21′37″N,05°08′23″E,FR.DR.NY,,,,,
F,County of Valence,Arrondissement de Valence,44°56′00″N,04°53′30″E,FR.DR.VA,,,,,
Department of Haute-Savoie ► Département de la Haute-Savoie,,,,,,,,,,
F,County of Annecy,Arrondissement d'Annecy,45°54′58″N,06°07′59″E,FR.HU.AN,,,,,
F,County of Bonneville,Arrondissement de Bonneville,46°04′47″N,06°24′05″E,FR.HU.BO,,,,,
F,County of Saint-Julien-en-Genevois,Arrondissement de Saint-Julien-en-Genevois,46°08′37″N,06°04′46″E,FR.HU.SJ,,,,,
F,County of Thonon-les-Bains,Arrondissement de Thonon-les-Bains,46°21′46″N,06°28′30″E,FR.HU.TB,,,,,
Department of Isère ► Département de l'Isère,,,,,,,,,,
F,County of Grenoble,Arrondissement de Grenoble,45°11′16″N,05°43′37″E,FR.IS.GR,,,,,
F,County of La Tour-du-Pin,Arrondissement de La Tour-du-Pin,45°33′54″N,05°26′40″E,FR.IS.LT,,,,,
F,County of Vienne,Arrondissement de Vienne,45°31′31″N,04°52′33″E,FR.IS.VI,,,,,
Department of Loire ► Département de la Loire,,,,,,,,,,
F,County of Montbrison,Arrondissement de Montbrison,45°36′30″N,04°03′57″E,FR.LR.MO,,,,,
F,County of Roanne,Arrondissement de Roanne,46°02′12″N,04°04′08″E,FR.LR.RO,,,,,
F,County of Saint-Étienne,Arrondissement de Saint-Étienne,45°26′05″N,04°23′25″E,FR.LR.SE,,,,,
Department of Rhône ► Département du Rhône,,,,,,,,,,
F,County of Lyon,Arrondissement de Lyon,45°45′35″N,04°50′32″E,FR.RH.LY,,,,,
F,County of Villefranche-sur-Saône,Arrondissement de Villefranche-sur-Saône,45°59′25″N,04°43′13″E,FR.RH.VS,,,,,
Department of Savoie ► Département de la Savoie,,,,,,,,,,
F,County of Albertville,Arrondissement d'Albertville,45°40′36″N,06°23′36″E,FR.SV.AL,,,,,
F,County of Chambéry,Arrondissement de Chambéry,45°34′12″N,05°54′42″E,FR.SV.CH,,,,,
F,County of Saint-Jean-de-Maurienne,Arrondissement de Saint-Jean-de-Maurienne,45°16′22″N,06°20′54″E,FR.SV.SJ,,,,,
Region of Corsica ► Région de la Corse,,,,,,,,,,
Department of South Corsica ► Département de la Corse-du-Sud,,,,,,,,,,
TK,County of Ajaccio,Arrondissement d'Ajaccio,41°55′36″N,08°44′13″E,FR.CS.AJ,,,,,
TK,County of Sartène,Arrondissement de Sartène,41°37′18″N,08°58′27″E,FR.CS.SA,,,,,
Department of Upper Corsica ► Département de la Haute-Corse,,,,,,,,,,
TK,County of Bastia,Arrondissement de Bastia,42°42′03″N,09°27′01″E,FR.HC.BA,,,,,
TK,County of Calvi,Arrondissement de Calvi,42°34′07″N,08°45′25″E,FR.HC.CA,,,,,
TK,County of Corte,Arrondissement de Corte,42°18′23″N,09°09′05″E,FR.HC.CO,,,,,
United Kingdom of Great Britain and Northern Ireland,,,,,,,,,,
England (Constituent Country),,,,,,,,,,
Region of the East Midlands,,,,,,,,,,
County of Derbyshire,,,,,,,,,,
G,Borough of Amber Valley,Borough of Amber Valley,53°00'00″N,01°24′00″W,UK.DE.AV,,,,,
G,District of Bolsover,District of Bolsover,53°15′00″N,01°15′36″W,UK.DE.BO,,,,,
G,Borough of Chesterfield,Borough of Chesterfield,53°14′09″N,01°25′39″W,UK.DE.CH,,,,,
G,City of Derby (Unitary Authority),City of Derby (Unitary Authority),52°55′19″N,01°28′33″W,UK.DE.DE,,,,,
G,District of Derbyshire Dales,District of Derbyshire Dales,53°03′00″N,01°42′00″W,UK.DE.DD,,,,,
G,Borough of Erewash,Borough of Erewash,52°55′00″N,01°19′00″W,UK.DE.ER,,,,,
G,Borough of High Peak,Borough of High Peak,53°21′00″N,01°51′00″W,UK.DE.HP,,,,,
G,District of North East Derbyshire,District of North East Derbyshire,53°12′00″N ,01°30′00″W,UK.DE.NE,,,,,
G,District of South Derbyshire,District of South Derbyshire,52°48′00″N,01°32′00″W,UK.DE.SD,,,,,
County of Leicestershire,,,,,,,,,,
G,District of Blaby,District of Blaby,52°34′22″N,01°12′18″W,UK.LE.BL,,,,,
G,Borough of Charnwood,Borough of Charnwood,52°46′08″N,01°12′14″W,UK.LE.CH,,,,,
G,District of Harborough,District of Harborough,52°28′42″N,00°55′14″W,UK.LE.HA,,,,,
G,Borough of Hinckley and Bosworth,Borough of Hinckley and Bosworth,52°36′45″N ,01°21′13″W,UK.LE.HB,,,,,
G,City of Leicester (Unitary Authority),City of Leicester (Unitary Authority),52°38′32″N,01°08′18″W,UK.LE.LE,,,,,
G,Borough of Melton,Borough of Melton,52°48′00″N,00°48′00″W,UK.LE.ME,,,,,
G,District of North West Leicestershire,District of North West Leicestershire,52°43′01″N,01°22′12″W,UK.LE.NL,,,,,
G,Borough of Oadby and Wigston,Borough of Oadby and Wigston,52°35′31″N,01°05′42″W,UK.LE.OW,,,,,
County of Lincolnshire (Part Only),,,,,,,,,,
G,Borough of Boston,Borough of Boston,52°57′00″N,00°09′00″W,UK.LN.BO,,,,,
G,District of East Lindsey,District of East Lindsey,53°15′00″N,00°03′00″W,UK.LN.EL,,,,,
G,City of Lincoln,City of Lincoln,53°13′57″N,00°32′15″W,UK.LN.LN,,,,,
G,District of North Kesteven,District of North Kesteven,53°09′00″N,00°30′00″W,UK.LN.NK,,,,,
G,District of South Holland,District of South Holland,52°45′00″N,00°09′00″W,UK.LN.SH,,,,,
G,District of South Kesteven,District of South Kesteven,52°48′00″N,00°30′00″W,UK.LN.SK,,,,,
G,District of West Lindsey,District of West Lindsey,53°21′00″N,00°36′00″W,UK.LN.WL,,,,,
County of Northamptonshire,,,,,,,,,,
G,Borough of Corby,Borough of Corby,52°29′29″N,00°41′47″W,UK.NH.CO,,,,,
G,District of Daventry,District of Daventry,52°18′00″N,01°03′00″W,UK.NH.DA,,,,,
G,District of East Northamptonshire,District of East Northamptonshire,52°27′00″N,00°30′00″W,UK.NH.EN,,,,,
G,Borough of Kettering,Borough of Kettering,52°27′00″N ,00°48′00″W,UK.NH.KE,,,,,
G,Borough of Northampton,Borough of Northampton,52°14′13″N,00°53′45″W,UK.NH.NH,,,,,
G,District of South Northamptonshire,District of South Northamptonshire,52°06′00″N,01°06′00″W,UK.NH.SN,,,,,
G,Borough of Wellingborough,Borough of Wellingborough,52°18′05″N,00°41′40″W,UK.NH.WE,,,,,
County of Nottinghamshire,,,,,,,,,,
G,District of Ashfield,District of Ashfield,53°03′00″N,01°18′00″W,UK.NT.AS,,,,,
G,District of Bassetlaw,District of Bassetlaw,53°18′36″N,00°58′48″W,UK.NT.BA,,,,,
G,Borough of Broxtowe,Borough of Broxtowe,52°57′00″N,01°16′12″W,UK.NT.BR,,,,,
G,Borough of Gedling,Borough of Gedling,52°58′31″N,01°04′33″W,UK.NT.GE,,,,,
G,District of Mansfield,District of Mansfield,53°08′36″N,01°11′46″W,UK.NT.MA,,,,,
G,District of Newark and Sherwood,District of Newark and Sherwood,53°06′00″N,00°57′00″W,UK.NT.NS,,,,,
G,City of Nottingham (Unitary Authority),City of Nottingham (Unitary Authority),52°57′00″N,01°08′00″W,UK.NT.NT,,,,,
G,Borough of Rushcliffe,Borough of Rushcliffe,52°54′00″N,01°03′00″W,UK.NT.RU,,,,,
County of Rutland,,,,,,,,,,
G,County of Rutland (Unitary Authority),County of Rutland (Unitary Authority),52°39′20″N,00°39'30″W,UK.EM.RU,,,,,
Region of the East of England,,,,,,,,,,
County of Bedfordshire,,,,,,,,,,
G,Borough of Bedford (Unitary Authority),Borough of Bedford (Unitary Authority),52°08′04″N,00°27′47″W,UK.BF.BF,,,,,
G,District of Central Bedfordshire (Unitary Authority),District of Central Bedfordshire (Unitary Authority),52°01′57″N,00°17′14″W,UK.BF.CB,,,,,
G,Borough of Luton (Unitary Authority),Borough of Luton (Unitary Authority),51°54′00″N,00°26′00″W,UK.BF.LU,,,,,
County of Cambridgeshire,,,,,,,,,,
G,City of Cambridge,City of Cambridge,52°12′29″N,00°07′21″E,UK.CA.CA,,,,,
G,District of East Cambridgeshire,District of East Cambridgeshire,52°23′13″N,00°17′38″E,UK.CA.EC,,,,,
G,District of Fenland,District of Fenland,52°34′30″N,00°02′ 56″E,UK.CA.FE,,,,,
G,District of Huntingdonshire,District of Huntingdonshire,52°25′00″N,00°15′00″W,UK.CA.HU,,,,,
G,City of Peterborough (Unitary Authority),City of Peterborough (Unitary Authority),52°35′00″N,00°15′00″W,UK.CA.PE,,,,,
G,District of South Cambridgeshire,District of South Cambridgeshire,52°07′55″N,00°06′18″E,UK.CA.SC,,,,,
County of Essex,,,,,,,,,,
G,District of Basildon,District of Basildon,51°34′13″N,00°27′16''E,UK.EX.BA,,,,,
G,District of Braintree,District of Braintree,51°52′54″N,00°33′09″E,UK.EX.BT,,,,,
G,Borough of Brentwood,Borough of Brentwood,51°36′00″N,00°18′00″E,UK.EX.BR,,,,,
G,Borough of Castle Point,Borough of Castle Point,51°30′58″N,00°34′59″E,UK.EX.CP,,,,,
G,Borough of Chelmsford,Borough of Chelmsford,51°55′04″N,00°28′22''E,UK.EX.CH,,,,,
G,Borough of Colchester,Borough of Colchester,51°53′19″N,00°54′13″E,UK.EX.CO,,,,,
G,District of Epping Forest,District of Epping Forest,51°42′01″N,00°06′31″E,UK.EX.EF,,,,,
G,District of Harlow,District of Harlow,51°46′44″N,00°07′40″E,UK.EX.HA,,,,,
G,District of Maldon,District of Maldon,51°43′54″N,00°40′33″E,UK.EX.MA,,,,,
G,District of Rochford,District of Rochford,51°34′54″N,00°42′29″E,UK.EX.RO,,,,,
G,Borough of Southend-on-Sea (Unitary Authority),Borough of Southend-on-Sea (Unitary Authority),51°32′16″N,00°42′49″E,UK.EX.SS,,,,,
G,District of Tendring,District of Tendring,51°47′30″N,01°08′44″E,UK.EX.TE,,,,,
G,Borough of Thurrock (Unitary Authority),Borough of Thurrock (Unitary Authority),51°30′00″N,00°25′00″E,UK.EX.TH,,,,,
G,District of Uttlesford,District of Uttlesford,52°01′84″N,00°14′12″E,UK.EX.UT,,,,,
County of Hertfordshire,,,,,,,,,,
G,Borough of Broxbourne,Borough of Broxbourne,51°40′33″N,00°01′50″W,UK.HT.BR,,,,,
G,Borough of Dacorum,Borough of Dacorum,51°46′00″N,00°32′00″W,UK.HT.DA,,,,,
G,District of East Hertfordshire,District of East Hertfordshire,51°54′00″N,00°00′00″E,UK.HT.EH,,,,,
G,Borough of Hertsmere,Borough of Hertsmere,51°39′36″N,00°16′12″W,UK.HT.HE,,,,,
G,District of North Hertfordshire,District of North Hertfordshire,52°00′00″N,00°12′00''W,UK.HT.NH,,,,,
G,City and District of Saint Albans,City and District of Saint Albans,51°47′00″N,00°20′00''W,UK.HT.SA,,,,,
G,Borough of Stevenage,Borough of Stevenage,51°54′00″N,00°12′00″W,UK.HT.ST,,,,,
G,District of Three Rivers,District of Three Rivers,51°38′18″N,00°27′57″W,UK.HT.TR,,,,,
G,Borough of Watford,Borough of Watford,51°39′18″N,00°23′44″W,UK.HT.WA,,,,,
G,Borough of Welwyn Hatfield,Borough of Welwyn Hatfield,51°46′00″ N,00°11′30″W,UK.HT.WH,,,,,
County of Norfolk,,,,,,,,,,
G,District of Breckland,District of Breckland,52°30′00″N,00°46′00″E,UK.NO.BK,,,,,
G,District of Broadland,District of Broadland,52°38′08″N,01°20′35″E,UK.NO.BR,,,,,
G,Borough of Great Yarmouth,Borough of Great Yarmouth,52°36′21″N,01°43′44″E,UK.NO.GY,,,,,
G,Borough of King's Lynn and West Norfolk,Borough of King's Lynn and West Norfolk,52°45′15″N,00°23′51″E,UK.NO.KL,,,,,
G,District of North Norfolk,District of North Norfolk,52°55′52″N,01°18′07″E,UK.NO.NN,,,,,
G,City of Norwich,City of Norwich,52°37′42″N,01°17′48″E,UK.NO.NR,,,,,
G,District of South Norfolk,District of South Norfolk,52°29′31″N,01°13′52″E,UK.NO.SN,,,,,
County of Suffolk,,,,,,,,,,
G,District of Babergh,District of Babergh,52°02′52″N,00°56′52″E,UK.SU.BA,,,,,
G,District of Forest Heath,District of Forest Heath,52°20′45″N,00°31′08″E,UK.SU.FH,,,,,
G,Borough of Ipswich,Borough of Ipswich,52°03′34″N,01°09′20″E,UK.SU.IP,,,,,
G,District of Mid Suffolk,District of Mid Suffolk,52°09′21″N,01°02′56″E,UK.SU.MS,,,,,
G,Borough of Saint Edmundsbury,Borough of Saint Edmundsbury,52°15′50″N,00°41′48″E,UK.SU.SE,,,,,
G,District of Suffolk Coastal,District of Suffolk Coastal,52°05′45″N,01°19′21″E,UK.SU.SC,,,,,
G,District of Waveney,District of Waveney,52°28′59″N,01°45′21″E,UK.SU.WA,,,,,
Exceptional Territories of the County of Suffolk,,,,,,,,,,
G,HM Fort Roughs (Roughs Tower) - Principality of Sealand (1SL),HM Fort Roughs (Roughs Tower) - Principality of Sealand (1SL),51°53′40″N,01°28′57″E,UK.DX.RT,,,,,
Administrative Area of Greater London (London Region of England),,,,,,,,,,
G,Borough of Barking and Dagenham,Borough of Barking and Dagenham,51°33′00″N,00°07′00″E,UK.LO.BD,,,,,
G,Borough of Barnet,Borough of Barnet,51°37′31″N,00°09′09″W,UK.LO.BA,,,,,
G,Borough of Bexley,Borough of Bexley,51°25′00″N,00°08′00″E,UK.LO.BE,,,,,
G,Borough of Brent,Borough of Brent,51°33′58″N,00°16′26″W,UK.LO.BR,,,,,
G,Borough of Bromley,Borough of Bromley,51°20′00″N,00°05′00″E,UK.LO.BL,,,,,
G,Borough of Camden,Borough of Camden,51°32′00″N,00°10′00″W,UK.LO.CA,,,,,
G,Borough of Croydon,Borough of Croydon,51°20′00″N,00°05′00″W,UK.LO.CR,,,,,
G,Borough of Ealing,Borough of Ealing,51°30′00″N,00°20′00″W,UK.LO.EA,,,,,
G,Borough of Enfield,Borough of Enfield,51°38′42″N,00°03′36″W,UK.LO.EN,,,,,
G,Borough of Greenwich,Borough of Greenwich,51°27′00″N,00°03′00″E,UK.LO.GR,,,,,
G,Borough of Hackney,Borough of Hackney,51°32′00″N,00°05′00″W,UK.LO.HA,,,,,
G,Borough of Hammersmith and Fulham,Borough of Hammersmith and Fulham,51°30′00″N,00°15′00″W,UK.LO.HF,,,,,
G,Borough of Haringey,Borough of Haringey,51°36′05″N,00°06′46″W,UK.LO.HY,,,,,
G,Borough of Harrow,Borough of Harrow,51°34'00″N,00°20′00″W,UK.LO.HR,,,,,
G,Borough of Havering,Borough of Havering,51°33′00″N,00°13′00″E,UK.LO.HV,,,,,
G,Borough of Hillingdon,Borough of Hillingdon,51°30′00″N,00°27′00″W,UK.LO.HI,,,,,
G,Borough of Hounslow,Borough of Hounslow,51°28′03″N,00°21′42″W,UK.LO.HO,,,,,
G,Borough of Islington,Borough of Islington,51°32′00″N,00°08′00″W,UK.LO.IS,,,,,
G,Royal Borough of Kensington and Chelsea,Royal Borough of Kensington and Chelsea,51°30′00″N,00°11′24″W,UK.LO.KC,,,,,
G,Royal Borough of Kingston upon Thames,Royal Borough of Kingston upon Thames,51°23′24″N,00°16′48″W,UK.LO.KT,,,,,
G,Borough of Lambeth,Borough of Lambeth,51°25′00″N,00°08′00″W,UK.LO.LA,,,,,
G,Borough of Lewisham,Borough of Lewisham,51°25′00″N,00°02′00″W,UK.LO.LE,,,,,
G,City of London (Unique Status),City of London (Unique Status),51°30′55″N,00°05′92″W,UK.LO.LO,,,,,
G,Borough of Merton,Borough of Merton,51°23′00″N,00°10′00″W,UK.LO.ME,,,,,
G,Borough of Newham,Borough of Newham,51°31′00″N,00°02′00″E,UK.LO.NE,,,,,
G,Borough of Redbridge,Borough of Redbridge,51°34′00″N,00°05′00″E,UK.LO.RE,,,,,
G,Borough of Richmond upon Thames,Borough of Richmond upon Thames,51°25′00″N,00°20′00″W,UK.LO.RT,,,,,
G,Borough of Southwark,Borough of Southwark,51°27′00″N,00°05′00″W,UK.LO.SO,,,,,
G,Borough of Sutton,Borough of Sutton,51°20′00″N,00°10′00″W,UK.LO.SU,,,,,
G,Borough of Tower Hamlets,Borough of Tower Hamlets,51°31′00″N,00°03′00″W,UK.LO.TH,,,,,
G,Borough of Waltham Forest,Borough of Waltham Forest,51°34′00″N,00°02′00″W,UK.LO.WF,,,,,
G,Borough of Wandsworth,Borough of Wandsworth,51°27′26″N,00°11′41″W,UK.LO.WA,,,,,
G,City of Westminster,City of Westminster,51°30′00″N,00°08′00″W,UK.LO.WE,,,,,
Region of North East England,,,,,,,,,,
County of Durham,,,,,,,,,,
G,Borough of Darlington (Unitary Authority),Borough of Darlington (Unitary Authority),54°31′37″N,01°33′09″W,UK.DU.DA,,,,,
G,County of Durham (Unitary Authority),County of Durham (Unitary Authority),54°46′34″N,01°34′24″W,UK.DU.DU,,,,,
G,Borough of Hartlepool (Unitary Authority),Borough of Hartlepool (Unitary Authority),54°41′11″N,01°12′39″W,UK.DU.HA,,,,,
G,Borough of Stockton-on-Tees (Unitary Authority) (North of River Tees),Borough of Stockton-on-Tees (Unitary Authority) (North of River Tees),54°33′00″N,01°20′00″W,UK.DU.ST,,,,,
County of Northumberland,,,,,,,,,,
G,County of Northumberland (Unitary Authority),County of Northumberland (Unitary Authority),55°18′00″N,01°40′48″W,UK.NE.NU,,,,,
County of North Yorkshire (Part Only),,,,,,,,,,
G,Borough of Stockton-on-Tees (Unitary Authority) (South of River Tees),Borough of Stockton-on-Tees (Unitary Authority) (South of River Tees),54°33′00″N,01°20′00″W,UK.NY.ST,,,,,
G,Borough of Redcar and Cleveland (Unitary Authority),Borough of Redcar and Cleveland (Unitary Authority),54°34′45″N,01°02′02″W,UK.NY.RC,,,,,
G,Borough of Middlesbrough (Unitary Authority),Borough of Middlesbrough (Unitary Authority),54°34′22″N,01°14′16″W,UK.NY.MI,,,,,
Metropolitan County of Tyne and Wear,,,,,,,,,,
G,Metropolitan Borough of Gateshead,Metropolitan Borough of Gateshead,54°57′00″N,01°36′00″W,UK.TW.GA,,,,,
G,Metropolitan Borough and City of Newcastle upon Tyne,City and Metropolitan Borough of Newcastle upon Tyne,54°58′26″N,01°36′47″W,UK.TW.NC,,,,,
G,Metropolitan Borough of North Tyneside,Metropolitan Borough of North Tyneside,54°59′29″N,01°31′52″W,UK.TW.NT,,,,,
G,Metropolitan Borough of South Tyneside,Metropolitan Borough of South Tyneside,54°59′31″N,01°25′44″W,UK.TW.ST,,,,,
G,Metropolitan Borough and City of of Sunderland,City and Metropolitan Borough of Sunderland,54°54′36″N,01°23′06″W,UK.TW.SU,,,,,
Region of North West England,,,,,,,,,,
County of Cheshire,,,,,,,,,,
G,Borough of Cheshire East (Unitary Authority),Borough of Cheshire East (Unitary Authority),53°08′46″N,02°22′01″W,UK.CH.CE,,,,,
G,Borough of Cheshire West and Chester (Unitary Authority),Borough of Cheshire West and Chester (Unitary Authority),53°12′46″N,02°54′07″W,UK.CH.CW,,,,,
G,Borough of Halton (Unitary Authority),Borough of Halton (Unitary Authority),53°20′00″N,02°45′00″W,UK.CH.HA,,,,,
G,Borough of Warrington (Unitary Authority),Borough of Warrington (Unitary Authority),53°23′14″ N,02°36′10″W,UK.CH.WA,,,,,
County of Cumbria,,,,,,,,,,
G,Borough of Allerdale,Borough of Allerdale,54°38′24″N,03°24′43''W,UK.CU.AL,,,,,
G,Borough of Barrow-in-Furness,Borough of Barrow-in-Furness,54°06′39″N,03°13′34″W,UK.CU.BF,,,,,
G,City of Carlisle,City of Carlisle,54°53′27″N,02°56′38″W,UK.CU.CA,,,,,
G,Borough of Copeland,Borough of Copeland,54°25′52″N,03°23′20″W,UK.CU.CO,,,,,
G,District of Eden,District of Eden,54°40′12″N,02°45′15″W,UK.CU.ED,,,,,
G,District of South Lakeland,District of South Lakeland,54°18′43″N,02°52′48″W,UK.CU.SL,,,,,
Metropolitan County of Greater Manchester,,,,,,,,,,
G,Metropolitan Borough of Bolton,Metropolitan Borough of Bolton,53°34′39″N,02°25′48″W,UK.GM.BO,,,,,
G,Metropolitan Borough of Bury,Metropolitan Borough of Bury,53°35′34″N,02°17′53″W,UK.GM.BU,,,,,
G,Metropolitan Borough and City of Manchester,Metropolitan Borough and City of Manchester,53°30′00″N,02°19′00″W,UK.GM.MA,,,,,
G,Metropolitan Borough of Oldham,Metropolitan Borough of Oldham,"53°32′39″N,",02°07′09″W,UK.GM.OL,,,,,
G,Metropolitan Borough of Rochdale,Metropolitan Borough of Rochdale,53°37′00″N,02°09′24″W,UK.GM.RO,,,,,
G,Metropolitan Borough and City of Salford,Metropolitan Borough and City of Salford,53°30′35″N,02°20′04″W,UK.GM.SA,,,,,
G,Metropolitan Borough of Stockport,Metropolitan Borough of Stockport,53°24′29″N,02°08′57″W,UK.GM.ST,,,,,
G,Metropolitan Borough of Tameside,Metropolitan Borough of Tameside,53°29′24″N,02°05′39″W,UK.GM.TA,,,,,
G,Metropolitan Borough of Trafford,Metropolitan Borough of Trafford,53°26′00″N,02°18′00″W,UK.GM.TR,,,,,
G,Metropolitan Borough of Wigan,Metropolitan Borough of Wigan,53°32′00″N,02°37′00″W,UK.GM.WI,,,,,
County of Lancashire,,,,,,,,,,
G,Borough of Blackburn with Darwen (Unitary Authority),Borough of Blackburn with Darwen (Unitary Authority),53°44′42″N,02°28′37″W,UK.LA.BD,,,,,
G,Borough of Blackpool (Unitary Authority),Borough of Blackpool (Unitary Authority),53°48′51″N,03°03′01″W,UK.LA.BL,,,,,
G,Borough of Burnley,Borough of Burnley,53°47′13″N,02°14′42″W,UK.LA.BU,,,,,
G,Borough of Chorley,Borough of Chorley,53°39′88″N,02°37′56″W,UK.LA.CH,,,,,
G,Borough of Fylde,Borough of Fylde,53°45′46″N,02°56′24″W,UK.LA.FY,,,,,
G,Borough of Hyndburn,Borough of Hyndburn,53°46′48″N,02°22′55″W,UK.LA.HY,,,,,
G,City of Lancaster,City of Lancaster,54°02′49″N,02°48′04″W,UK.LA.LA,,,,,
G,Borough of Pendle,Borough of Pendle,53°52′84″N ,02°09′50″W,UK.LA.PE,,,,,
G,City of Preston,City of Preston,53°45′00″N,02°42′00″W,UK.LA.PR,,,,,
G,Borough of Ribble Valley,Borough of Ribble Valley,53°52′16″N,02°23′30″W,UK.LA.RV,,,,,
G,Borough of Rossendale,Borough of Rossendale,53°41′00″N,02°15′00″W,UK.LA.RO,,,,,
G,Borough of South Ribble,Borough of South Ribble,53°41′49″N,02°41′24″W,UK.LA.SR,,,,,
G,District of West Lancashire,District of West Lancashire,53°33′43″N,02°49′37″W,UK.LA.WL,,,,,
G,Borough of Wyre,Borough of Wyre,53°54′00″N,02°48′32″W,UK.LA.WY,,,,,
Metropolitan County of Merseyside,,,,,,,,,,
G,Metropolitan Borough of Knowsley,Metropolitan Borough of Knowsley,53°26′20″N,02°51′36″W,UK.ME.KN,,,,,
G,Metropolitan Borough and City of Liverpool,Metropolitan Borough and City of Liverpool,53°24′00″N,03°00′00″W,UK.ME.LI,,,,,
G,Metropolitan Borough of Saint Helens,Metropolitan Borough of Saint Helens,53°27′14″N,02°44′45″W,UK.ME.SH,,,,,
G,Metropolitan Borough of Sefton,Metropolitan Borough of Sefton,53°26′44″N,02°59′21″W,UK.ME.SE,,,,,
G,Metropolitan Borough of Wirral,Metropolitan Borough of Wirral,53°25′23″N,03°03′54″W,UK.ME.WI,,,,,
Region of South East England,,,,,,,,,,
County of Berkshire,,,,,,,,,,
G,Borough of Bracknell Forest (Unitary Authority),Borough of Bracknell Forest (Unitary Authority),51°25′02″N,00°44′49″W,UK.BE.BF,,,,,
G,Borough of Reading (Unitary Authority),Borough of Reading (Unitary Authority),51°27′14″N,00°58′22″W,UK.BE.RE,,,,,
G,Borough of Slough (Unitary Authority),Borough of Slough (Unitary Authority),51°30′36″N,00°35′35″W,UK.BE.SL,,,,,
G,District of West Berkshire (Unitary Authority),District of West Berkshire (Unitary Authority),51°24′03″N,01°19′25″W,UK.BE.WB,,,,,
G,Royal Borough of Windsor and Maidenhead (Unitary Authority),Royal Borough of Windsor and Maidenhead (Unitary Authority),51°28′00″N,00°40′00″W,UK.BE.WM,,,,,
G,Borough of Wokingham (Unitary Authority),Borough of Wokingham (Unitary Authority),51°24′36″N,00°50′24″W,UK.BE.WO,,,,,
County of Buckinghamshire,,,,,,,,,,
G,District of Aylesbury Vale,District of Aylesbury Vale,51°53′27″N,00°54'43″W,UK.BU.AV,,,,,
G,District of Chiltern,District of Chiltern,51°39′38″N,00°38′27″W,UK.BU.CH,,,,,
G,Borough of Milton Keynes (Unitary Authority),Borough of Milton Keynes (Unitary Authority),52°02′00″N,00°46′00″W,UK.BU.MK,,,,,
G,District of South Bucks,District of South Bucks,51°34′34″N,00°38′20″W,UK.BU.SB,,,,,
G,District of Wycombe,District of Wycombe,51°38′18″N,00°48′28″W,UK.BU.WY,,,,,
County of East Sussex,,,,,,,,,,
G,City of Brighton and Hove (Unitary Authority),City of Brighton and Hove (Unitary Authority),50°49′40″N,00°09′10″W,UK.ES.BH,,,,,
G,Borough of Eastbourne,Borough of Eastbourne,50°46′12″N,00°16′48''E,UK.ES.EB,,,,,
G,Borough of Hastings,Borough of Hastings,50°51′36″N,00°34′19″E,UK.ES.HA,,,,,
G,District of Lewes,District of Lewes,50°52′26″N,00°00′32″E,UK.ES.LE,,,,,
G,District of Rother,District of Rother,50°51′00″N,00°28′12″E,UK.ES.RO,,,,,
G,District of Wealden,District of Wealden,50°59′56″N,00°12′43″E,UK.ES.WE,,,,,
County of Hampshire,,,,,,,,,,
G,Borough of Basingstoke and Deane,Borough of Basingstoke and Deane,51°15′21″N,01°06′39″W,UK.HA.BD,,,,,
G,District of East Hampshire,District of East Hampshire,51°00′19″N,00°54′29″W,UK.HA.EH,,,,,
G,Borough of Eastleigh,Borough of Eastleigh,50°58′00″N,01°21′00″W,UK.HA.EL,,,,,
G,Borough of Fareham,Borough of Fareham,50°51′15″N,01°10′31″W,UK.HA.FA,,,,,
G,Borough of Gosport,Borough of Gosport,50°47′42''N,01°07′58″W,UK.HA.GO,,,,,
G,District of Hart,District of Hart,51°16′45″N,00°50′45″W,UK.HA.HT,,,,,
G,Borough of Havant,Borough of Havant,50°51′03″N,00°58′58″W,UK.HA.HV,,,,,
G,District of New Forest,District of New Forest,50°52′44″N,01°37′58″W,UK.HA.NF,,,,,
G,City of Portsmouth (Unitary Authority),City of Portsmouth (Unitary Authority),50°49′90″N,01°05′00″W,UK.HA.PO,,,,,
G,Borough of Rushmoor,Borough of Rushmoor,51°17′24″N,00°45′00″W,UK.HA.RU,,,,,
G,City of Southampton (Unitary Authority),City of Southampton (Unitary Authority),50°53′49″N,01°24′14″W,UK.HA.SO,,,,,
G,Borough of Test Valley,Borough of Test Valley,51°13′00″N,01°28′00″W,UK.HA.TV,,,,,
G,City of Winchester,City of Winchester,51°03′43″N,01°19′12″W,UK.HA.WI,,,,,
County of the Isle of Wight,,,,,,,,,,
G,County of the Isle of Wight (Unitary Authority),County of the Isle of Wight (Unitary Authority),50°40′51″N,01°16′51″W,UK.SE.IW,,,,,
County of Kent,,,,,,,,,,
G,Borough of Ashford,Borough of Ashford,51°08′47″N,00°52′33″E,UK.KE.AS,,,,,
G,City of Canterbury,City of Canterbury,51°16′48″N,01°04′48″E,UK.KE.CA,,,,,
G,Borough of Dartford,Borough of Dartford,51°27′50″N,00°15′14″E,UK.KE.DA,,,,,
G,District of Dover,District of Dover,51°07′48″N,01°18′39″E,UK.KE.DO,,,,,
G,Borough of Gravesham,Borough of Gravesham,51°24′32''N,00°23'54″E,UK.KE.GR,,,,,
G,Borough of Maidstone,Borough of Maidstone,51°16′33″N,00°31′18″E,UK.KE.MA,,,,,
G,Borough of Medway (Unitary Authority),Borough of Medway (Unitary Authority),51°21′40″N,00°32′10″E,UK.KE.ME,,,,,
G,District of Sevenoaks,District of Sevenoaks,51°16′12″N,00°11′34″E,UK.KE.SE,,,,,
G,District of Shepway,District of Shepway,51°04′52″N,01°09′58″E,UK.KE.SH,,,,,
G,Borough of Swale,Borough of Swale,51°20′24″N,00°44′24″E,UK.KE.SW,,,,,
G,District of Thanet,District of Thanet,51°22'08″N,01°25'08″E,UK.KE.TH,,,,,
G,Borough of Tonbridge and Malling,Borough of Tonbridge and Malling,51°16′58″N,00°21′00″E,UK.KE.TM,,,,,
G,Borough of Tunbridge Wells,Borough of Tunbridge Wells,51°07′44″N,00°15′39″E,UK.KE.TW,,,,,
County of Oxfordshire,,,,,,,,,,
G,District of Cherwell,District of Cherwell,51°57′00″N,01°15′00″W,UK.OX.CH,,,,,
G,City of Oxford,City of Oxford,51°45'07″N,01°15′28″W,UK.OX.OX,,,,,
G,District of South Oxfordshire,District of South Oxfordshire,51°39′00″N,01°03′00″W,UK.OX.SO,,,,,
G,District of the Vale of White Horse,District of the Vale of White Horse,51°36′00″N,01°30′00″W,UK.OX.VH,,,,,
G,District of West Oxfordshire,District of West Oxfordshire,51°47′36″N,01°28′45″W,UK.OX.WO,,,,,
County of Surrey,,,,,,,,,,
G,Borough of Elmbridge,Borough of Elmbridge,51°22′12″N,00°21′42″W,UK.SR.EL,,,,,
G,Borough of Epsom and Ewell,Borough of Epsom and Ewell,51°19′58″N,00°15′54″W,UK.SR.EE,,,,,
G,Borough of Guildford,Borough of Guildford,51°14′45″N ,00°33′72″W,UK.SR.GU,,,,,
G,District of Mole Valley,District of Mole Valley,51°14′02″N,00°19′54″W,UK.SR.MV,,,,,
G,Borough of Reigate and Banstead,Borough of Reigate and Banstead,51°14′56″N,00°09′36″W,UK.SR.RB,,,,,
G,Borough of Runnymede,Borough of Runnymede,51°23′42″N,00°32′27″W,UK.SR.RU,,,,,
G,Borough of Spelthorne,Borough of Spelthorne,51°26′00″N,00°29′51″W,UK.SR.SP,,,,,
G,Borough of Surrey Heath,Borough of Surrey Heath,51°20′22″N,00°44′35″W,UK.SR.SH,,,,,
G,District of Tandridge,District of Tandridge,51°15′26″N,00°00′00″E,UK.SR.TA,,,,,
G,Borough of Waverley,Borough of Waverley,51°11′06″N,00°36′36″W,UK.SR.WA,,,,,
G,Borough of Woking,Borough of Woking,51°19′00″N,00°34′00″W,UK.SR.WO,,,,,
County of West Sussex,,,,,,,,,,
G,District of Adur,District of Adur,50°49′59″N,00°16′05″W,UK.WS.AD,,,,,
G,District of Arun,District of Arun,50°48′29″N,00°32′18″W,UK.WS.AR,,,,,
G,District of Chichester,District of Chichester,50°50′13″N,00°46′48″W,UK.WS.CH,,,,,
G,Borough of Crawley,Borough of Crawley,51°06′33″N,00°11′14″W,UK.WS.CR,,,,,
G,District of Horsham,District of Horsham,51°03′42″N,00°19′29″W,UK.WS.HO,,,,,
G,District of Mid Sussex,District of Mid Sussex,51°01′14″N,00°08′18″W,UK.WS.MS,,,,,
G,Borough of Worthing,Borough of Worthing,50°48′52″N,00°22′24″W,UK.WS.WO,,,,,
Region of South West England,,,,,,,,,,
County of Bristol,,,,,,,,,,
G,City of Bristol (Unitary Authority),City of Bristol (Unitary Authority),51°27′00″N,02°35′00″W,UK.SW.BR,,,,,
County of Cornwall,,,,,,,,,,
G,County of Cornwall (Unitary Authority),County of Cornwall (Unitary Authority),50°18′00″N,04°54′00″W,UK.CO.CO,,,,,
G,Isles of Scilly (Sui Generis Unitary Authority),Isles of Scilly (Enesek Syllan) (Sui Generis Unitary Authority),49°56′10″N,06°19′22″W,UK.CO.IS,,,,,
Exceptional Territories of the County of Cornwall,,,,,,,,,,
G,Seven Stones,Seven Stones,50°03′00″N,06°04′00″W,UK.DX.SS,,,,,
G,Wolf Rock,Wolf Rock,49°56′43″N,05°48′30″W,UK.DX.WO,,,,,
County of Devon,,,,,,,,,,
G,District of East Devon,District of East Devon,50°42′00″N,03°48′00″W,UK.DV.ED,,,,,
G,City of Exeter,City of Exeter,50°43′18″N,03°32′10″W,UK.DV.EX,,,,,
G,District of Mid Devon,District of Mid Devon,50°40'44″N,03°14′20″W,UK.DV.MD,,,,,
G,District of North Devon,District of North Devon,51°04′51″N,04°03′28″W,UK.DV.ND,,,,,
G,City of Plymouth (Unitary Authority),City of Plymouth (Unitary Authority),50°22′17″N,04°08′32″W,UK.DV.PL,,,,,
G,District of South Hams,District of South Hams,50°25′53″N,03°41′28″W,UK.DV.SH,,,,,
G,District of Teignbridge,District of Teignbridge,50°34′55″N,03°37′41″W,UK.DV.TE,,,,,
G,Borough of Torbay (Unitary Authority),Borough of Torbay (Unitary Authority),50°27′84″N,03°33′24″W,UK.DV.TO,,,,,
G,District of Torridge,District of Torridge,50°53′34″N,04°15 54″W,UK.DV.TR,,,,,
G,Borough of West Devon,Borough of West Devon,50°38′00″N,04°06′00″W,UK.DV.WD,,,,,
Exceptional Territories of the County of Devon,,,,,,,,,,
G,Island of Lundy,Island of Lundy,51°10′00″N,04°40′00″W,UK.DX.LU,,,,,
County of Dorset,,,,,,,,,,
G,Borough of Bournemouth (Unitary Authority),Borough of Bournemouth (Unitary Authority),50°43′00″N,01°53′00″W,UK.DO.BO,,,,,
G,Borough of Christchurch,Borough of Christchurch,50°44′00″N,01°47′00″W,UK.DO.CH,,,,,
G,District of East Dorset,District of East Dorset,50°48′14″N,01°58′41″W,UK.DO.ED,,,,,
G,District of North Dorset,District of North Dorset,50°51′41″N,02°09′46″W,UK.DO.ND,,,,,
G,Borough of Poole (Unitary Authority),Borough of Poole (Unitary Authority),50°43′00″N,01°59′00″W,UK.DO.PO,,,,,
G,District of Purbeck,District of Purbeck,50°41′06″N,02°06′29″W,UK.DO.PU,,,,,
G,District of West Dorset,District of West Dorset,50°47′20″N,02°35′52″W,UK.DO.WD,,,,,
G,Borough of Weymouth and Portland,Borough of Weymouth and Portland,50°33′59″N,02°27′14″W,UK.DO.WP,,,,,
County of Gloucestershire,,,,,,,,,,
G,Borough of Cheltenham,Borough of Cheltenham,51°53′47″N,02°04′42″W,UK.GL.CH,,,,,
G,District of Cotswold,District of Cotswold,51°43′84″N,01°58′48″W,UK.GL.CO,,,,,
G,District of Forest of Dean,District of Forest of Dean,51°47′00″N,02°33′00″W,UK.GL.FD,,,,,
G,City of Gloucester,City of Gloucester,51°52′00″N,02°14′38″W,UK.GL.GL,,,,,
G,District of South Gloucestershire (Unitary Authority),District of South Gloucestershire (Unitary Authority),51°36′34″N,02°31′30″W,UK.GL.SG,,,,,
G,District of Stroud,District of Stroud,51°44′52″N,02°12′57″W,UK.GL.ST,,,,,
G,Borough of Tewkesbury,Borough of Tewkesbury,52°00′00″N,02°10′00″W,UK.GL.TE,,,,,
County of Somerset,,,,,,,,,,
G,District of Bath and North East Somerset (Unitary Authority),District of Bath and North East Somerset (Unitary Authority),51°23′24″N,02°19′12″W,UK.SM.BS,,,,,
G,District of Mendip,District of Mendip,51°11′33″N,02°32′45″W,UK.SM.ME,,,,,
G,District of North Somerset (Unitary Authority),District of North Somerset (Unitary Authority),51°20′46″N,02°58′37″W,UK.SM.NS,,,,,
G,District of Sedgemoor,District of Sedgemoor,51°07′41″N,02°59′35″W,UK.SM.SE,,,,,
G,District of South Somerset,District of South Somerset,50°56′43″N,02°38′13″W,UK.SM.SS,,,,,
G,Borough of Taunton Deane,Borough of Taunton Deane,51°01′08″N,03°06′00″W,UK.SM.TD,,,,,
G,District of West Somerset,District of West Somerset,51°09′53″N,03°18′31″W,UK.SM.WS,,,,,
County of Wiltshire,,,,,,,,,,
G,Borough of Swindon (Unitary Authority),Borough of Swindon (Unitary Authority),51°33′30″N,00°46′52″W,UK.WI.SW,,,,,
G,County of Wiltshire (Unitary Authority),County of Wiltshire (Unitary Authority),51°19′11″N,02°12′32″W,UK.WI.WI,,,,,
Region of the West Midlands,,,,,,,,,,
County of Herefordshire,,,,,,,,,,
G,County of Herefordshire (Unitary Authority),County of Herefordshire (Unitary Authority),52°05′00″N,02°45′00″W,UK.WE.HE,,,,,
County of Shropshire,,,,,,,,,,
G,County of Shropshire (Unitary Authority),County of Shropshire (Unitary Authority),52°37′00″N,02°43′00″W,UK.SO.SO,,,,,
G,Borough of Telford and Wrekin (Unitary Authority),Borough of Telford and Wrekin (Unitary Authority),52°40′35″N,02°26′48″W,UK.SO.TW,,,,,
County of Staffordshire,,,,,,,,,,
G,District of Cannock Chase,District of Cannock Chase,52°43′50″N,01°58′13″W,UK.SF.CC,,,,,
G,Borough of East Staffordshire,Borough of East Staffordshire,52°48′28″N,01°38′44″W,UK.SF.ES,,,,,
G,District of Lichfield,District of Lichfield,52°40′51″N,01°49′39″W,UK.SF.LI,,,,,
G,Borough of Newcastle-under-Lyme,Borough of Newcastle-under-Lyme,53°00′39″N,02°13′44″W,UK.SF.NL,,,,,
G,District of South Staffordshire,District of South Staffordshire,52°37'32″N,02°11′30″W,UK.SF.SS,,,,,
G,Borough of Stafford,Borough of Stafford,52°48′ 23″N,02°07′01″W,UK.SF.SF,,,,,
G,District of Staffordshire Moorlands,District of Staffordshire Moorlands,53°06′29″N,02°01′24″W,UK.SF.SM,,,,,
G,City of Stoke-on-Trent (Unitary Authority),City of Stoke-on-Trent (Unitary Authority),52°37′58″N,01°41′42″W,UK.SF.ST,,,,,
G,Borough of Tamworth,Borough of Tamworth,52°37′58″N,01°41′42″W,UK.SF.TA,,,,,
County of Warwickshire,,,,,,,,,,
G,Borough of North Warwickshire,Borough of North Warwickshire,52°34′33″N,01°32′43″W,UK.WR.NW,,,,,
G,Borough of Nuneaton and Bedworth,Borough of Nuneaton and Bedworth,52°31′18″N,01°28′03″W,UK.WR.NB,,,,,
G,Borough of Rugby,Borough of Rugby,52°22'30″N,01°15′49″W,UK.WR.RU,,,,,
G,District of Stratford-on-Avon,District of Stratford-on-Avon,52°11′24″N,01°42′31″W,UK.WR.SA,,,,,
G,District of Warwick,District of Warwick,52°17′21″N,01°32′36″W,UK.WR.WR,,,,,
Metropolitan County of the West Midlands,,,,,,,,,,
G,Metropolitan Borough and City of Birmingham,Metropolitan Borough and City of Birmingham,52°29′01″N,01°54′23″W,UK.WM.BI,,,,,
G,Metropolitan Borough and City of Coventry,Metropolitan Borough and City of Coventry,52°24′29″N,01°30′38″W,UK.WM.CO,,,,,
G,Metropolitan Borough of Dudley,Metropolitan Borough of Dudley,52°27′36″N,02°09′36″W,UK.WM.DU,,,,,
G,Metropolitan Borough of Sandwell,Metropolitan Borough of Sandwell,52°28′12″N,02°00′00″W,UK.WM.SA,,,,,
G,Metropolitan Borough of Solihull,Metropolitan Borough of Solihull,52°24′31″N,01°46′51″W,UK.WM.SO,,,,,
G,Metropolitan Borough of Walsall,Metropolitan Borough of Walsall,52°34′48″N,01°58′48″W,UK.WM.WA,,,,,
G,Metropolitan Borough and City of Wolverhampton,Metropolitan Borough and City of Wolverhampton,52°35′00″N,02°08′00″W,UK.WM.WO,,,,,
County of Worcestershire,,,,,,,,,,
G,District of Bromsgrove,District of Bromsgrove,52°20′06″N,02°03′28″W,UK.WO.BR,,,,,
G,District of Malvern Hills,District of Malvern Hills,52°06′28″N,02°19′30″W,UK.WO.MH,,,,,
G,Borough of Redditch,Borough of Redditch,52°16′48″N,01°55′48″W,UK.WO.RE,,,,,
G,City of Worcester,City of Worcester,52°11′28″N,02°13′32″W,UK.WO.WO,,,,,
G,District of Wychavon,District of Wychavon,52°06′50″N,02°04′51″W,UK.WO.WY,,,,,
G,District of Wyre Forest,District of Wyre Forest,52°23′20″N,02°15′18″W,UK.WO.WF,,,,,
Region of Yorkshire and the Humber,,,,,,,,,,
County of East Riding of Yorkshire,,,,,,,,,,
G,County of East Riding of Yorkshire (Unitary Authority),County of East Riding of Yorkshire (Unitary Authority),54°01′44″N,00°27′57″W,UK.EY.EY,,,,,
G,City of Kingston upon Hull (Unitary Authority),City of Kingston upon Hull (Unitary Authority),53°44′39″N,00°19′57″W,UK.EY.KH,,,,,
County of Lincolnshire (Part Only),,,,,,,,,,
G,Borough of North East Lincolnshire (Unitary Authority),Borough of North East Lincolnshire (Unitary Authority),53°36′00″N,00°39′00″W,UK.LN.NE,,,,,
G,Borough of North Lincolnshire (Unitary Authority),Borough of North Lincolnshire (Unitary Authority),53°33′00″N,00°06′00″W,UK.LN.NL,,,,,
County of North Yorkshire (Part Only),,,,,,,,,,
G,District of Craven,District of Craven,53°57′40″N,02°00′43″W,UK.NY.CR,,,,,
G,District of Hambleton,District of Hambleton,54°20′24″N,01°25′44″W,UK.NY.HA,,,,,
G,Borough of Harrogate,Borough of Harrogate,03°59′25″N,01°32′28″W,UK.NY.HR,,,,,
G,District of Richmondshire,District of Richmondshire,54°19′48″N,02°00'43″W,UK.NY.RI,,,,,
G,District of Ryedale,District of Ryedale,54°08′20″N,00°04′44″W,UK.NY.RY,,,,,
G,Borough of Scarborough,Borough of Scarborough,54°16′48″N,00°24′07''W,UK.NY.SC,,,,,
G,District of Selby,District of Selby,53°46′37″N,01°04′44″W,UK.NY.SE,,,,,
G,City of York (Unitary Authority),City of York (Unitary Authority),53°57′30″N,01°04′49″W,UK.NY.YO,,,,,
Metropolitan County of South Yorkshire,,,,,,,,,,
G,Metropolitan Borough of Barnsley,Metropolitan Borough of Barnsley,53°36′36″N,01°27′00″W,UK.SY.BA,,,,,
G,Metropolitan Borough of Doncaster,Metropolitan Borough of Doncaster,53°31′21″N,01°07′43″W,UK.SY.DO,,,,,
G,Metropolitan Borough of Rotherham,Metropolitan Borough of Rotherham,53°25′51″N,01°21′17″W,UK.SY.RO,,,,,
G,Metropolitan Borough and City of Sheffield,Metropolitan Borough and City of Sheffield,53°23′01″N,01°28′01″W,UK.SY.SH,,,,,
Metropolitan County of West Yorkshire,,,,,,,,,,
G,Metropolitan Borough and City of Bradford,Metropolitan Borough and City of Bradford,53°47′31″N,01°45′14″W,UK.WY.BR,,,,,
G,Metropolitan Borough of Calderdale,Metropolitan Borough of Calderdale,53°43′12″N,01°58′12″W,UK.WY.CA,,,,,
G,Metropolitan Borough of Kirklees,Metropolitan Borough of Kirklees,53°35′34″N,01°48′03″W,UK.WY.KI,,,,,
G,Metropolitan Borough and City of Leeds,Metropolitan Borough and City of Leeds,53°47′59″N,01°32′57″W,UK.WY.LE,,,,,
G,Metropolitan Borough and City of Wakefield,Metropolitan Borough and City of Wakefield,53°40′58″N,01°29′56″W,UK.WY.WA,,,,,
Isle of Man ► Ellan Vannin,,,,,,,,,,
GD,Sheading of Ayre,Sheading of Ayre,54°19′37″N,04°26′38″W,UK.IM.AY,,,,,
GD,Sheading of Garff,Sheading of Garff,54°15′40″N,04°23′49″W,UK.IM.GA,,,,,
GD,Sheading of Glenfaba,Sheading of Glenfaba,54°12′47″N,04°39′36″W,UK.IM.GL,,,,,
GD,Sheading of Michael,Sheading of Michael,54°16′29″N,04°33′01″W,UK.IM.MC,,,,,
GD,Sheading of Middle,Sheading of Middle,54°10′37″N,04°33′36″W,UK.IM.MD,,,,,
GD,Sheading of Rushen (Excluding Chicken Rock),Sheading of Rushen,54°05′05″N,04°44′51″W,UK.IM.RU,,,,,
Exceptional Territories of the Sheading of Rushen,,,,,,,,,,
GD,Chicken Rock,Carrick ny Kirkey,54°02′18″N,04°50′12″W,UK.DX.CR,,,,,
Northern Ireland (Constituent Country) ► Tuaisceart Éireann (Norlin Airlann),,,,,,,,,,
GI,Borough of Antrim,Comhairle Baile Aontroma,54°43′37″N,06°12′36″W,UK.NI.AN,,,,,
GI,Borough of Ards,Comhairle Baile na hArda,54°31′15″N,05°44′49″W,UK.NI.AR,,,,,
GI,City and District of Armagh,Comhairle Cathrach agus Ceantair Ard Mhacha,54°20′52″N,06°39′21″W,UK.NI.AM,,,,,
GI,Borough of Ballymena,Comhairle Baile an Bhaile Meánaigh,54°51′47″N,06°17′03″W,UK.NI.BE,,,,,
GI,Borough of Ballymoney,Comhairle Baile Bhaile Monaidh,54°04′15″N,06°30′28″W,UK.NI.BO,,,,,
GI,District of Banbridge,Comhairle Ceantair Dhroichead na Banna,54°21′30″N,06°16′10″W,UK.NI.BA,,,,,
GI,City of Belfast,Comhairle Cathrach Bhéal Feirste,54°35′38″N,05°55′46″W,UK.NI.BF,,,,,
GI,Borough of Carrickfergus,Comhairle Baile Charraig Fheargais,54°43′15″N,05°47′27″W,UK.NI.CF,,,,,
GI,Borough of Castlereag,Comhairle Baile an Chaisleáin Riabhaigh,54°35′00″N,05°52′00″W,UK.NI.CA,,,,,
GI,Borough of Coleraine,Comhairle Baile Chúil Raithin,55°07′55″N,06°40′40″W,UK.NI.CL,,,,,
GI,District of Cookstown,Comhairle Ceantair na Coirre Críochaí,54°38′45″N,06°44′42″W,UK.NI.CO,,,,,
GI,Borough of Craigavon,Comhairle Baile Chreag Abhann,54°27′39″N,06°23′52″W,UK.NI.CR,,,,,
GI,City of Derry,Comhairle Cathrach Dhoire,55°00′00″N,07°19′58″W,UK.NI.DE,,,,,
GI,District of Down,Comhairle Ceantair an Dúin,54°21′07″N,05°43′51″W,UK.NI.DO,,,,,
GI,Borough of Dungannon and South Tyrone,Comhairle Baile Dhún Geanainn agus Thír Eoghain Theas,54°25′30″N,07°05′45″W,UK.NI.DU,,,,,
GI,District of Fermanagh,Comhairle Ceantair Fhear Manach,54°27′03″N,07°42′46″W,UK.NI.FE,,,,,
GI,Borough of Larne,Comhairle Baile Latharna,54°51′18″N,05°50′16″W,UK.NI.LA,,,,,
GI,Borough of Limavady,Comhairle Baile Léim an Mhadaidh,55°03′03″N,06°57′03″W,UK.NI.LI,,,,,
GI,City of Lisburn,Comhairle Cathrach Lios na gCearrbhach,54°30′39″N,06°02′34″W,UK.NI.LS,,,,,
GI,District of Magherafelt,Comhairle Ceantair Mhacaire Fíolta,54°45′07″N,06°36′03″W,UK.NI.MA,,,,,
GI,District of Moyle (Excluding Rathlin Island),Comhairle Ceantair Shruth na Maoile,55°10′15″N,06°13′44″W,UK.NI.MO,,,,,
GI,District of Newry and Mourne,Comhairle an Iúir agus Mhúrn,54°10′33″N,06°15′21″W,UK.NI.NM,,,,,
GI,Borough of Newtownabbey,Comhairle Baile Bhaile na Mainistreach,54°39′25″N,05°54′25″W,UK.NI.NA,,,,,
GI,Borough of North Down,Comhairle Baile Dúin Thuaidh,54°37′33″N,05°40′22″W,UK.NI.ND,,,,,
GI,District of Omagh,Comhairle Ceantair na hÓmaí,54°36′00″N,07°17′52″W,UK.NI.OM,,,,,
GI,District of Strabane,Comhairle Ceantair an tSratha Báin,54°30′00″N,07°16′12″W,UK.NI.ST,,,,,
Exceptional Territories of Northern Ireland,,,,,,,,,,
GI,Rathlin Island,Oileán é Reachlainn,55°17′32″N,06°11′30″W,UK.DX.RA,,,,,
Bailiwick of Jersey ► Bailliage dé Jèrri ,,,,,,,,,,
GJ,Parish of Grouville,Pâraisse dé Grouville,49°11′19″N,02°02′44″W,UK.JE.GR,,,,,
GJ,Parish of Saint Brélade,Pâraisse dé Saint Brélade,49°11′49″N,02°11′47″W,UK.JE.BR,,,,,
GJ,Parish of Saint Clément,Pâraisse dé Saint Cliément,49°10′13″N,02°04′20″W,UK.JE.CL,,,,,
GJ,Parish of Saint Helier,Pâraisse dé Saint Hélyi,49°11′13″N,02°06′25″W,UK.JE.HE,,,,,
GJ,Parish of Saint John,Pâraisse dé Saint Jean,49°14′54″N,02°07′50″W,UK.JE.JO,,,,,
GJ,Parish of Saint Lawrence,Pâraisse dé Saint Louothains,49°12′56″N,02°08′36″W,UK.JE.LA,,,,,
GJ,Parish of Saint Martin,Pâraisse dé Saint Martîn,49°12′32″N,02°02′16″W,UK.JE.MT,,,,,
GJ,Parish of Saint Mary,Pâraisse dé Sainte Mathie,49°14′28″N,02°11′13″W,UK.JE.MR,,,,,
GJ,Parish of Saint Ouen,Pâraisse dé Saint Ouën,49°14′24″N,02°13′12″W,UK.JE.OU,,,,,
GJ,Parish of Saint Peter,Pâraisse dé Saint Pièrre,49°13′04″N,02°11′27″W,UK.JE.PE,,,,,
GJ,Parish of Saint Saviour,Pâraisse dé Saint Saûveux,49°11′24″N,02°04′44″W,UK.JE.SA,,,,,
GJ,Parish of Trinity,Pâraisse dé La Trinneté,49°13′27″N,02°04′47″W,UK.JE.TR,,,,,
Exceptional Territories of the Bailiwick of Jersey,,,,,,,,,,
GJ,Dirouille Rocks (The Dirouilles),Les Dirouilles (Les Dithouïl'yes),49°19′59″N,02°04′59″W,UK.DX.DI,,,,,
GJ,Écréhou Rocks (The Écréhous),Les Écréhous (Les Êcréhos),49°16′59″N,01°55′59″W,UK.DX.EC,,,,,
GJ,Minquier Rocks (The Minquiers),Les Minquiers (Les Mîntchièrs),48°57′00″N,02°07′59″W,UK.DX.MI,,,,,
GJ,Paternoster Rocks (The Paternosters),Les Pierres de Lecq (Les Pièrres dé Lé),49°18′00″N,02°12′00″W,UK.DX.LE,,,,,
Scotland (Constituent Country) ► Alba,,,,,,,,,,
GM,Council Area of Aberdeen City,Comhairle Cathair Obar Dheathain,57°09′09″N,02°06′36″W,UK.SC.AC,,,,,
GM,Council Area of Aberdeenshire,Comhairle Siorrachd Obar Dheathain,57°09′03″N,02°07′22″W,UK.SC.AS,,,,,
GM,Council Area of Angus,Comhairle Siorrachd Aonghais,56°40′00″N,02°55′00″W,UK.SC.AN,,,,,
GM,Council Area of Argyll and Bute,Comhairle Earra-Ghaidheal is Bhòid,56°02′24″N,05°26′24″W,UK.SC.AB,,,,,
GM,Council Area of Clackmannanshire,Comhairle Siorrachd Chlach Mhanainn,56°10′00″N,03°45′00″W,UK.SC.CL,,,,,
GM,Council Area of Dumfries and Galloway,Comhairle Dhùn Phris is Ghall-Ghaidhealaibh,55°04′12″N,03°36′10″W,UK.SC.DG,,,,,
GM,Council Area of Dundee City,Comhairle Cathair Dhùn Deagh,56°27′51″N,02°58′13″W,UK.SC.DU,,,,,
GM,Council Area of East Ayrshire,Comhairle Siorrachd Àir an Ear,55°36′39″N,04°29′44″W,UK.SC.EA,,,,,
GM,Council Area of East Dunbartonshire,Comhairle Siorrachd Dhùn Bhreatainn an Ear,55°56′08″N,04°09′16″W,UK.SC.ED,,,,,
GM,Council Area of East Lothian,Comhairle Lodainn an Ear,55°55′00″N,02°45′00″W,UK.SC.EL,,,,,
GM,Council Area of East Renfrewshire,Comhairle Siorrachd Rinn Friù an Ear,55°47′54″N,04°17′26″W,UK.SC.ER,,,,,
GM,Council Area of the City of Edinburgh,Comhairle Cathair Dhùn Èideann,55°56′58″N,03°09′37″W,UK.SC.EB,,,,,
GM,Council Area of Falkirk,Comhairle na h-Eaglaise Brice,56°00′03″N,03°47′02″W,UK.SC.FA,,,,,
GM,Council Area of Fife,Comhairle Fìobha,56°15′00″N,03°12′00″W,UK.SC.FI,,,,,
GM,Council Area of Glasgow City,Comhairle Cathair Ghlaschu,55°51′28″N,04°15′32″W,UK.SC.GL,,,,,
GM,Council Area of Inverclyde,Comhairle Inbhir Chluaidh,55°54′00″N,04°45′00″W,UK.SC.IN,,,,,
GM,Council Area of Midlothian,Comhairle Mheadhan Lodainn,55°53′39″N,03°04′07″W,UK.SC.ML,,,,,
GM,Council Area of Moray,Comhairle Mhoireibh,57°25′00″N,03°15′00″W,UK.SC.MO,,,,,
GM,Council Area of North Ayrshire,Comhairle Siorrachd Àir a Tuath,55°37′12″N,04°39′41″W,UK.SC.NA,,,,,
GM,Council Area of North Lanarkshire,Comhairle Siorrachd Lannraig a Tuath,55°49′44″N,03°55′19″W,UK.SC.NL,,,,,
GM,Council Area of Orkney Islands,Comhairle Eileanan Àrcaibh,58°58′51″N,02°57′36″W,UK.SC.OR,,,,,
GM,Council Area of Perth and Kinross,Comhairle Pheairt is Cheann Rois,56°23′48″N,03°26′14″W,UK.SC.PK,,,,,
GM,Council Area of Renfrewshire,Comhairle Siorrachd Rinn Friù,55°50′47″N,04°25′25″W,UK.SC.RE,,,,,
GM,Council Area of Shetland Islands,Comhairle Eileanan Shealltainn,60°18′13″N,01°16′08″W,UK.SC.SH,,,,,
GM,Council Area of South Ayrshire,Comhairle Siorrachd Àir a Deas,55°27′30″N,04°37′47″W,UK.SC.SA,,,,,
GM,Council Area of South Lanarkshire,Comhairle Siorrachd Lannraig a Deas,55°46′38″N,04°03′18″W,UK.SC.SL,,,,,
GM,Council Area of Stirling,Comhairle Shruighlea,56°07′02″N,03°56′23″W,UK.SC.ST,,,,,
GM,Council Area of the Highland,Comhairle na Gaidhealtachd,57°30′00″N,05°00′00″W,UK.SC.HL,,,,,
GM,Council Area of the Scottish Borders,Comhairle nan Crìochan na h-Alba,55°34′36″N,02°40′23″W,UK.SC.SB,,,,,
GM,Council Area of the Western Isles,Comhairle nan Eilean Siar,57°40′15″N,06°57′10″W,UK.SC.ES,,,,,
GM,Council Area of West Dunbartonshire,Comhairle Siorrachd Dhùn Bhreatainn an Iar,55°57′00″N,04°34′00″W,UK.SC.WD,,,,,
GM,Council Area of West Lothian,Comhairle Lodainn an Iar,55°55′00″N,03°30′00″W,UK.SC.WL,,,,,
Exceptional Territories of Scotland,,,,,,,,,,
GM,Fair Isle,Eilean Fara,59°32′30″N,01°37′21″W,UK.DX.FA,,,,,
GM,Flannan Isles,Na h-Eileanan Flannach,58°17′00″N,07°35′00″W,UK.DX.FL,,,,,
GM,Foula Island,Eilean Fughlaigh,60°08′00″N,02°04′00″W,UK.DX.FO,,,,,
GM,Haskeir Island (Including Haskeir Eagach),Eilean Hasgeir,57°41′53″N,07°41′04″W,UK.DX.HA,,,,,
GM,Monach Islands,Na h-Eileanan Heisgeir,57°31′00″N,07°40′00″W,UK.DX.MO,,,,,
GM,North Rona Island,Eilean Rònaigh,59°07′19″N,05°49′30″W,UK.DX.NR,,,,,
GM,Rockall Island,Sgeir Rocail,57°35′48″N,13°41′19″W,UK.DX.RO,,,,,
GM,Saint Kilda Islands,Na h-Eileanan Hiort,57°49′00″N,08°35′00″W,UK.DX.SK,,,,,
GM,Shiant Isles,Na h-Eileanan Mòra,57°53′56″N,06°21′51″W,UK.DX.SH,,,,,
GM,Sula Sgeir,Sula Sgeir,59°05′45″N,06°08′48″W,UK.DX.SG,,,,,
GM,Sule Skerry and Sule Stack,Sule Skerry and Sule Stack,59°05′03″N,04°24′29″W,UK.DX.SU,,,,,
Bailiwick of Guernsey ► Bailliage dé Guernési,,,,,,,,,,
GU,Parish of Castel,Pâraisse dé Lé Casté,49°28′26″N,02°36′10″W,UK.GU.CA,,,,,
GU,Parish of Forest,Pâraisse dé La Fouarêt,49°25′32″N,02°35′51″W,UK.GU.FO,,,,,
GU,Parish of Saint Andrew,Pâraisse dé Saint Andri,49°26′53″N,02°34′41″W,UK.GU.AN,,,,,
GU,Parish of Saint Martin,Pâraisse dé Saint Martin,49°26′13″N,02°33′25″W,UK.GU.MA,,,,,
GU,Parish of Saint Peter Port,Pâraisse dé Saint Pierre Port,49°27′00″N,02°32′00″W,UK.GU.PP,,,,,
GU,Parish of Saint Pierre du Bois,Pâraisse dé Saint Pierre,49°26′27″N,02°38′27″W,UK.GU.PB,,,,,
GU,Parish of Saint Sampson,Pâraisse dé Saint Samsaon,49°28′55″N,02°32′27″W,UK.GU.SA,,,,,
GU,Parish of Saint Saviour,Pâraisse dé Saint Sauveux,49°27′00″N,02°37′22″W,UK.GU.SV,,,,,
GU,Parish of Torteval,Pâraisse dé Tortévas,49°25′39″N,02°37′27″W,UK.GU.TO,,,,,
GU,Parish of Vale,Pâraisse dé Lé Vale,49°28′58″N,02°33′50″W,UK.GU.VA,,,,,
Exceptional Territories of the Bailiwick of Guernsey,,,,,,,,,,
GU,Alderney Island (Including Adjacent Rocks),"Île d'Aurigny (Âorgny, Aoeur'gny)",49°42′52″N,02°12′19″W,UK.DX.AL,,,,,
GU,Amfroque Rocks (The Amfroques),Les Amfroques,49°30′32″N,02°24′37″W,UK.DX.AM,,,,,
GU,Brechou Island,Île de Brecqhou,49°26′03″N,02°23′12″W,UK.DX.BR,,,,,
GU,Burhou Islet,Îlot de Burhou,49°43′48″N,02°15′06″W,UK.DX.BU,,,,,
GU,Casquet Rocks (The Casquets),Les Casquets ,49°43′04″N,02°22′07″W,UK.DX.CQ,,,,,
GU,Coque Lihou Islet,Îlot de Coque Lihou,49°41′42″N,02°12′36″W,UK.DX.CL,,,,,
GU,Crevichon Islet,Îlot de Crevichon,49°27′53″N,02°27′48″W,UK.DX.CV,,,,,
GU,Etac Rock,L'Etac de Serk,49°27′36″N,02°26′52″W,UK.DX.ES,,,,,
GU,Étac Rocks (The Garden Rocks),Les Étacs,49°42′23″N,02°14′23″W,UK.DX.ET,,,,,
GU,Herm Island,Île d'Herm (Haerme),49°28′27″N,02°26′55″W,UK.DX.HE,,,,,
GU,Houmet Rocks (The Houmets),Les Houmets,49°30′02″N,02°29′08″W,UK.DX.HO,,,,,
GU,Jethou Island,Île de Jéthou (Jétho),49°27′38″N,02°27′39″W,UK.DX.JE,,,,,
GU,Lihou Islet,Îlot de Lihou,49°27′38″N,02°40′04″W,UK.DX.LI,,,,,
GU,Little Burhou Islet,Îlot de Peu Burhou,49°42′16″N,02°15′02″W,UK.DX.LB,,,,,
GU,Ortac Islet,Îlot d'Ortac,49°43′23″N,02°17′26″W,UK.DX.OR,,,,,
GU,Red Rock,Renonquet,49°44′14″N,02°16′35″W,UK.DX.RQ,,,,,
GU,Sark Island,"Île de Sercq (Sèr, Ser)",49°25′59″N,02°21′39″W,UK.DX.SA,,,,,
Wales (Constituent Country) ► Cymru,,,,,,,,,,
GW,County of the Isle of Anglesey,Sir Ynys Mon,53°17′00″N,04°20′00″W,UK.WA.AN,,,,,
GW,County Borough of Blaenau Gwent,Bwrdeistref Sirol Blaenau Gwent,51°47′12″N,03°12′14″W,UK.WA.BG,,,,,
GW,County Borough of Bridgend,Bwrdeistref Sirol Pen-y-bont ar Ogwr,51°30′24″N,03°34′46″W,UK.WA.BR,,,,,
GW,County Borough of Caerphilly,Bwrdeistref Sirol Caerffili,51°39′21″N,03°10′58″W,UK.WA.CA,,,,,
GW,City and County of Cardiff,Dinas a Sir Caerdydd,51°29′07″N,03°11′12″W,UK.WA.CF,,,,,
GW,County of Carmarthenshire,Sir Gaerfyrddin,51°51′22″N,04°18′38″W,UK.WA.CM,,,,,
GW,County of Ceredigion,Sir Ceredigion,52°14′31″N,04°15′33″W,UK.WA.CE,,,,,
GW,County Borough of Conwy,Bwrdeistref Sirol Conwy,53°16′48″N,03°49′48″W,UK.WA.CO,,,,,
GW,County of Denbighshire,Sir Ddinbych,53°06′56″N,03°18′20″W,UK.WA.DE,,,,,
GW,County of Flintshire,Sir y Fflint,53°09′57″N,03°07′58″W,UK.WA.FL,,,,,
GW,County of Gwynedd,Sir Gwynedd,52°50′00″N,03°55′00″W,UK.WA.GW,,,,,
GW,County Borough of Merthyr Tydfil,Bwrdeistref Sirol Merthyr Tudful,51°45′00″N,03°23′00″W,UK.WA.MT,,,,,
GW,County of Monmouthshire,Sir Fynwy,51°39′10″N,03°01′15″W,UK.WA.MO,,,,,
GW,County Borough of Neath Port Talbot,Bwrdeistref Sirol Castell-nedd Port Talbot,51°35′25″N,03°47′54″W,UK.WA.NP,,,,,
GW,City of Newport,Dinas Casnewydd,51°35′15″N,02°59′54″W,UK.WA.NE,,,,,
GW,County of Pembrokeshire,Sir Benfro,51°50′42″N,04°50′32″W,UK.WA.PE,,,,,
GW,County of Powys,Sir Powys,52°18′00″N,03°25′00″W,UK.WA.PO,,,,,
GW,County Borough of Rhondda Cynon Taff,Bwrdeistref Sirol Rhondda Cynon Taf,51°37′36″N,03°28′18″W,UK.WA.RC,,,,,
GW,City and County of Swansea,Dinas a Sir Abertawe,51°37′00″N,03°57′00″W,UK.WA.SW,,,,,
GW,County Borough of Torfaen,Bwrdeistref Sirol Torfaen,51°42′10″N,03°02′27″W,UK.WA.TO,,,,,
GW,County Borough of the Vale of Glamorgan,Bwrdeistref Sirol Bro Morgannwg,51°25′00″N,03°25′00″W,UK.WA.VG,,,,,
GW,County Borough of Wrexham,Bwrdeistref Sirol Wrecsam,53°01′48″N,02°58′48″W,UK.WA.WR,,,,,
Exceptional Territories of Wales,,,,,,,,,,
GW,Bardsey Island (Gwynedd),Ynys Enlli,52°45′40″N,04°47′05″W,UK.DX.BA,,,,,
GW,Bishops and Clerks Islands (Pembrokeshire),Bishops and Clerks Islands,51°51′05″N,05°24′44″W,UK.DX.BC,,,,,
GW,Flat Holm Island (Cardiff),Ynys Echni,51°22′37″N,03°07′19″W,UK.DX.FH,,,,,
GW,Grassholm Island (Pembrokeshire),Ynys Gwales,51°43′52″N,05°28′47″W,UK.DX.GH,,,,,
GW,Puffin Island (Anglesey),Ynys Seiriol,53°19′07″N,04°01′46″W,UK.DX.PU,,,,,
GW,Ramsey Island (Pembrokeshire),Ynys Dewi,51°52′00″N,05°20′20″W,UK.DX.RM,,,,,
GW,Skokholm Island (Pembrokeshire),Ynys Sgoc-holm,51°41′52″N,05°16′50″W,UK.DX.SO,,,,,
GW,Skomer Island (Pembrokeshire),Ynys Skomer,51°44′10″N,05°17′47″W,UK.DX.SM,,,,,
British Overseas Territories,,,,,,,,,,
ZB,Gibraltar,Gibraltar,36°08′35″N,05°21′11″W,EU.UK.GI,,,,,
Republic of Hungary ► Magyar Köztársaság,,,,,,,,,,
County of Győr-Moson-Sopron ► Győr-Moson-Sopron Megye,,,,,,,,,,
HA1,District of Csorna,Csornai Kistérség,47°36′41″N,17°14′56″E,HU.GM.CS,,,,,
HA1,District of Győr,Győri Kistérség,47°40′42″N,17°38′17″E,HU.GM.GY,,,,,
HA1,District of Kapuvár–Beled,Kapuvár–Beledi Kistérség,47°35′00″N,17°02′33″E,HU.GM.KB,,,,,
HA1,District of Mosonmagyaróvár,Mosonmagyaróvári Kistérség,47°52′28″N,17°16′10″E,HU.GM.MO,,,,,
HA1,District of Pannonhalma,Pannonhalmai Kistérség,47°32′52″N,17°44′35″E,HU.GM.PA,,,,,
HA1,District of Sopron–Fertőd,Sopron–Fertődi Kistérség,47°40′51″N,16°35′10″E,HU.GM.SF,,,,,
HA1,District of Tét,Téti Kistérség,47°30′58″N,17°31′01″E,HU.GM.TE,,,,,
County of Vas ► Vas Megye,,,,,,,,,,
HA1,District of Celldömölk,Celldömölki Kistérség,47°15′27″N,17°09′09″E,HU.VA.CE,,,,,
HA1,District of Csepreg,Csepregi Kistérség,47°24′06″N,16°42′29″E,HU.VA.CS,,,,,
HA1,District of Körmend,Körmendi Kistérség,47°00′40″N,10°36′21″E,HU.VA.KO,,,,,
HA1,District of Kőszeg,Kőszegi Kistérség,47°22′55″N,16°33′08″E,HU.VA.KS,,,,,
HA1,District of Őriszentpéter,Őriszentpéteri Kistérség,46°50′20″N,16°25′16″E,HU.VA.OR,,,,,
HA1,District of Sárvár,Sárvári Kistérség,47°15′15″N,16°56′07″E,HU.VA.SA,,,,,
HA1,District of Szentgotthárd,Szentgotthárdi Kistérség,46°57′10″N,16°16′25″E,HU.VA.SZ,,,,,
HA1,District of Szombathely,Szombathelyi Kistérség,47°14′09″N,16°37′18″E,HU.VA.SB,,,,,
HA1,District of Vasvár,Vasvári Kistérség,47°03′04″N,16°47′55″E,HU.VA.VA,,,,,
County of Zala ► Zala Megye,,,,,,,,,,
HA1,District of Hévíz,Hévízi Kistérség,46°47′26″N,17°11′04″E,HU.ZA.HE,,,,,
HA1,District of Keszthely,Keszthelyi Kistérség,46°46′10″N,17°14′53″E,HU.ZA.KE,,,,,
HA1,District of Lenti,Lenti Kistérség,46°37′26″N,16°32′46″E,HU.ZA.LE,,,,,
HA1,District of Letenye,Letenyei Kistérség,46°26′02″N,16°43′20″E,HU.ZA.LT,,,,,
HA1,District of Nagykanizsa,Nagykanizsai Kistérség,46°27′20″N,17°00′15″E,HU.ZA.NA,,,,,
HA1,District of Pacsa,Pacsai Kistérség,46°43′21″N,17°00′25″E,HU.ZA.PA,,,,,
HA1,District of Zalaegerszeg,Zalaegerszegi Kistérség,46°50′37″N,16°50′23″E,HU.ZA.ZE,,,,,
HA1,District of Zalakaros,Zalakarosi Kistérség,46°33′38″N,17°07′23″E,HU.ZA.ZK,,,,,
HA1,District of Zalaszentgrót,Zalaszentgróti Kistérség,46°56′50″N,17°04′45″E,HU.ZA.ZS,,,,,
County of Komárom-Esztergom ► Komárom-Esztergom Megye,,,,,,,,,,
HA2,District of Dorog,Dorogi Kistérség,47°43′11″N,18°43′44″E,HU.KE.DO,,,,,
HA2,District of Esztergom,Esztergomi Kistérség,47°47′36″N,18°44′31″E,HU.KE.ES,,,,,
HA2,District of Kisbér,Kisbéri Kistérség,47°30′06″N,18°01′37″E,HU.KE.KI,,,,,
HA2,District of Komárom,Komáromi Kistérség,47°44′36″N,18°07′09″E,HU.KE.KO,,,,,
HA2,District of Oroszlány,Oroszlányi Kistérség,47°29′40″N,18°19′17″E,HU.KE.OR,,,,,
HA2,District of Tata,Tatai Kistérség,47°39′19″N,18°19′43″E,HU.KE.TA,,,,,
HA2,District of Tatabánya,Tatabányai Kistérség,47°34′08″N,18°24′48″E,HU.KE.TB,,,,,
County of Veszprém ► Veszprém Megye,,,,,,,,,,
HA2,District of Ajka,Ajkai Kistérség,47°06′25″N,17°33′50″E,HU.VE.AJ,,,,,
HA2,District of Balatonalmádi,Balatonalmádi Kistérség,47°01′43″N,18°00′53″E,HU.VE.BA,,,,,
HA2,District of Balatonfüred,Balatonfüredi Kistérség,46°57′23″N,17°53′21″E,HU.VE.BF,,,,,
HA2,District of Pápa,Pápai Kistérség,47°19′51″N,17°27′58″E,HU.VE.PA,,,,,
HA2,District of Sümeg,Sümegi Kistérség,46°58′39″N,17°16′55″E,HU.VE.SU,,,,,
HA2,District of Tapolca,Tapolcai Kistérség,46°52′58″N,17°26′29″E,HU.VE.TA,,,,,
HA2,District of Várpalota,Várpalotai Kistérség,47°11′50″N,18°08′22″E,HU.VE.VA,,,,,
HA2,District of Veszprém,Veszprémi Kistérség,47°05′35″N,17°54′50″E,HU.VE.VE,,,,,
HA2,District of Zirc,Zirci Kistérség,47°15′47″N,17°52′21″E,HU.VE.ZI,,,,,
County of Baranya ► Baranya Megye,,,,,,,,,,
HA3,District of Komló,Komlói Kistérség,46°11′29″N,18°15′43″E,HU.BA.KO,,,,,
HA3,District of Mohács,Mohácsi Kistérség,46°00′50″N,18°40′47″E,HU.BA.MO,,,,,
HA3,District of Pécs,Pécsi Kistérség,46°04′30″N,18°13′29″E,HU.BA.PE,,,,,
HA3,District of Pécsvárad,Pécsváradi Kistérség,46°09′29″N,18°25′20″E,HU.BA.PV,,,,,
HA3,District of Sásd,Sásdi Kistérség,46°15′17″N,18°06′22″E,HU.BA.SA,,,,,
HA3,District of Sellye,Sellyei Kistérség,45°52′19″N,17°50′45″E,HU.BA.SE,,,,,
HA3,District of Siklós,Siklósi Kistérség,45°51′08″N,18°17′56″E,HU.BA.SI,,,,,
HA3,District of Szentlőrinc,Szentlőrinci Kistérség,46°02′32″N,17°59′08″E,HU.BA.SZ,,,,,
HA3,District of Szigetvár,Szigetvári Kistérség,46°02′54″N,17°48′44″E,HU.BA.SG,,,,,
County of Somogy ► Somogy Megye,,,,,,,,,,
HA3,District of Balatonföldvár,Balatonföldvári Kistérség,46°50′59″N,17°52′46″E,HU.SO.BF,,,,,
HA3,District of Barcs,Barcsi Kistérség,45°57′33″N,17°28′00″E,HU.SO.BA,,,,,
HA3,District of Csurgó,Csurgói Kistérség,46°15′39″N,17°05′43″E,HU.SO.CS,,,,,
HA3,District of Fonyód,Fonyódi Kistérség,46°44′57″N,17°33′21″E,HU.SO.FO,,,,,
HA3,District of Kadarkút,Kadarkúti Kistérség,46°13′52″N,17°36′57″E,HU.SO.KA,,,,,
HA3,District of Kaposvár,Kaposvári Kistérség,46°21′38″N,17°47′40″E,HU.SO.KP,,,,,
HA3,District of Lengyeltóti,Lengyeltóti Kistérség,46°40′01″N,17°38′27″E,HU.SO.LE,,,,,
HA3,District of Marcali,Marcali Kistérség,46°34′58″N,17°24′43″E,HU.SO.MA,,,,,
HA3,District of Nagyatád,Nagyatádi Kistérség,46°13′48″N,17°21′27″E,HU.SO.NA,,,,,
HA3,District of Siófok,Siófoki Kistérség,46°54′55″N,18°04′37″E,HU.SO.SF,,,,,
HA3,District of Tab,Tabi Kistérség,46°43′46″N,18°01′59″E,HU.SO.TA,,,,,
County of Tolna ► Tolna Megye,,,,,,,,,,
HA3,District of Bonyhád,Bonyhádi Kistérség,46°17′55″N,18°31′50″E,HU.TO.BO,,,,,
HA3,District of Dombóvár,Dombóvári Kistérség,46°23′00″N,18°07′52″E,HU.TO.DO,,,,,
HA3,District of Paks,Paksi Kistérség,46°37′35″N,18°51′55″E,HU.TO.PA,,,,,
HA3,District of Szekszárd,Szekszárdi Kistérség,46°20′40″N,18°42′45″E,HU.TO.SZ,,,,,
HA3,District of Tamási,Tamási Kistérség,46°27′46″N,18°17′05″E,HU.TO.TA,,,,,
County of Fejér ► Fejér Megye,,,,,,,,,,
HA4,District of Aba,Abai Kistérség,47°01′43″N,18°31′03″E,HU.FE.AB,,,,,
HA4,District of Adony,Adonyi Kistérség,47°07′10″N,18°51′55″E,HU.FE.AD,,,,,
HA4,District of Bicske,Bicskei Kistérség,47°29′27″N,18°38′11″E,HU.FE.BI,,,,,
HA4,District of Dunaújváros,Dunaújvárosi Kistérség,46°58′06″N,18°56′20″E,HU.FE.DU,,,,,
HA4,District of Enying,Enyingi Kistérség,46°55′47″N,18°14′35″E,HU.FE.EN,,,,,
HA4,District of Ercsi,Ercsi Kistérség,47°14′59″N,18°53′28″E,HU.FE.ER,,,,,
HA4,District of Gárdony,Gárdonyi Kistérség,47°11′50″N,18°36′33″E,HU.FE.GA,,,,,
HA4,District of Mór,Móri Kistérség,47°22′18″N,18°12′31″E,HU.FE.MO,,,,,
HA4,District of Sárbogárd,Sárbogárdi Kistérség,46°53′16″N,18°37′10″E,HU.FE.SA,,,,,
HA4,District of Székesfehérvár,Székesfehérvári Kistérség,47°11′35″N,18°25′02″E,HU.FE.SZ,,,,,
City of Budapest ► Budapest Főváros,,,,,,,,,,
HA5,District of Várkerület,Budapest I. Kerülete,47°30′20″N,19°02′08″E,HU.BU.VA,,,,,
HA5,District of Budapest II,Budapest II. Kerülete,47°31′44″N,19°01′30″E,HU.BU.BI,,,,,
HA5,District of Óbuda-Békásmegyer,Budapest III. Kerülete,47°33′33″N,19°02′02″E,HU.BU.OB,,,,,
HA5,District of Újpest,Budapest IV. Kerülete,47°34′46″N,19°05′44″E,HU.BU.UJ,,,,,
HA5,District of Belváros-Lipótváros,Budapest V. Kerülete,47°30′20″N,19°03′07″E,HU.BU.BL,,,,,
HA5,District of Terézváros,Budapest VI. Kerülete,47°30′38″N,19°04′03″E,HU.BU.TE,,,,,
HA5,District of Erzsébetváros,Budapest VII. Kerülete,47°30′16″N,19°04′13″E,HU.BU.ER,,,,,
HA5,District of Józsefváros,Budapest VIII. Kerülete,47°29′42″N,19°04′57″E,HU.BU.JO,,,,,
HA5,District of Ferencváros,Budapest IX. Kerülete,47°28′37″N,19°04′23″E,HU.BU.FE,,,,,
HA5,District of Kőbánya,Budapest X. Kerülete,47°28′42″N,19°08′20″E,HU.BU.KO,,,,,
HA5,District of Újbuda,Budapest XI. Kerülete,47°28′31″N,19°02′29″E,HU.BU.UB,,,,,
HA5,District of Hegyvidék,Budapest XII. Kerülete,47°29′36″N,18°59′56″E,HU.BU.HE,,,,,
HA5,District of Angyalföld,Budapest XIII. Kerülete,47°32′08″N,19°04′40″E,HU.BU.AN,,,,,
HA5,District of Zugló,Budapest XIV. Kerülete,47°31′48″N,19°07′07″E,HU.BU.ZU,,,,,
HA5,District of Rákospalota,Budapest XV. Kerülete,47°33′50″N,19°07′40″E,HU.BU.RA,,,,,
HA5,District of Budapest XVI,Budapest XVI. Kerülete,47°31′40″N,19°11′10″E,HU.BU.BX,,,,,
HA5,District of Rákosmente,Budapest XVII. Kerülete,47°28′28″N,19°14′57″E,HU.BU.RK,,,,,
HA5,District of Pestszentlőrinc-Pestszentimre,Budapest XVIII. Kerülete,47°25′29″N,19°12′34″E,HU.BU.PP,,,,,
HA5,Districtof of Kispest,Budapest XIX. Kerülete,47°26′15″N,19°09′12″E,HU.BU.KI,,,,,
HA5,District of Pesterzsébet,Budapest XX. Kerülete,47°25′50″N,19°07′58″E,HU.BU.PE,,,,,
HA5,District of Csepel,Budapest XXI. Kerülete,47°25′37″N,19°04′19″E,HU.BU.CS,,,,,
HA5,District of Budafok–Tétény,Budapest XXII. Kerülete,47°24′28″N,19°01′03″E,HU.BU.BT,,,,,
HA5,District of Soroksár,Budapest XXIII. Kerülete,47°24′27″N,19°07′08″E,HU.BU.SO,,,,,
County of Heves ► Heves Megye,,,,,,,,,,
HA6,District of Bélapátfalva,Bélapátfalvai Kistérség,48°03′10″N,20°20′55″E,HU.HE.BE,,,,,
HA6,District of Eger,Egri Kistérség,47°54′04″N,20°22′32″E,HU.HE.EG,,,,,
HA6,District of Füzesabony,Füzesabonyi Kistérség,47°45′03″N,20°24′35″E,HU.HE.FU,,,,,
HA6,District of Gyöngyös,Gyöngyösi Kistérség,47°46′30″N,19°55′41″E,HU.HE.GY,,,,,
HA6,District of Hatvan,Hatvani Kistérség,47°40′05″N,19°40′12″E,HU.HE.HA,,,,,
HA6,District of Heves,Hevesi Kistérség,47°35′40″N,20°17′17″E,HU.HE.HE,,,,,
HA6,District of Pétervására,Pétervásárai Kistérség,48°01′05″N,20°06′07″E,HU.HE.PE,,,,,
County of Nógrád ► Nógrád Megye,,,,,,,,,,
HA6,District of Balassagyarmat,Balassagyarmati Kistérség,48°04′44″N,19°17′38″E,HU.NO.BA,,,,,
HA6,District of Bátonyterenye,Bátonyterenyei Kistérség,47°59′21″N,19°49′44″E,HU.NO.BT,,,,,
HA6,District of Pásztó,Pásztói Kistérség,47°55′10″N,19°41′52″E,HU.NO.PA,,,,,
HA6,District of Rétság,Rétsági Kistérség,47°55′40″N,19°08′14″E,HU.NO.RE,,,,,
HA6,District of Salgótarján,Salgótarjáni Kistérség,48°05′07″N,19°47′13″E,HU.NO.SA,,,,,
HA6,District of Szécsény,Szécsényi Kistérség,48°04′52″N,19°31′11″E,HU.NO.SZ,,,,,
County of Jász-Nagykun-Szolnok ► Jász-Nagykun-Szolnok Megye,,,,,,,,,,
HA7,District of Jászberény,Jászberényi Kistérség,47°30′02″N,19°54′53″E,HU.JN.JA,,,,,
HA7,District of Karcag,Karcagi Kistérség,47°19′00″N,20°55′19″E,HU.JN.KA,,,,,
HA7,District of Kunszentmárton,Kunszentmártoni Kistérség,46°50′28″N,20°17′14″E,HU.JN.KU,,,,,
HA7,District of Mezőtúr,Mezőtúri Kistérség,47°00′10″N,20°37′06″E,HU.JN.ME,,,,,
HA7,District of Szolnok,Szolnoki Kistérség,47°10′12″N,20°11′16″E,HU.JN.SZ,,,,,
HA7,District of Tiszafüred,Tiszafüredi Kistérség,47°36′55″N,20°45′42″E,HU.JN.TI,,,,,
HA7,District of Törökszentmiklós,Törökszentmiklósi Kistérség,47°10′51″N,20°25′06″E,HU.JN.TO,,,,,
County of Pest ► Pest Megye,,,,,,,,,,
HA7,District of Aszód,Aszódi Kistérség,47°39′09″N,19°28′33″E,HU.PE.AS,,,,,
HA7,District of Budaörs,Budaörsi Kistérség,47°27′39″N,18°57′28″E,HU.PE.BU,,,,,
HA7,District of Cegléd,Ceglédi Kistérség,47°10′38″N,19°47′53″E,HU.PE.CE,,,,,
HA7,District of Dabas,Dabasi Kistérség,47°11′32″N,19°19′51″E,HU.PE.DA,,,,,
HA7,District of Dunakeszi,Dunakeszi Kistérség,47°37′47″N,19°08′17″E,HU.PE.DU,,,,,
HA7,District of Érd,Érdi Kistérség,47°22′44″N,18°55′28″E,HU.PE.ER,,,,,
HA7,District of Gödöllő,Gödöllői Kistérség,47°35′51″N,19°20′53″E,HU.PE.GO,,,,,
HA7,District of Gyál,Gyáli Kistérség,47°22′51″N,19°12′57″E,HU.PE.GY,,,,,
HA7,District of Monor,Monori Kistérség,47°20′51″N,19°26′56″E,HU.PE.MO,,,,,
HA7,District of Nagykáta,Nagykátai Kistérség,47°24′53″N,19°45′02″E,HU.PE.NA,,,,,
HA7,District of Pilisvörösvár,Pilisvörösvári Kistérség,47°37′16″N,18°54′40″E,HU.PE.PI,,,,,
HA7,District of Ráckeve,Ráckevei Kistérség,47°09′40″N,18°56′44″E,HU.PE.RA,,,,,
HA7,District of Szentendre,Szentendrei Kistérség,47°40′24″N,19°04′21″E,HU.PE.SZ,,,,,
HA7,District of Szob,Szobi Kistérség,47°49′05″N,18°52′00″E,HU.PE.SO,,,,,
HA7,District of Vác,Váci Kistérség,47°46′32″N,19°08′16″E,HU.PE.VA,,,,,
HA7,District of Veresegyház,Veresegyházi Kistérség,47°39′26″N,19°17′06″E,HU.PE.VE,,,,,
County of Bács-Kiskun ► Bács-Kiskun Megye,,,,,,,,,,
HA8,District of Bácsalmás,Bácsalmási Kistérség,46°07′36″N,19°19′35″E,HU.BK.BA,,,,,
HA8,District of Baja,Bajai Kistérség,46°11′00″N,18°57′14″E,HU.BK.BJ,,,,,
HA8,District of Jánoshalma,Jánoshalmai Kistérség,46°17′48″N,19°19′22″E,HU.BK.JA,,,,,
HA8,District of Kalocsa,Kalocsai Kistérség,46°32′00″N,18°59′08″E,HU.BK.KA,,,,,
HA8,District of Kecskemét,Kecskeméti Kistérség,46°54′22″N,19°41′35″E,HU.BK.KE,,,,,
HA8,District of Kiskőrös,Kiskőrösi Kistérség,46°37′13″N,19°17′02″E,HU.BK.KI,,,,,
HA8,District of Kiskunfélegyháza,Kiskunfélegyházai Kistérség,46°42′18″N,19°51′00″E,HU.BK.KF,,,,,
HA8,District of Kiskunhalas,Kiskunhalasi Kistérség,46°25′55″N,19°29′19″E,HU.BK.KH,,,,,
HA8,District of Kiskunmajsa,Kiskunmajsai Kistérség,46°29′32″N,19°44′13″E,HU.BK.KM,,,,,
HA8,District of Kunszentmiklós,Kunszentmiklósi Kistérség,47°01′35″N,19°07′22″E,HU.BK.KU,,,,,
County of Békés ► Békés Megye,,,,,,,,,,
HA8,District of Békéscsaba,Békéscsabai Kistérség,46°40′17″N,21°06′04″E,HU.BE.BC,,,,,
HA8,District of Békés,Békési Kistérség,46°40′44″N,21°04′44″E,HU.BE.BE,,,,,
HA8,District of Gyula,Gyulai Kistérség,46°38′33″N,21°16′08″E,HU.BE.GY,,,,,
HA8,District of Mezőkovácsháza,Mezőkovácsházi Kistérség,46°24′26″N,20°55′27″E,HU.BE.ME,,,,,
HA8,District of Orosháza,Orosházai Kistérség,46°33′42″N,20°39′43″E,HU.BE.OR,,,,,
HA8,District of Sarkad,Sarkadi Kistérség,46°44′47″N,21°23′06″E,HU.BE.SA,,,,,
HA8,District of Szarvas,Szarvasi Kistérség,46°51′34″N,20°33′35″E,HU.BE.SZ,,,,,
HA8,District of Szeghalom,Szeghalmi Kistérség,47°01′38″N,21°09′59″E,HU.BE.SG,,,,,
County of Csongrád ► Csongrád Megye,,,,,,,,,,
HA8,District of Csongrád,Csongrádi Kistérség,46°42′39″N,20°08′40″E,HU.CS.CS,,,,,
HA8,District of Hódmezővásárhely,Hódmezővásárhelyi Kistérség,46°25′49″N,20°19′08″E,HU.CS.HO,,,,,
HA8,District of Kistelek,Kisteleki Kistérség,46°28′11″N,19°58′49″E,HU.CS.KI,,,,,
HA8,District of Makó,Makói Kistérség,46°12′54″N,20°28′30″E,HU.CS.MA,,,,,
HA8,District of Mórahalom,Mórahalomi Kistérség,46°12′59″N,19°53′22″E,HU.CS.MO,,,,,
HA8,District of Szeged,Szegedi Kistérség,46°15′20″N,20°09′25″E,HU.CS.SZ,,,,,
HA8,District of Szentes,Szentesi Kistérség,46°39′07″N,20°15′26″E,HU.CS.SE,,,,,
County of Borsod-Abaúj-Zemplén ► Borsod-Abaúj-Zemplén Megye,,,,,,,,,,
HA9,District of Abaúj–Hegyköz,Abaúj–Hegyközi Kistérség,48°28′16″N,21°16′27″E,HU.BZ.AH,,,,,
HA9,District of Bodrogköz,Bodrogközi Kistérség,48°15′48″N,21°53′31″E,HU.BZ.BO,,,,,
HA9,District of Edelény,Edelényi Kistérség,48°17′48″N,20°44′39″E,HU.BZ.ED,,,,,
HA9,District of Encs,Encsi Kistérség,48°19′51″N,21°07′46″E,HU.BZ.EN,,,,,
HA9,District of Kazincbarcika,Kazincbarcikai Kistérség,48°15′11″N,20°38′44″E,HU.BZ.KA,,,,,
HA9,District of Mezőcsát,Mezőcsáti Kistérség,47°49′25″N,20°54′10″E,HU.BZ.MC,,,,,
HA9,District of Mezőkövesd,Mezőkövesdi Kistérség,47°48′25″N,20°33′54″E,HU.BZ.MK,,,,,
HA9,District of Miskolc,Miskolci Kistérség,48°06′17″N,20°48′00″E,HU.BZ.MI,,,,,
HA9,District of Ózd,Ózdi Kistérség,48°13′10″N,20°17′13″E,HU.BZ.OZ,,,,,
HA9,District of Sárospatak,Sárospataki Kistérség,48°19′08″N,21°33′59″E,HU.BZ.SA,,,,,
HA9,District of Sátoraljaújhely,Sátoraljaújhelyi Kistérség,48°23′39″N,21°39′22″E,HU.BZ.ST,,,,,
HA9,District of Szerencs,Szerencsi Kistérség,48°09′44″N,21°12′18″E,HU.BZ.SZ,,,,,
HA9,District of Szikszó,Szikszói Kistérség,48°11′42″N,20°55′46″E,HU.BZ.SI,,,,,
HA9,District of Tiszaújváros,Tiszaújvárosi Kistérség,47°55′22″N,21°03′08″E,HU.BZ.TI,,,,,
HA9,District of Tokaj,Tokaji Kistérség,48°07′17″N,21°24′44″E,HU.BZ.TO,,,,,
County of Hajdú-Bihar ► Hajdú-Bihar Megye,,,,,,,,,,
HAØ,District of Balmazújváros,Balmazújvárosi Kistérség,47°36′45″N,21°20′37″E,HU.HB.BA,,,,,
HAØ,District of Berettyóújfalu,Berettyóújfalui Kistérség,47°14′02″N,21°32′02″E,HU.HB.BE,,,,,
HAØ,District of Debrecen,Debreceni Kistérség,47°31′53″N,21°38′26″E,HU.HB.DE,,,,,
HAØ,District of Derecske–Létavértes,Derecske–Létavértesi Kistérség,47°21′14″N,21°34′19″E,HU.HB.DL,,,,,
HAØ,District of Hajdúböszörmény,Hajdúböszörményi Kistérség,47°40′24″N,21°30′27″E,HU.HB.HB,,,,,
HAØ,District of Hajdúhadház,Hajdúhadházi Kistérség,47°40′55″N,21°40′07″E,HU.HB.HH,,,,,
HAØ,District of Hajdúszoboszló,Hajdúszoboszlói Kistérség,47°26′37″N,21°23′23″E,HU.HB.HS,,,,,
HAØ,District of Polgár,Polgári Kistérség,47°51′59″N,21°07′27″E,HU.HB.PO,,,,,
HAØ,District of Püspökladány,Püspökladányi Kistérség,47°19′04″N,21°07′00″E,HU.HB.PU,,,,,
County of Szabolcs-Szatmár-Bereg ► Szabolcs-Szatmár-Bereg Megye,,,,,,,,,,
HAØ,District of Baktalórántháza,Baktalórántházai Kistérség,47°59′52″N,22°04′36″E,HU.SB.BA,,,,,
HAØ,District of Csenger,Csengeri Kistérség,47°50′06″N,22°40′56″E,HU.SB.CS,,,,,
HAØ,District of Fehérgyarmat,Fehérgyarmati Kistérség,47°59′06″N,22°31′02″E,HU.SB.FE,,,,,
HAØ,District of Ibrány–Nagyhalász,Ibrány–Nagyhalászi Kistérség,48°08′00″N,21°44′30″E,HU.SB.IN,,,,,
HAØ,District of Kisvárda,Kisvárdai Kistérség,48°13′35″N,22°05′05″E,HU.SB.KI,,,,,
HAØ,District of Mátészalka,Mátészalkai Kistérség,47°56′36″N,22°19′01″E,HU.SB.MA,,,,,
HAØ,District of Nagykálló,Nagykállói Kistérség,47°52′32″N,21°50′46″E,HU.SB.NA,,,,,
HAØ,District of Nyírbátor,Nyírbátori Kistérség,47°50′07″N,22°07′49″E,HU.SB.NY,,,,,
HAØ,District of Nyíregyháza,Nyíregyházai Kistérség,47°57′26″N,21°43′20″E,HU.SB.NE,,,,,
HAØ,District of Tiszavasvári,Tiszavasvári Kistérség,47°57′04″N,21°22′08″E,HU.SB.TI,,,,,
HAØ,District of Vásárosnamény,Vásárosnaményi Kistérség,48°07′36″N,22°19′06″E,HU.SB.VA,,,,,
HAØ,District of Záhony,Záhonyi Kistérség,48°24′25″N,22°10′28″E,HU.SB.ZA,,,,,
Swiss Confederation ► Schweizerische Eidgenossenschaft ► Confédération Suisse ► Confederazione Svizzera ► Confederaziun Svizra ► Confœderatio Helvetica,,,,,,,,,,
HB9,Canton of Aargau,"Kanton Aargau (Argovie, Argovia)",47°23′34″N,08°02′37″E,EU.CH.AG,,,,,
HB9,Canton of Appenzell Inner Rhodes,"Kanton Appenzell Innerrhoden (Appenzell Rhodes-Intérieures, Appenzello Interno)",47°19′51″N,09°24′40″E,EU.CH.AI,,,,,
HB9,Canton of Appenzell Outer Rhodes,"Kanton Appenzell Ausserrhoden (Appenzell Rhodes-Extérieures, Appenzello Esterno)",47°23′09″N,09°16′44″E,EU.CH.AR,,,,,
HB9,Canton of Basel City,"Kanton Basel-Stadt (Bâle-Ville, Basilea-Città, Basilea-Citad)",47°33′25″N,07°34′50″E,EU.CH.BS,,,,,
HB9,Canton of Basel Land,"Kanton Basel-Landschaft (Bâle-Campagne, Basilea-Campagna, Basilea-Champagna)",47°28′58″N,07°44′09″E,EU.CH.BL,,,,,
HB9,Canton of Bern,"Kanton Bern (Berne, Berna)",46°56′53″N,07°26′53″E,EU.CH.BE,,,,,
HB9,Canton of Fribourg,"Kanton Freiburg (Fribourg, Friborgo, Friburg)",46°48′09″N,07°09′05″E,EU.CH.FR,,,,,
HB9,Canton of Geneva,"Kanton Genf (Genève, Ginevra, Genevra)",46°12′14″N,06°08′24″E,EU.CH.GE,,,,,
HB9,Canton of Glarus,"Kanton Glarus (Glaris, Glarona, Glaruna)",47°02′34″N,09°04′03″E,EU.CH.GL,,,,,
HB9,Canton of Graubünden,"Kanton Graubünden (Grisons,  Grigioni, Grischun)",46°50′58″N,09°31′51″E,EU.CH.GR,,,,,
HB9,Canton of Jura,Kanton Jura (Giura),47°21′55″N,07°20′37″E,EU.CH.JU,,,,,
HB9,Canton of Lucerne,"Kanton Luzern (Lucerne, Lucerna)",47°04′44″N,08°18′29″E,EU.CH.LU,,,,,
HB9,Canton of Neuchâtel,Kanton Neuenburg (Neuchâtel),46°59′31″N,06°55′51″E,EU.CH.NE,,,,,
HB9,Canton of Nidwalden,"Kanton Nidwalden (Nidwald, Nidvaldo, Sutsilvania)",46°57′26″N,08°21′58″E,EU.CH.NW,,,,,
HB9,Canton of Obwalden,"Kanton Obwalden (Obwald, Obvaldo, Sursilvania)",46°53′45″N,08°14′44″E,EU.CH.OW,,,,,
HB9,Canton of Saint Gallen,"Kanton Sankt Gallen (Saint-Gall, San Gallo, Son Gagl)",47°25′35″N,09°22′34″E,EU.CH.SG,,,,,
HB9,Canton of Schaffhausen,"Kanton Schaffhausen (Schaffhouse, Sciaffusa, Schaffusa)",47°41′51″N,08°38′06″E,EU.CH.SH,,,,,
HB9,Canton of Schwyz,"Kanton Schwyz (Svitto, Sviz)",47°01′16″N,08°39′13″E,EU.CH.SZ,,,,,
HB9,Canton of Solothurn,"Kanton Solothurn (Soleure, Soletta, Soloturn)",47°12′25″N,07°32′00″E,EU.CH.SO,,,,,
HB9,Canton of Thurgau,"Kanton Thurgau (Thurgovie, Turgovia)",47°33′22″N,08°53′45″E,EU.CH.TG,,,,,
HB9,Canton of Ticino,Kanton Tessin (Ticino),46°11′36″N,09°01′05″E,EU.CH.TI,,,,,
HB9,Canton of Uri,Kanton Uri,46°52′50″N,08°38′41″E,EU.CH.UR,,,,,
HB9,Canton of Valais,"Kanton Wallis (Valais, Vallese, Vallais)",46°13′57″N,07°21′31″E,EU.CH.VS,,,,,
HB9,Canton of Vaud,"Kanton Waadt (Vaud, Vad)",46°31′11″N,06°37′56″E,EU.CH.VD,,,,,
HB9,Canton of Zug,"Kanton Zug (Zoug, Zugo)",47°09′58″N,08°50′55″E,EU.CH.ZG,,,,,
HB9,Canton of Zürich,"Kanton Zürich (Zurich, Zurigo, Turitg)",47°22′09″N,08°32′17″E,EU.CH.ZH,,,,,
Principality of Liechtenstein ► Fürstentum Liechtenstein,,,,,,,,,,
HBØ,County of Balzers,Gemeinde Balzers,47°04′10″N,09°30′25″E,EU.LI.BA,,,,,
HBØ,County of Eschen,Gemeinde Eschen,47°12′37″N,09°31′20″E,EU.LI.ES,,,,,
HBØ,County of Gamprin,Gemeinde Gamprin,47°13′13″N,09°30′35″E,EU.LI.GA,,,,,
HBØ,County of Mauren,Gemeinde Mauren,47°13′03″N,09°32′40″E,EU.LI.MA,,,,,
HBØ,County of Planken,Gemeinde Planken,47°11′05″N,09°32′39″E,EU.LI.PL,,,,,
HBØ,County of Ruggell,Gemeinde Ruggell,47°14′31″N,09°31′36″E,EU.LI.RU,,,,,
HBØ,County of Schaan,Gemeinde Schaan,47°09′40″N,09°30′31″E,EU.LI.SA,,,,,
HBØ,County of Schellenberg,Gemeinde Schellenberg,47°13′51″N,09°32′48″E,EU.LI.SB,,,,,
HBØ,County of Triesen,Gemeinde Triesen,47°06′35″N,09°31′30″E,EU.LI.TR,,,,,
HBØ,County of Triesenberg,Gemeinde Triesenberg,47°07′05″N,09°32′36″E,EU.LI.TB,,,,,
HBØ,County of Vaduz,Gemeinde Vaduz,47°08′28″N,09°31′17″E,EU.LI.VA,,,,,
State of the Vatican City ► Stato della Città del Vaticano ► Status Civitatis Vaticanae ■ Holy See ► Sancta Sedes (The Episcopal Jurisdiction of the Catholic Church in Rome),,,,,,,,,,
HV,Vatican City,Città del Vaticano,41°54′11″N,12°27′07″E,EU.VA.VC,,,,,
HV,Pontifical Institute of Christian Archaeology,Pontificio Istituto di Archeologia Cristiana (Piazza Santa Maria Maggiore),41°53′52″N,12°30′00″E,EU.VA.AR,,,,,
HV,Bambino Gesù Children’s Hospital,Ospedale Pediatrico Bambino Gesù (Colle del Gianicolo),41°53′50″N,12°27′38″E,EU.VA.BG,,,,,
HV,Pontifical Biblical Institute,Pontificio Istituto Biblico (Piazza della Pilotta),41°53′55″N,12°29′04″E,EU.VA.BI,,,,,
HV,Palace of the Chancellery,Palazzo della Cancelleria,41°53′48″N,12°28′17″E,EU.VA.CA,,,,,
HV,Palace of the Congregation for the Doctrine of the Faith,Palazzo della Congregazione per la Dottrina della Fede,41°54′03″N,12°27′24″E,EU.VA.CD,,,,,
HV,Palace of the Congregation for the Oriental Churches,Palazzo della Congregazione delle Chiese Orientali,41°54′09″N,12°27′38″E,EU.VA.CO,,,,,
HV,Palace of the Domus Internationalis «Paulus VI»,Palazzo della Domus Internationalis «Paulus VI»,41°54′01″N,12°28′29″E,EU.VA.DI,,,,,
HV,Palace of the Congregation for the Evangelization of Peoples,Palazzo della Congregazione per l'Evangelizzazione dei Popoli,41°54′23″N,12°28′55″E,EU.VA.EP,,,,,
HV,The House of Retreat for the Clergy of Saints John and Paul,La Casa di Riposo per il Clero dei Santi Giovanni e Paolo,41°53′11″N,12°29′31″E,EU.VA.GP,,,,,
HV,Pontifical Oriental Institute,Pontificio Instituto Orientale (Piazza Santa Maria Maggiore),41°53′50″N,12°29′59″E,EU.VA.IO,,,,,
HV,Apostolic Palace of the Lateran,Palazzo del Laterano,41°53′12″N,12°30′21″E,EU.VA.LA,,,,,
HV,Pontifical Lombard Seminary,Pontificio Seminario Lombardo (Piazza Santa Maria Maggiore),41°53′53″N,12°29′57″E,EU.VA.LO,,,,,
HV,Pontifical North American College,"Pontificio Collegio Americano del Nord (Villa Gabrielli, Colle del Gianicolo)",41°53′58″N,12°27′38″E,EU.VA.NA,,,,,
HV,Park of the Nympheum of Nero,Parco Ninfeo di Nerone,41°53′13″N,12°29′33″E,EU.VA.NN,,,,,
HV,Palace attached to the Church of Saints Blaise and Charles in Catinari,Palazzo contiguo alla Chiesa dei Santi Biagio e Carlo ai Catinari,41°53′39″N,12°28′32″E,EU.VA.PC,,,,,
HV,"Pontifical Palace with Adjacent Villas (Vatican Observatory, Castel Gandolfo)","Palazzo Pontificio (Specola Vaticana, Castel Gandolfo)",41°44′50″N,12°39′02″E,EU.VA.PP,,,,,
HV,College of Saint Robert Bellarmine,Collegio San Roberto Bellarmino (Via del Seminario),41°53′57″N,12°28′44″E,EU.VA.RB,,,,,
HV,Pontifical Russian College,Pontificium Collegium Russicum (Piazza Santa Maria Maggiore),41°53′49″N,12°30′00″E,EU.VA.RU,,,,,
HV,Palace of the Holy Apostles (Attached to the Church of the XII Holy Apostles),Palazzo dei Santi Apostoli (Affiancato alla Basilica dei Santi XII Apostoli),41°53′52″N,12°29′00″E,EU.VA.SA,,,,,
HV,Palace of Saint Callixtus (Pontifical Council «Cor Unum»),Palazzo di San Callisto,41°53′20″N,12°28′14″E,EU.VA.SC,,,,,
HV,Papal Archbasilica of Saint John Lateran,Arcibasilica Papale di San Giovanni in Laterano,41°53′09″N,12°30′22″E,EU.VA.SG,,,,,
HV,Papal Basilica of Saint Mary Major,Basilica Papale di Santa Maria Maggiore,41°53′51″N,12°29′55″E,EU.VA.SM,,,,,
HV,Papal Basilica of Saint Paul Outside the Walls,Basilica Papale di San Paolo Fuori le Mura,41°51′31″N,12°28′38″E,EU.VA.SP,,,,,
HV,Pontifical Gregorian University,Pontificia Università Gregoriana (Piazza della Pilotta),41°53′56″N,12°29′05″E,EU.VA.UG,,,,,
HV,Palace of the Pontifical University of the Holy Cross,Palazzo del Pontificia Università della Santa Croce,41°54′03″N,12°28′25″E,EU.VA.US,,,,,
HV,Pontifical Urban University,Pontificia Università Urbaniana (Colle del Gianicolo),41°54′00″N,12°27′36″E,EU.VA.UU,,,,,
HV,Palace of the Vicar,Palazzo del Vicariato,41°53′49″N,12°28′40″E,EU.VA.VI,,,,,
HV,Area of Saint Mary of Galeria (Vatican Radio),Area di Santa Maria di Galeria (Radio Vaticana),42°02′41″N,12°19′58″E,EU.VA.VR,,,,,
Italian Republic ► Repubblica Italiana,,,,,,,,,,
Region of Liguria ► Regione Liguria,,,,,,,,,,
I1,Province of Genoa,Provincia di Genova,44°24′25″N,08°56′02″E,IT.LI.GE,,,,,
I1,Province of Imperia (Excluding the Commune of Seborga),Provincia di Imperia,43°53′17″N,08°01′53″E,IT.LI.IM,,,,,
I1,Province of La Spezia (Excluding the Below Listed Islands),Provincia della Spezia,44°06′24″N,09°49′45″E,IT.LI.SP,,,,,
I1,Province of Savona,Provincia di Savona,44°18′40″N,08°28′38″E,IT.LI.SV,,,,,
Exceptional Territories of the Region of Liguria (Islands),,,,,,,,,,
IA1,Palmaria Island and Scuola Islet (UNESCO World Heritage Site),Isola Palmaria,44°02′34″N,09°50′38″E,IT.DX.PM,,,,,
IA1,Tino Island and Tinetto Islet (UNESCO World Heritage Site),Isola del Tino,44°01′38″N,09°51′02″E,IT.DX.TI,,,,,
Exceptional Territories of the Region of Liguria (Mainland),,,,,,,,,,
TØ,Principality of Seborga (Comune of Seborga),Principato di Seborga (Comune di Seborga),43°49′00″N,07°41′00″E,IT.DX.SE,,,,,
Region of Piedmont ► Regione Piemonte,,,,,,,,,,
I1,Province of Alessandria,Provincia di Alessandria,44°54′47″N,08°37′00″E,IT.PM.AL,,,,,
I1,Province of Asti,Provincia di Asti,44°54′03″N,08°12′24″E,IT.PM.AT,,,,,
I1,Province of Biella,Provincia di Biella,45°33′46″N,08°03′30″E,IT.PM.BI,,,,,
I1,Province of Cuneo,Provincia di Cuneo,44°23′20″N,07°32′50″E,IT.PM.CN,,,,,
I1,Province of Novara,Provincia di Novara,45°26′42″N,08°37′07″E,IT.PM.NO,,,,,
I1,Province of Turin,Provincia di Torino,45°04′14″N,07°41′12″E,IT.PM.TO,,,,,
I1,Province of Verbano-Cusio-Ossola,Provincia di Verbania-Cusio-Ossola,45°55′17″N,08°33′06″E,IT.PM.VB,,,,,
I1,Province of Vercelli,Provincia di Vercelli,45°19′16″N,08°25′34″E,IT.PM.VC,,,,,
Region of Lombardy ► Regione Lombardia,,,,,,,,,,
I2,Province of Bergamo,Provincia di Bergamo,45°41′42″N,09°40′12″E,IT.LO.BG,,,,,
I2,Province of Brescia,Provincia di Brescia,45°32′24″N,10°13′23″E,IT.LO.BS,,,,,
I2,Province of Como (Excluding Campione d'Italia),Provincia di Como,45°48′43″N,09°05′08″E,IT.LO.CO,,,,,
I2,Province of Cremona,Provincia di Cremona,45°08′01″N,10°01′34″E,IT.LO.CR,,,,,
I2,Province of Lecco,Provincia di Lecco,45°51′11″N,09°23′24″E,IT.LO.LC,,,,,
I2,Province of Lodi,Provincia di Lodi,45°18′46″N,09°29′52″E,IT.LO.LO,,,,,
I2,Province of Mantua,Provincia di Mantova,45°09′37″N,10°47′52″E,IT.LO.MN,,,,,
I2,Province of Milan,Provincia di Milano,45°27′49″N,09°11′17″E,IT.LO.MI,,,,,
I2,Province of Monza and Brianza,Provincia di Monza e Brianza,45°35′02″N,09°16′23″E,IT.LO.MB,,,,,
I2,Province of Pavia,Provincia di Pavia,45°11′09″N,09°09′24″E,IT.LO.PV,,,,,
I2,Province of Sondrio,Provincia di Sondrio,46°10′17″N,09°52′10″E,IT.LO.SO,,,,,
I2,Province of Varese,Provincia di Varese,45°49′03″N,08°49′35″E,IT.LO.VA,,,,,
Exceptional Territories of the Region of Lombardy,,,,,,,,,,
I2,Comune of Campione d'Italia,Comune di Campione d'Italia,45°58′00″N,08°58′00″E,IT.DX.CM,,,,,
Region of Veneto ► Regione del Veneto,,,,,,,,,,
I3,Province of Belluno,Provincia di Belluno,46°08′24″N,12°13′03″E,IT.VE.BL,,,,,
I3,Province of Padua,Provincia di Padova,45°24′34″N,11°52′36″E,IT.VE.PD,,,,,
I3,Province of Rovigo (Mainland),Provincia di Rovigo,45°04′15″N,11°47′23″E,IT.VE.RO,,,,,
I3,Province of Treviso,Provincia di Treviso,45°39′59″N,12°14′31″E,IT.VE.TV,,,,,
I3,Province of Venice (Mainland),Provincia di Venezia,45°26′04″N,12°20′20″E,IT.VE.VE,,,,,
I3,Province of Verona,Provincia di Verona,45°26′18″N,10°59′30″E,IT.VE.VR,,,,,
I3,Province of Vicenza,Provincia di Vicenza,45°32′45″N,11°32′25″E,IT.VE.VI,,,,,
Exceptional Territories of the Region of Veneto,,,,,,,,,,
IL3,Islands of the Venetian Lagoon (UNESCO World Heritage Site),Isole della Laguna di Venezia,45°24′47″N,12°17′50″E,IT.DX.LV,,,,,
IL3,Islands of the Delta of the River Po (UNESCO World Heritage Site),Isole del Delta del Fiume Po (Veneto),44°57′33″N,12°32′27″E,IT.DX.DP,,,,,
Region of Emilia-Romagna ► Regione Emilia-Romagna,,,,,,,,,,
I4,Province of Bologna,Provincia di Bologna,44°29′39″N,11°20′47″E,IT.ER.BO,,,,,
I4,Province of Ferrara (Mainland),Provincia di Ferrara,44°50′16″N,11°37′14″E,IT.ER.FE,,,,,
I4,Province of Forlì-Cesena,Provincia di Forlì-Cesena,44°13′16″N,12°02′34″E,IT.ER.FC,,,,,
I4,Province of Modena,Provincia di Modena,44°38′50″N,10°55′31″E,IT.ER.MO,,,,,
I4,Province of Parma,Provincia di Parma,44°48′28″N,10°19′46″E,IT.ER.PR,,,,,
I4,Province of Piacenza,Provincia di Piacenza,45°03′14″N,09°41′43″E,IT.ER.PC,,,,,
I4,Province of Ravenna,Provincia di Ravenna,44°24′57″N,12°11′48″E,IT.ER.RA,,,,,
I4,Province of Reggio Emilia,Provincia di Reggio Emilia,44°41′46″N,10°37′40″E,IT.ER.RE,,,,,
I4,Province of Rimini,Provincia di Rimini,44°03′39″N,12°33′59″E,IT.ER.RN,,,,,
Exceptional Territories of the Region of Emilia-Romagna,,,,,,,,,,
IL4,Islands of the Delta of the River Po (UNESCO World Heritage Site),Isole del Delta del Fiume Po (Emilia-Romagna),44°47′51″N,12°20′20″E,IT.DX.DE,,,,,
Region of Tuscany ► Regione Toscana,,,,,,,,,,
I5,Province of Arezzo,Provincia di Arezzo,43°28′16″N,11°51′47″E,IT.TO.AR,,,,,
I5,Province of Florence,Provincia di Firenze,43°46′07″N,11°15′25″E,IT.TO.FI,,,,,
I5,Province of Grosseto (Mainland),Provincia di Grosseto,42°45′46″N,11°06′42″E,IT.TO.GR,,,,,
I5,Province of Livorno (Mainland),Provincia di Livorno,43°33′07″N,10°18′29″E,IT.TO.LI,,,,,
I5,Province of Lucca,Provincia di Lucca,43°50′35″N,10°30′30″E,IT.TO.LU,,,,,
I5,Province of Massa-Carrara,Provincia di Massa-Carrara,44°02′19″N,10°08′39″E,IT.TO.MS,,,,,
I5,Province of Pisa,Provincia di Pisa,43°42′58″N,10°23′48″E,IT.TO.PI,,,,,
I5,Province of Pistoia,Provincia di Pistoia,43°57′16″N,10°53′25″E,IT.TO.PT,,,,,
I5,Province of Prato,Provincia di Prato,43°52′47″N,11°05′47″E,IT.TO.PO,,,,,
I5,Province of Siena,Provincia di Siena,43°19′07″N,11°19′50″E,IT.TO.SI,,,,,
Exceptional Territories of the Region of Tuscany (Tuscan Archipelago National Park),,,,,,,,,,
IA5,Capraia Island,Capraia Isola,43°03′00″N,09°51′00″E,IT.DX.CI,,,,,
IA5,Elba Island,Isola d'Elba,42°45′43″N,10°14′27″E,IT.DX.EL,,,,,
IA5,Giannutri Island,Isola di Giannutri,42°15′00″N,11°06′00″E,IT.DX.GN,,,,,
IA5,Giglio Island,Isola del Giglio,42°21′00″N,10°54′00″E,IT.DX.GI,,,,,
IA5,Gorgona Island,Isola di Gorgona,43°26′00″N,09°54′00″E,IT.DX.GO,,,,,
IA5,Monte Cristo Island,Isola di Montecristo,42°20′00″N,10°19′00″E,IT.DX.MC,,,,,
IA5,Pianosa Island,Isola di Pianosa,42°35′00″N,10°05′00″E,IT.DX.PI,,,,,
Region of Abruzzo ► Regione Abruzzo,,,,,,,,,,
I6,Province of Chieti,Provincia di Chieti,42°21′06″N,14°10′02″E,IT.AB.CH,,,,,
I6,Province of L'Aquila,Provincia dell'Aquila,42°21′03″N,13°24′00″E,IT.AB.AQ,,,,,
I6,Province of Pescara,Provincia di Pescara,42°27′53″N,14°12′51″E,IT.AB.PE,,,,,
I6,Province of Teramo,Provincia di Teramo,42°39′41″N,13°41′55″E,IT.AB.TE,,,,,
Region of the Marche ► Regione Marche,,,,,,,,,,
I6,Province of Ancona,Provincia di Ancona,43°36′57″N,13°31′08″E,IT.MA.AN,,,,,
I6,Province of Ascoli Piceno,Provincia di Ascoli Piceno,42°51′19″N,13°34′30″E,IT.MA.AP,,,,,
I6,Province of Fermo,Provincia di Fermo,43°09′56″N,13°43′27″E,IT.MA.FM,,,,,
I6,Province of Macerata,Provincia di Macerata,43°18′03″N,13°27′23″E,IT.MA.MC,,,,,
I6,Province of Pesaro and Urbino,Provincia di Pesaro e Urbino,43°54′43″N,12°54′57″E,IT.MA.PU,,,,,
Region of Apulia ► Regione Puglia,,,,,,,,,,
I7,Province of Bari,Provincia di Bari,41°07′34″N,16°52′06″E,IT.PU.BA,,,,,
I7,Province of Barletta-Andria-Trani,Provincia di Barletta-Andria-Trani,41°19′09″N,16°17′02″E,IT.PU.BT,,,,,
I7,Province of Brindisi,Provincia di Brindisi,40°38′10″N,17°56′20″E,IT.PU.BR,,,,,
I7,Province of Foggia (Mainland),Provincia di Foggia,41°27′44″N,15°32′41″E,IT.PU.FG,,,,,
I7,Province of Lecce,Provincia di Lecce,40°21′12″N,18°10′26″E,IT.PU.LE,,,,,
I7,Province of Taranto (Mainland),Provincia di Taranto,40°28′09″N,17°14′24″E,IT.PU.TA,,,,,
Exceptional Territories of the Region of Apulia,,,,,,,,,,
IJ7,Cheradi Islands,Isole Cheradi,40°26′56″N,17°09′25″E,IT.DX.CH,,,,,
IL7,Tremiti Islands,Isole Tremiti,42°07′00″N,15°30′00″E,IT.DX.TR,,,,,
IL7,Pianosa Island,Isola di Pianosa,42°13′23″N,15°45′02″E,IT.DX.PS,,,,,
Region of Basilicata ► Regione Basilicata,,,,,,,,,,
I7,Province of Matera,Provincia di Matera,40°40′07″N,16°36′22″E,IT.BA.MT,,,,,
I8,Province of Potenza,Provincia di Potenza,40°38′14″N,15°48′08″E,IT.BA.PZ,,,,,
Region of Calabria ► Regione Calabria,,,,,,,,,,
I8,Province of Catanzaro,Provincia di Catanzaro,38°54′38″N,16°35′16″E,IT.CA.CZ,,,,,
I8,Province of Cosenza (Mainland),Provincia di Cosenza,39°17′54″N,16°15′14″E,IT.CA.CS,,,,,
I8,Province of Crotone,Provincia di Crotone,39°04′51″N,17°07′37″E,IT.CA.KR,,,,,
I8,Province of Reggio Calabria,Provincia di Reggio Calabria,38°06′53″N,15°39′00″E,IT.CA.RC,,,,,
I8,Province of Vibo Valentia,Provincia di Vibo Valentia,38°40′32″N,16°05′51″E,IT.CA.VV,,,,,
Exceptional Territories of the Region of Calabria,,,,,,,,,,
IJ8,Cirella Island,Isola di Cirella,39°41′56″N,15°48′07″E,IT.DX.CR,,,,,
IJ8,Dino Island,Isola di Dino,39°52′26″N,15°46′30″E,IT.DX.DI,,,,,
Region of Campania ► Regione Campania,,,,,,,,,,
I8,Province of Avellino,Provincia di Avellino,40°54′53″N,14°47′34″E,IT.CM.AV,,,,,
I8,Province of Benevento,Provincia di Benevento,41°07′50″N,14°46′52″E,IT.CM.BN,,,,,
I8,Province of Caserta,Provincia di Caserta,41°04′31″N,14°19′56″E,IT.CM.CE,,,,,
I8,Province of Naples (Mainland),Provincia di Napoli,40°50′24″N,14°15′06″E,IT.CM.NA,,,,,
I8,Province of Salerno (Mainland),Provincia di Salerno,40°40′41″N,14°45′57″E,IT.CM.SA,,,,,
Exceptional Territories of the Region of Campania,,,,,,,,,,
IC8,Capri Island,Isola di Capri,40°33′00″N,14°14′00″E,IT.DX.CA,,,,,
IC8,Ischia Island,Isola d'Ischia,40°43′53″N,13°53′44″E,IT.DX.IS,,,,,
IC8,Procida Island (Including Vivara Islet),Isola di Procida,40°44′40″N,13°59′37″E,IT.DX.PR,,,,,
IC8,Sirenuse Islands,Arcipelago Li Galli,40°34′57″N,14°26′09″E,IT.DX.LG,,,,,
IC8,Vitara Islet,Isola di Vitara,40°35′00″N,14°23′50″E,IT.DX.VI,,,,,
Region of Molise ► Regione Molise,,,,,,,,,,
I8,Province of Campobasso,Provincia di Campobasso,41°33′36″N,14°39′53″E,IT.MO.CB,,,,,
I8,Province of Isernia,Provincia di Isernia,41°35′40″N,14°13′51″E,IT.MO.IS,,,,,
Region of Lazio ► Regione Lazio,,,,,,,,,,
IØ,Province of Frosinone,Provincia di Frosinone,41°38′24″N,13°21′07″E,IT.LA.FR,,,,,
IØ,Province of Latina (Mainland),Provincia di Latina,41°28′03″N,12°54′13″E,IT.LA.LT,,,,,
IØ,Province of Rieti,Provincia di Rieti,42°24′11″N,12°51′40″E,IT.LA.RI,,,,,
IØ,Province of Rome,Provincia di Roma,41°53′44″N,12°28′56″E,IT.LA.RM,,,,,
IØ,Province of Viterbo,Provincia di Viterbo,42°25′03″N,12°06′17″E,IT.LA.VT,,,,,
Exceptional Territories of the Region of Lazio,,,,,,,,,,
IBØ,Pontine Islands,Isole Ponziane,40°53′05″N,13°09′15″E,IT.DX.PO,,,,,
IBØ,Ventotene Island (Including Santo Stefano Island),Isola di Ventotene,40°47′22″N,13°27′15″E,IT.DX.VE,,,,,
Region of Umbria ► Regione Umbria,,,,,,,,,,
IØ,Province of Perugia,Provincia di Perugia,43°06′39″N,12°23′21″E,IT.UM.PG,,,,,
IØ,Province of Terni,Provincia di Terni,42°33′37″N,12°38′48″E,IT.UM.TR,,,,,
Autonomous Region of Trentino-South Tyrol ► Regione Autonoma Trentino-Alto Adige ► Autonome Region Trentino-Südtirol ► Region Autonóma Trentin-Südtirol,,,,,,,,,,
IN3,Autonomous Province of Bolzano (Bozen),Provincia Autonoma di Bolzano-Alto Adige (Autonome Provinz Bozen-Südtirol),46°29′48″N,11°21′29″E,IT.TA.BZ,,,,,
IN3,Autonomous Province of Trento,Provincia Autonoma di Trento (Autonome Provinz Trient),46°04′00″N,11°07′09″E,IT.TA.TN,,,,,
Autonomous Region of Sardinia ► Regione Autonoma della Sardegna ► Regione Autònoma de Sardigna,,,,,,,,,,
ISØ,Province of Cagliari,Provincia di Cagliari (Provìntzia de Casteddu),39°12′56″N,09°06′33″E,IT.SA.CA,,,,,
ISØ,Province of Carbonia-Iglesias (Excluding Toro Island),Provincia di Carbonia-Iglesias (Provìntzia de Carbònia-Igrèsias),39°09′59″N,08°31′44″E,IT.SA.CI,,,,,
ISØ,Province of Medio Campidano,Provincia del Medio Campidano (Provìntzia de su Campidanu de Mesu),39°27′32″N,08°44′19″E,IT.SA.VS,,,,,
ISØ,Province of Nuoro,Provincia di Nuoro (Provìntzia de Nùgoro),40°19′16″N,09°19′49″E,IT.SA.NU,,,,,
ISØ,Province of Ogliastra,Provincia dell'Ogliastra (Provìntzia de s'Ogiastra),39°56′10″N,09°42′25″E,IT.SA.OG,,,,,
ISØ,Province of Olbia-Tempio (Excluding the Islands of Maddalena and Tavolara),Provincia di Olbia-Tempio (Provìntzia de Terranòa-Tèmpiu),40°55′21″N,09°29′13″E,IT.SA.OT,,,,,
ISØ,Province of Oristano (Excluding Mal di Ventre Island),Provincia di Oristano (Provìntzia de Aristanis),39°54′19″N,08°35′47″E,IT.SA.OR,,,,,
ISØ,Province of Sassari (Excluding Asinara Island),Provincia di Sassari (Provìntzia de Tàtari),40°43′38″N,08°33′30″E,IT.SA.SS,,,,,
Exceptional Territories of the Autonomous Region of Sardinia,,,,,,,,,,
IMØ,Asinara Island,Isola dell'Asinara,41°03′28″N,08°16′33″E,IT.DX.AS,,,,,
IMØ,Maddalena Archipelago,Arcipelago di La Maddalena,41°14′45″N,09°24′43″E,IT.DX.MA,,,,,
IMØ,Mal di Ventre Island,Isola di Mal di Ventre,39°59′24″N,08°18′33″E,IT.DX.MV,,,,,
IMØ,Tavolara Island (Including the Islands of Molara and Molarotto),Isola di Tavolara,40°54′22″N,09°42′48″E,IT.DX.TA,,,,,
IMØ,Toro Island,Isola il Toro,38°51′40″N,08°24′36″E,IT.DX.TO,,,,,
Autonomous Region of Sicily ► Regione Siciliana (Sicilia),,,,,,,,,,
IT9,Province of Agrigento (Excluding - IG9 Pelagie Islands),Provincia di Agrigento (Pruvincia di Girgenti) ,37°18′40″N,13°34′37″E,IT.SI.AG,,,,,
IT9,Province of Caltanissetta,Provincia di Caltanissetta (Pruvincia di Caltanissetta) ,37°29′24″N,14°03′48″E,IT.SI.CL,,,,,
IT9,Province of Catania,Provincia di Catania (Pruvincia di Catania),37°30′09″N,15°05′16″E,IT.SI.CT,,,,,
IT9,Province of Enna,Provincia di Enna (Pruvincia di Enna),37°34′03″N,14°16′47″E,IT.SI.EN,,,,,
IT9,Province of Messina (Excluding - ID9 Aeolian Islands),Provincia di Messina (Pruvincia di Missina),38°11′32″N,15°33′20″E,IT.SI.ME,,,,,
IT9,Province of Palermo (Excluding - IE9 Isle of Ustica),Provincia di Palermo (Pruvincia di Palermu),38°06′56″N,13°21′41″E,IT.SI.PA,,,,,
IT9,Province of Ragusa,Provincia di Ragusa (Pruvincia di Rausa),36°55′33″N,14°43′43″E,IT.SI.RG,,,,,
IT9,Province of Syracuse,Provincia di Siracusa (Pruvincia di Sarausa),37°03′59″N,15°17′04″E,IT.SI.SR,,,,,
IT9,"Province of Trapani (Excluding - IH9 Pantelleria Island, and IF9 Aegadian Islands)",Provincia di Trapani (Pruvincia di Tràpani),38°01′07″N,12°30′53″E,IT.SI.TP,,,,,
Exceptional Territories of the Autonomous Region of Sicily,,,,,,,,,,
ID9,Aeolian Islands (UNESCO World Heritage Site),Isole Eolie,38°32′00″N,14°54′00″E,IT.DX.EO,,,,,
IE9,Isle of Ustica,Isola di Ustica,38°43′00″N,13°11′00″E,IT.DX.US,,,,,
IF9,Aegadian Islands,Isole Egadi,37°58′00″N,12°12′00″E,IT.DX.EG,,,,,
IG9,Pelagie Islands,Isole Pelagie,35°30′00″N,12°36′00″E,IT.DX.PE,,,,,
IH9,Pantelleria Island,Isola di Pantelleria,36°47′27″N,11°59′38″E,IT.DX.PA,,,,,
Autonomous Region of Friuli-Venezia Giulia ► Regione  Autonoma Friuli-Venezia Giulia,,,,,,,,,,
IV3,Province of Gorizia,Provincia di Gorizia,45°56′29″N,13°37′18″E,IT.FV.GO,,,,,
IV3,Province of Pordenone,Provincia di Pordenone,46°02′16″N,12°42′39″E,IT.FV.PN,,,,,
IV3,Province of Trieste,Provincia di Trieste,45°38′48″N,13°46′20″E,IT.FV.TS,,,,,
IV3,Province of Udine,Provincia di Udine,46°08′27″N,13°09′59″E,IT.FV.UD,,,,,
Autonomous Region of Aosta Valley ► Regione Autonoma Valle d'Aosta ► Région Autonome Vallée d'Aoste,,,,,,,,,,
IX1,City of Aosta,Città di Aosta,45°44′00″N,07°19′00″E,IT.VA.AO,,,,,
IX1,County of Evançon,Comunità Montana Evançon,45°40′00″N,07°42′00″E,IT.VA.EV,,,,,
IX1,County of Grand Combin,Comunità Montana Grand Combin,45°47′00″N,07°18′00″E,IT.VA.GC,,,,,
IX1,County of Grand Paradis,Comunità Montana Grand Paradis,45°42′09″N,07°12′27″E,IT.VA.GP,,,,,
IX1,County of Mont Emilius,Comunità Montana Mont Emilius,45°44′00″N,07°25′00″E,IT.VA.ME,,,,,
IX1,County of Mont Rose,Comunità Montana Mont Rose,45°36′00″N,07°48′00″E,IT.VA.MR,,,,,
IX1,County of Monte Cervino,Comunità Montana Monte Cervino,45°45′00″N,07°37′00″E,IT.VA.MC,,,,,
IX1,County of Valdigne Mont Blanc,Comunità Montana Valdigne Mont Blanc,45°44′50″N,07°04′30″E,IT.VA.MB,,,,,
IX1,County of Walser Alta Valle del Lys,Comunità Montana Walser Alta Valle del Lys,45°41′00″N,07°51′00″E,IT.VA.WA,,,,,
Kingdom of Norway ► Kongeriket Norge,,,,,,,,,,
Archipelago of Svalbard,,,,,,,,,,
National Parks of the Archipelago of Svalbard (Excluding the Nature Reserves and Bird Sanctuaries),,,,,,,,,,
JW,Foreland National Park (Prince Charles Foreland),Forlandet Nasjonalpark (Prins Karls Forland),78°33′00″N,11°07′00″E,NO.SV.FL,,,,,
JW,Inner Wijdefjord National Park (Spitsbergen),Indre Wijdefjorden Nasjonalpark,79°00′00″N,16°00′00″E,NO.SV.IW,,,,,
JW,North Isfjord National Park (Spitsbergen),Nordre Isfjorden Nasjonalpark,78°24′00″N,14°23′00″E,NO.SV.NI,,,,,
JW,Northern Skiöld Land National Park (Spitsbergen),Nordenskiöld Land Nasjonalpark,77°52′00″N,15°19′00″E,NO.SV.NL,,,,,
JW,Northwest Spitsbergen National Park,Nordvest-Spitsbergen Nasjonalpark,79°35′00″N,11°30′00″E,NO.SV.NV,,,,,
JW,Sassen-Bünsow National Park (Spitsbergen),Sassen-Bünsow Land Nasjonalpark,78°23′00″N,17°15′00″E,NO.SV.SB,,,,,
JW,South Spitsbergen National Park,Sør-Spitsbergen Nasjonalpark,77°09′00″N,16°17′00″E,NO.SV.SS,,,,,
Nature Reserves of the Archipelago of Svalbard (Excluding the Exceptional Island Territories),,,,,,,,,,
JW,Bear Island Nature Reserve,Bjørnøya Naturreservat,74°31′00″N,19°01′00″E,NO.SV.BJ,,,,,
JW,Festningen Geotope Protected Area (Spitsbergen),Festningen Geotopvernområde,78°05′06″N,13°50′54″E,NO.SV.FE,,,,,
JW,Hopen Island Nature Reserve,Hopen Naturreservat,76°33′00″N,25°07′00″E,NO.SV.HO,,,,,
JW,Moffen Island Nature Reserve (Spitsbergen),Moffen Naturreservat,80°01′59″N,14°29′06″E,NO.SV.MF,,,,,
JW,Northeast Svalbard Nature Reserve (North East Land and NE Spitsbergen),Nordaust-Svalbard Naturreservat (Nordaustlandet),79°48′00″N,22°24′00″E,NO.SV.NA,,,,,
JW,Ossian Sars Nature Reserve (Spitsbergen),Ossian Sars Naturreservat,78°56′44″N,12°30′28″E,NO.SV.OS,,,,,
JW,Southeast Svalbard Nature Reserve (Barents and Edge Islands),Søraust-Svalbard Naturreservat (Barentsøya og Edgeøya),77°40′00″N,22°30′00″E,NO.SV.SA,,,,,
Exceptional Island Territories of the Northeast Svalbard Nature Reserve,,,,,,,,,,
JW,King Charles Land (Northeast Svalbard Nature Reserve),Kong Karls Land (Nordaust-Svalbard Naturreservat),78°45′00″N,28°30′00″E,NO.SV.KL,,,,,
JW,Low Island (Northeast Svalbard Nature Reserve),Lågøya (Nordaust-Svalbard Naturreservat),80°17′21″N,18°25′20″E,NO.SV.LA,,,,,
JW,Seven Islands (Northeast Svalbard Nature Reserve),Sjuøyane (Nordaust-Svalbard Naturreservat),80°41′40″N,20°52′13″E,NO.SV.SJ,,,,,
JW,Wahlberg Islands (Northeast Svalbard Nature Reserve),Wahlbergøya (Nordaust-Svalbard Naturreservat),79°20′55″N,19°48′07″E,NO.SV.WA,,,,,
JW,White Island (Northeast Svalbard Nature Reserve),Kvitøya (Nordaust-Svalbard Naturreservat),80°09′05″N,32°35′37″E,NO.SV.KV,,,,,
JW,Wilhelm Island (Northeast Svalbard Nature Reserve),Wilhelmøya (Nordaust-Svalbard Naturreservat),79°04′08″N,20°12′40″E,NO.SV.WI,,,,,
Bird Sanctuaries of the Archipelago of Svalbard,,,,,,,,,,
JW,"Blomstrandhamna Bird Sanctuary (Bre Islands, Spitsbergen)",Blomstrandhamna Fuglereservat (Breøyane),78°55′58″N,12°12′58″E,NO.SV.BL,,,,,
JW,"Boheman Bird Sanctuary (Tvilling Islands, Spitsbergen)",Boheman Fuglereservat (Tvillingholmane),78°22′34″N,14°41′37″E,NO.SV.BO,,,,,
JW,Cape Linné Bird Sanctuary (Spitsbergen),Kapp Linné Fuglereservat,78°03′08″N,13°36′04″E,NO.SV.LI,,,,,
JW,Dun Islands Bird Sanctuary (Spitsbergen),Dunøyane Fuglereservat,77°03′18″N,14°58′03″E,NO.SV.DU,,,,,
JW,Foreland Islands Bird Sanctuary (Prince Charles Foreland),"Forlandsøyane Fuglereservat (Nordøya, Midtøya og Sørøya)",78°20′07″N,11°32′09″E,NO.SV.FO,,,,,
JW,Gås Islands Bird Sanctuary (Spitsbergen),Gåsøyane Fuglereservat,78°27′14″N,16°18′45″E,NO.SV.GA,,,,,
JW,Guissez Islands Bird Sanctuary (Spitsbergen),Guissezholmen Fuglereservat,79°03′52″N,11°38′05″E,NO.SV.GU,,,,,
JW,Hermansen Island Bird Sanctuary (Spitsbergen),Hermansenøya Fuglereservat,78°33′17″N,12°11′31″E,NO.SV.HE,,,,,
JW,Is Islands Bird Sanctuary (Spitsbergen),Isøyane Fuglereservat,77°08′49″N,14°48′04″E,NO.SV.IS,,,,,
JW,"Kings Bay Bird Sanctuary (Lovén Islands, Spitsbergen)",Kongsfjorden Fuglereservat (Lovénøyane),78°55′57″N,12°13′01″E,NO.SV.KF,,,,,
JW,Mose Island Bird Sanctuary (Spitsbergen),Moseøya Fuglereservat,79°38′20″N,10°54′48″E,NO.SV.MO,,,,,
JW,Ols Islands Bird Sanctuary (Spitsbergen),Olsholmen Fuglereservat,77°14′04″N,14°15′41″E,NO.SV.OL,,,,,
JW,Planke Islands Bird Sanctuary (Prince Charles Foreland),Plankeholmane Fuglereservat,78°12′58″N,11°57′58″E,NO.SV.PL,,,,,
JW,Skorpa Island Bird Sanctuary (Spitsbergen),Skorpa Fuglereservat,79°39′29″N,10°43′48″E,NO.SV.SK,,,,,
JW,South Cape Islands Bird Sanctuary (Spitsbergen),Sørkapp Fuglereservat,76°28′56″N,16°34′21″E,NO.SV.SO,,,,,
Unprotected Areas of the Archipelago of Svalbard,,,,,,,,,,
JW,Svalbard Management Area 6 (Northwest Spitsbergen),Forvaltningsområde 6 (Nordvest-Spitsbergen),79°01′00″N,13°41′00″E,NO.SV.FN,,,,,
JW,Svalbard Management Area 7 (Northeast Spitsbergen),Forvaltningsområde 7 (Nordaust-Spitsbergen),79°34′25″N,14°58′54″E,NO.SV.FA,,,,,
JW,Svalbard Management Area 8 (Southeast Spitsbergen),Forvaltningsområde 8 (Søraust-Spitsbergen),77°39′24″N,15°50′19″E,NO.SV.FS,,,,,
JW,Svalbard Management Area 10 (Central Spitsbergen),Forvaltningsområde 10 (Sentrale-Spitsbergen),78°13′03″N,15°38′08″E,NO.SV.FC,,,,,
Province of Akershus ► Akershus Fylke,,,,,,,,,,
LA,County of Ås,Ås Kommune,59°39′37″N,10°47′07″E,NO.AK.AS,,,,,
LA,County of Asker,Asker Kommune,59°50′07″N,10°26′06″E,NO.AK.AR,,,,,
LA,County of Aurskog-Høland,Aurskog-Høland Kommune,59°50′24″N,11°34′06″E,NO.AK.AH,,,,,
LA,County of Bærum,Bærum Kommune,59°56′18″N,10°30′24″E,NO.AK.BM,,,,,
LA,County of Eidsvoll,Eidsvoll Kommune,60°20′51″N,11°15′03″E,NO.AK.EI,,,,,
LA,County of Enebakk,Enebakk Kommune,59°46′27″N,11°06′07″E,NO.AK.EN,,,,,
LA,County of Fet,Fet Kommune,59°52′47″N,11°13′14″E,NO.AK.FE,,,,,
LA,County of Frogn,Frogn Kommune,59°41′56″N,10°39′19″E,NO.AK.FR,,,,,
LA,County of Gjerdrum,Gjerdrum Kommune,60°04′57″N,11°00′52″E,NO.AK.GJ,,,,,
LA,County of Hurdal,Hurdal Kommune,60°24′57″N,11°00′31″E,NO.AK.HU,,,,,
LA,County of Lørenskog,Lørenskog Kommune,59°53′56″N,10°57′51″E,NO.AK.LO,,,,,
LA,County of Nannestad,Nannestad Kommune,60°14′44″N,10°57′10″E,NO.AK.NA,,,,,
LA,County of Nes,Nes Kommune,60°07′51″N,11°29′21″E,NO.AK.NE,,,,,
LA,County of Nesodden,Nesodden Kommune,59°48′31″N,10°39′20″E,NO.AK.NO,,,,,
LA,County of Nittedal,Nittedal Kommune,60°04′23″N,10°52′20″E,NO.AK.NI,,,,,
LA,County of Oppegård,Oppegård Kommune,59°47′33″N,10°47′25″E,NO.AK.OP,,,,,
LA,County of Rælingen,Rælingen Kommune,59°53′21″N,11°04′31″E,NO.AK.RL,,,,,
LA,County of Skedsmo,Skedsmo Kommune,59°58′58″N,11°02′47″E,NO.AK.SD,,,,,
LA,County of Ski,Ski Kommune,59°44′31″N,10°53′38″E,NO.AK.SK,,,,,
LA,County of Sørum,Sørum Kommune,60°00′21″N,11°15′34″E,NO.AK.SO,,,,,
LA,County of Ullensaker,Ullensaker Kommune,60°10′15″N,11°11′17″E,NO.AK.UL,,,,,
LA,County of Vestby,Vestby Kommune,59°34′30″N,10°43′55″E,NO.AK.VE,,,,,
Province of Aust-Agder ► Aust-Agder Fylke,,,,,,,,,,
LA,County of Åmli,Åmli Kommune,58°47′53″N,08°22′09″E,NO.AA.AM,,,,,
LA,County of Arendal,Arendal Kommune,58°28′56″N,08°46′57″E,NO.AA.AR,,,,,
LA,County of Birkenes,Birkenes Kommune,58°26′58″N,08°14′00″E,NO.AA.BI,,,,,
LA,County of Bygland,Bygland Kommune,58°55′27″N,07°45′53″E,NO.AA.BY,,,,,
LA,County of Bykle,Bykle Kommune,59°26′35″N,07°15′18″E,NO.AA.BK,,,,,
LA,County of Evje og Hornnes,Evje og Hornnes Kommune,58°35′05″N,07°46′14″E,NO.AA.EH,,,,,
LA,County of Froland,Froland Kommune,58°34′59″N,08°34′20″E,NO.AA.FR,,,,,
LA,County of Gjerstad,Gjerstad Kommune,58°53′33″N,08°57′24″E,NO.AA.GJ,,,,,
LA,County of Grimstad,Grimstad Kommune,58°21′07″N,08°32′40″E,NO.AA.GR,,,,,
LA,County of Iveland,Iveland Kommune,58°26′28″N,07°57′21″E,NO.AA.IV,,,,,
LA,County of Lillesand,Lillesand Kommune,58°14′49″N,08°19′01″E,NO.AA.LI,,,,,
LA,County of Risør,Risør Kommune,58°43′35″N,09°11′40″E,NO.AA.RI,,,,,
LA,County of Tvedestrand,Tvedestrand Kommune,58°38′12″N,08°56′34″E,NO.AA.TV,,,,,
LA,County of Valle,Valle Kommune,59°09′51″N,07°28′21″E,NO.AA.VA,,,,,
LA,County of Vegårshei,Vegårshei Kommune,58°46′32″N,08°49′56″E,NO.AA.VE,,,,,
Province of Buskerud ► Buskerud Fylke,,,,,,,,,,
LA,County of Ål,Ål Kommune,60°40′32″N,08°34′37″E,NO.BU.AL,,,,,
LA,County of Drammen,Drammen Kommune,59°44′16″N,10°12′18″E,NO.BU.DR,,,,,
LA,County of Flå,Flå Kommune,60°24′31″N,09°29′03″E,NO.BU.FL,,,,,
LA,County of Flesberg,Flesberg Kommune,59°50′52″N,09°28′56″E,NO.BU.FB,,,,,
LA,County of Gol,Gol Kommune,60°45′01″N,08°59′05″E,NO.BU.GO,,,,,
LA,County of Hemsedal,Hemsedal Kommune,60°54′21″N,08°30′53″E,NO.BU.HE,,,,,
LA,County of Hol,Hol Kommune,60°34′00″N,08°04′00″E,NO.BU.HO,,,,,
LA,County of Hole,Hole Kommune,60°02′52″N,10°17′28″E,NO.BU.HL,,,,,
LA,County of Hurum,Hurum Kommune,59°36′11″N,10°31′05″E,NO.BU.HU,,,,,
LA,County of Kongsberg,Kongsberg Kommune,59°34′56″N,09°40′39″E,NO.BU.KO,,,,,
LA,County of Krødsherad,Krødsherad Kommune,60°11′42″N,09°39′52″E,NO.BU.KR,,,,,
LA,County of Lier,Lier Kommune,59°52′03″N,10°12′51″E,NO.BU.LI,,,,,
LA,County of Modum,Modum Kommune,59°57′27″N,09°58′58″E,NO.BU.MO,,,,,
LA,County of Nedre Eiker,Nedre Eiker Kommune,59°45′53″N,10°02′00″E,NO.BU.NE,,,,,
LA,County of Nes,Nes Kommune,60°33′30″N,09°06′04″E,NO.BU.NS,,,,,
LA,County of Nore og Uvdal,Nore og Uvdal Kommune,60°18′26″N,08°48′20″E,NO.BU.NU,,,,,
LA,County of Øvre Eiker,Øvre Eiker Kommune,59°46′19″N,09°50′10″E,NO.BU.OE,,,,,
LA,County of Ringerike,Ringerike Kommune,60°12′19″N,10°09′09″E,NO.BU.RI,,,,,
LA,County of Rollag,Rollag Kommune,60°01′02″N,09°14′02″E,NO.BU.RO,,,,,
LA,County of Røyken,Røyken Kommune,59°44′01″N,10°25′44″E,NO.BU.RY,,,,,
LA,County of Sigdal,Sigdal Kommune,60°03′09″N,09°36′04″E,NO.BU.SI,,,,,
Province of Finnmark ► Finnmark Fylke,,,,,,,,,,
LA,County of Alta,Alta Kommune,69°56′25″N,23°18′38″E,NO.FM.AL,,,,,
LA,County of Båtsfjord,Båtsfjord Kommune,70°29′31″N,29°56′20″E,NO.FM.BA,,,,,
LA,County of Berlevåg,Berlevåg Kommune,70°44′09″N,28°59′40″E,NO.FM.BE,,,,,
LA,County of Gamvik,Gamvik Kommune,70°55′42″N,28°03′47″E,NO.FM.GA,,,,,
LA,County of Hammerfest,Hammerfest Kommune,70°39′50″N,23°41′24″E,NO.FM.HA,,,,,
LA,County of Hasvik,Hasvik Kommune,70°35′36″N,22°25′38″E,NO.FM.HS,,,,,
LA,County of Karasjok,Karasjok Kommune,69°28′55″N,25°06′18″E,NO.FM.KA,,,,,
LA,County of Kautokeino,Kautokeino Kommune,69°14′16″N,23°29′22″E,NO.FM.KU,,,,,
LA,County of Kvalsund,Kvalsund Kommune,70°29′56″N,23°58′26″E,NO.FM.KV,,,,,
LA,County of Lebesby,Lebesby Kommune,70°56′42″N,27°20′59″E,NO.FM.LE,,,,,
LA,County of Loppa,Loppa Kommune,70°19′56″N,21°44′21″E,NO.FM.LO,,,,,
LA,County of Måsøy,Måsøy Kommune,70°55′32″N,24°41′09″E,NO.FM.MA,,,,,
LA,County of Nesseby,Nesseby Kommune,70°08′29″N,28°36′30″E,NO.FM.NE,,,,,
LA,County of Nordkapp,Nordkapp Kommune,71°01′08″N,25°47′50″E,NO.FM.NK,,,,,
LA,County of Porsanger,Porsanger Kommune,70°01′07″N,25°01′25″E,NO.FM.PO,,,,,
LA,County of Sør-Varanger,Sør-Varanger Kommune,69°39′53″N,29°44′58″E,NO.FM.SV,,,,,
LA,County of Tana,Tana Kommune,70°13′18″N,27°57′07″E,NO.FM.TA,,,,,
LA,County of Vadsø,Vadsø Kommune,70°04′35″N,29°44′54″E,NO.FM.VA,,,,,
LA,County of Vardø,Vardø Kommune,70°20′36″N,30°51′17″E,NO.FM.VR,,,,,
Province of Hedmark ► Hedmark Fylke,,,,,,,,,,
LA,County of Alvdal,Alvdal Kommune,62°04′18″N,10°30′27″E,NO.HM.AL,,,,,
LA,County of Åmot,Åmot Kommune,61°08′47″N,11°24′57″E,NO.HM.AM,,,,,
LA,County of Åsnes,Åsnes Kommune,60°39′13″N,12°09′11″E,NO.HM.AS,,,,,
LA,County of Eidskog (Excluding -LG5 Border Area of Morokulien),Eidskog Kommune,59°59′53″N,12°03′38″E,NO.HM.EI,,,,,
LA,County of Elverum,Elverum Kommune,60°55′39″N,11°42′55″E,NO.HM.EL,,,,,
LA,County of Engerdal,Engerdal Kommune,61°56′11″N,5°56′43″E,NO.HM.EN,,,,,
LA,County of Folldal,Folldal Kommune,62°11′57″N,10°02′07″E,NO.HM.FO,,,,,
LA,County of Grue,Grue Kommune,60°27′02″N,12°12′20″E,NO.HM.GR,,,,,
LA,County of Hamar,Hamar Kommune,60°47′57″N,11°03′22″E,NO.HM.HA,,,,,
LA,County of Kongsvinger,Kongsvinger Kommune,60°14′35″N,12°13′32″E,NO.HM.KO,,,,,
LA,County of Løten,Løten Kommune,60°49′31″N,11°23′27″E,NO.HM.LO,,,,,
LA,County of Nord-Odal,Nord-Odal Kommune,60°26′32″N,11°34′05″E,NO.HM.NO,,,,,
LA,County of Os,Os Kommune,62°28′34″N,11°14′35″E,NO.HM.OS,,,,,
LA,County of Rendalen,Rendalen Kommune,61°51′34″N,11°10′34″E,NO.HM.RE,,,,,
LA,County of Ringsaker,Ringsaker Kommune,61°01′27″N,10°48′07″E,NO.HM.RI,,,,,
LA,County of Sør-Odal,Sør-Odal Kommune,60°14′12″N,11°44′44″E,NO.HM.SO,,,,,
LA,County of Stange,Stange Kommune,60°38′58″N,11°21′59″E,NO.HM.ST,,,,,
LA,County of Stor-Elvdal,Stor-Elvdal Kommune,61°38′06″N,10°52′27″E,NO.HM.SE,,,,,
LA,County of Tolga,Tolga Kommune,62°24′05″N,11°01′20″E,NO.HM.TO,,,,,
LA,County of Trysil,Trysil Kommune,61°18′36″N,12°18′54″E,NO.HM.TR,,,,,
LA,County of Tynset,Tynset Kommune,62°16′31″N,10°49′57″E,NO.HM.TY,,,,,
LA,County of Våler,Våler Kommune,60°45′12″N,11°53′51″E,NO.HM.VA,,,,,
Exceptional Territories of the Province of Hedmark,,,,,,,,,,
LG,Border Area of Morokulien  (LG5LG),Border Area of Morokulien  (LG5LG),59°55′53″N,12°14′29″W,NO.DX.MO,,,,,
Province of Hordaland ► Hordaland Fylke,,,,,,,,,,
LA,County of Askøy,Askøy Kommune,60°28′17″N,05°09′38″E,NO.HL.AS,,,,,
LA,County of Austevoll,Austevoll Kommune,60°02′16″N,05°16′06″E,NO.HL.AU,,,,,
LA,County of Austrheim,Austrheim Kommune,60°46′16″N,04°55′34″E,NO.HL.AH,,,,,
LA,County of Bergen,Bergen Kommune,60°23′22″N,05°19′48″E,NO.HL.BE,,,,,
LA,County of Bømlo,Bømlo Kommune,59°46′46″N,05°13′06″E,NO.HL.BO,,,,,
LA,County of Eidfjord,Eidfjord Kommune,60°26′06″N,07°16′38″E,NO.HL.EI,,,,,
LA,County of Etne,Etne Kommune,59°39′50″N,05°56′00″E,NO.HL.ET,,,,,
LA,County of Fedje,Fedje Kommune,60°46′08″N,04°43′50″E,NO.HL.FE,,,,,
LA,County of Fitjar,Fitjar Kommune,59°55′08″N,05°22′17″E,NO.HL.FI,,,,,
LA,County of Fjell,Fjell Kommune,60°20′50″N,05°02′49″E,NO.HL.FJ,,,,,
LA,County of Fusa,Fusa Kommune,60°14′50″N,05°48′26″E,NO.HL.FU,,,,,
LA,County of Granvin,Granvin Kommune,60°31′37″N,06°43′10″E,NO.HL.GR,,,,,
LA,County of Jondal,Jondal Kommune,60°16′06″N,06°19′45″E,NO.HL.JO,,,,,
LA,County of Kvam,Kvam Kommune,60°25′04″N,06°09′30″E,NO.HL.KV,,,,,
LA,County of Kvinnherad,Kvinnherad Kommune,59°55′41″N,06°02′13″E,NO.HL.KN,,,,,
LA,County of Lindås,Lindås Kommune,60°37′29″N,05°19′42″E,NO.HL.LI,,,,,
LA,County of Masfjorden,Masfjorden Kommune,60°50′18″N,05°26′55″E,NO.HL.MA,,,,,
LA,County of Meland,Meland Kommune,60°33′51″N,05°07′07″E,NO.HL.ME,,,,,
LA,County of Modalen,Modalen Kommune,60°52′50″N,05°55′31″E,NO.HL.MO,,,,,
LA,County of Odda,Odda Kommune,60°01′33″N,06°40′02″E,NO.HL.OD,,,,,
LA,County of Os,Os Kommune,60°13′37″N,05°28′33″E,NO.HL.OS,,,,,
LA,County of Osterøy,Osterøy Kommune,60°31′05″N,05°32′29″E,NO.HL.OO,,,,,
LA,County of Øygarden,Øygarden Kommune,60°36′39″N,04°49′29″E,NO.HL.OY,,,,,
LA,County of Radøy,Radøy Kommune,60°40′09″N,05°02′10″E,NO.HL.RA,,,,,
LA,County of Samnanger,Samnanger Kommune,60°24′10″N,05°48′20″E,NO.HL.SA,,,,,
LA,County of Stord,Stord Kommune,59°48′29″N,05°27′59″E,NO.HL.ST,,,,,
LA,County of Sund,Sund Kommune,60°13′56″N,05°06′17″E,NO.HL.SU,,,,,
LA,County of Sveio,Sveio Kommune,59°34′25″N,05°21′48″E,NO.HL.SV,,,,,
LA,County of Tysnes,Tysnes Kommune,59°59′54″N,05°34′38″E,NO.HL.TY,,,,,
LA,County of Ullensvang,Ullensvang Kommune,60°18′42″N,06°48′53″E,NO.HL.UL,,,,,
LA,County of Ulvik,Ulvik Kommune,60°37′16″N,07°04′49″E,NO.HL.UV,,,,,
LA,County of Vaksdal,Vaksdal Kommune,60°36′25″N,05°48′58″E,NO.HL.VA,,,,,
LA,County of Voss,Voss Kommune,60°42′09″N,06°25′23″E,NO.HL.VO,,,,,
Province of Møre og Romsdal ► Møre og Romsdal Fylke,,,,,,,,,,
LA,County of Ålesund,Ålesund Kommune,62°28′40″N,06°11′25″E,NO.MR.AL,,,,,
LA,County of Aukra,Aukra Kommune,62°49′43″N,06°50′45″E,NO.MR.AU,,,,,
LA,County of Aure,Aure Kommune,63°16′07″N,08°36′28″E,NO.MR.AR,,,,,
LA,County of Averøy,Averøy Kommune,62°59′50″N,07°33′19″E,NO.MR.AV,,,,,
LA,County of Eide,Eide Kommune,62°55′41″N,07°22′25″E,NO.MR.EI,,,,,
LA,County of Fræna,Fræna Kommune,62°54′28″N,07°06′30″E,NO.MR.FR,,,,,
LA,County of Giske,Giske Kommune,62°33′45″N,06°06′07″E,NO.MR.GI,,,,,
LA,County of Gjemnes,Gjemnes Kommune,62°54′59″N,07°55′09″E,NO.MR.GJ,,,,,
LA,County of Halsa,Halsa Kommune,63°06′50″N,08°28′13″E,NO.MR.HA,,,,,
LA,County of Haram,Haram Kommune,62°34′03″N,06°22′20″E,NO.MR.HR,,,,,
LA,County of Hareid,Hareid Kommune,62°21′51″N,06°00′05″E,NO.MR.HD,,,,,
LA,County of Herøy,Herøy Kommune,62°21′20″N,05°32′40″E,NO.MR.HE,,,,,
LA,County of Kristiansund,Kristiansund Kommune,63°07′28″N,07°49′07″E,NO.MR.KR,,,,,
LA,County of Midsund,Midsund Kommune,62°42′31″N,06°47′48″E,NO.MR.MI,,,,,
LA,County of Molde,Molde Kommune,62°45′23″N,07°14′19″E,NO.MR.MO,,,,,
LA,County of Nesset,Nesset Kommune,62°39′31″N,08°07′13″E,NO.MR.NE,,,,,
LA,County of Norddal,Norddal Kommune,62°17′32″N,07°26′18″E,NO.MR.NO,,,,,
LA,County of Ørskog,Ørskog Kommune,62°28′44″N,06°53′07″E,NO.MR.OR,,,,,
LA,County of Ørsta,Ørsta Kommune,62°13′50″N,06°19′01″E,NO.MR.OT,,,,,
LA,County of Rauma,Rauma Kommune,62°30′17″N,07°46′55″E,NO.MR.RA,,,,,
LA,County of Rindal,Rindal Kommune,63°02′32″N,09°17′22″E,NO.MR.RI,,,,,
LA,County of Sande,Sande Kommune,62°15′30″N,05°25′53″E,NO.MR.SA,,,,,
LA,County of Sandøy,Sandøy Kommune,62°45′40″N,06°27′05″E,NO.MR.SO,,,,,
LA,County of Skodje,Skodje Kommune,62°30′58″N,06°41′59″E,NO.MR.SK,,,,,
LA,County of Smøla,Smøla Kommune,63°24′07″N,08°01′45″E,NO.MR.SM,,,,,
LA,County of Stordal,Stordal Kommune,62°23′34″N,07°06′38″E,NO.MR.ST,,,,,
LA,County of Stranda,Stranda Kommune,62°11′29″N,06°56′56″E,NO.MR.SD,,,,,
LA,County of Sula,Sula Kommune,62°25′29″N,06°12′22″E,NO.MR.SU,,,,,
LA,County of Sunndal,Sunndal Kommune,62°36′46″N,08°38′03″E,NO.MR.SN,,,,,
LA,County of Surnadal,Surnadal Kommune,62°56′51″N,08°46′12″E,NO.MR.SL,,,,,
LA,County of Sykkylven,Sykkylven Kommune,62°22′32″N,06°38′39″E,NO.MR.SY,,,,,
LA,County of Tingvoll,Tingvoll Kommune,62°57′13″N,08°13′05″E,NO.MR.TI,,,,,
LA,County of Ulstein,Ulstein Kommune,62°21′23″N,05°51′14″E,NO.MR.UL,,,,,
LA,County of Vanylven,Vanylven Kommune,62°03′38″N,05°41′51″E,NO.MR.VA,,,,,
LA,County of Vestnes,Vestnes Kommune,62°35′04″N,07°01′06″E,NO.MR.VE,,,,,
LA,County of Volda,Volda Kommune,62°05′16″N,06°00′51″E,NO.MR.VO,,,,,
Province of Nordland ► Nordland Fylke,,,,,,,,,,
LA,County of Alstahaug,Alstahaug Kommune,65°57′24″N,12°34′22″E,NO.NL.AL,,,,,
LA,County of Andøy,Andøy Kommune,69°05′40″N,15°45′52″E,NO.NL.AN,,,,,
LA,County of Ballangen,Ballangen Kommune,68°18′23″N,16°44′39″E,NO.NL.BA,,,,,
LA,County of Beiarn,Beiarn Kommune,66°55′02″N,14°40′29″E,NO.NL.BE,,,,,
LA,County of Bindal,Bindal Kommune,65°05′48″N,12°35′19″E,NO.NL.BI,,,,,
LA,County of Bø,Bø Kommune,68°41′43″N,14°34′46″E,NO.NL.BO,,,,,
LA,County of Bodø,Bodø Kommune,67°18′20″N,14°32′57″E,NO.NL.BD,,,,,
LA,County of Brønnøy,Brønnøy Kommune,65°28′33″N,12°24′01″E,NO.NL.BR,,,,,
LA,County of Dønna,Dønna Kommune,66°05′29″N,12°31′33″E,NO.NL.DO,,,,,
LA,County of Evenes,Evenes Kommune,68°32′11″N,16°55′55″E,NO.NL.EV,,,,,
LA,County of Fauske,Fauske Kommune,67°13′14″N,15°48′31″E,NO.NL.FA,,,,,
LA,County of Flakstad,Flakstad Kommune,68°04′45″N,13°16′028E,NO.NL.FL,,,,,
LA,County of Gildeskål,Gildeskål Kommune,67°01′24″N,14°04′38″E,NO.NL.GI,,,,,
LA,County of Grane,Grane Kommune,65°24′02″N,13°30′38″E,NO.NL.GR,,,,,
LA,County of Hadsel,Hadsel Kommune,68°32′06″N,14°49′30″E,NO.NL.HA,,,,,
LA,County of Hamarøy,Hamarøy Kommune,68°04′33″N,15°46′56″E,NO.NL.HM,,,,,
LA,County of Hattfjelldal,Hattfjelldal Kommune,65°32′51″N,14°08′04″E,NO.NL.HT,,,,,
LA,County of Hemnes,Hemnes Kommune,66°03′15″N,14°01′50″E,NO.NL.HE,,,,,
LA,County of Herøy,Herøy Kommune,65°59′55″N,12°13′02″E,NO.NL.HO,,,,,
LA,County of Leirfjord,Leirfjord Kommune,66°06′46″N,13°07′51″E,NO.NL.LE,,,,,
LA,County of Lødingen,Lødingen Kommune,68°24′15″N,15°34′17″E,NO.NL.LO,,,,,
LA,County of Lurøy,Lurøy Kommune,66°25′55″N,12°51′18″E,NO.NL.LU,,,,,
LA,County of Meløy,Meløy Kommune,66°47′17″N,13°40′33″E,NO.NL.ME,,,,,
LA,County of Moskenes,Moskenes Kommune,67°55′31″N,12°57′32″E,NO.NL.MO,,,,,
LA,County of Narvik,Narvik Kommune,68°25′14″N,17°33′36″E,NO.NL.NA,,,,,
LA,County of Nesna,Nesna Kommune,66°15′28″N,13°02′06″E,NO.NL.NE,,,,,
LA,County of Øksnes,Øksnes Kommune,68°53′18″N,15°11′00″E,NO.NL.OK,,,,,
LA,County of Rana,Rana Kommune,66°22′19″N,14°20′34″E,NO.NL.RA,,,,,
LA,County of Rødøy,Rødøy Kommune,66°35′36″N,13°21′34″E,NO.NL.RO,,,,,
LA,County of Røst,Røst Kommune,67°31′12″N,12°05′56″E,NO.NL.RS,,,,,
LA,County of Saltdal,Saltdal Kommune,66°55′12″N,15°33′36″E,NO.NL.SA,,,,,
LA,County of Sømna,Sømna Kommune,65°19′25″N,12°10′38″E,NO.NL.SO,,,,,
LA,County of Sørfold,Sørfold Kommune,67°13′14″N,15°48′31″E,NO.NL.SF,,,,,
LA,County of Sortland,Sortland Kommune,68°42′31″N,15°16′51″E,NO.NL.SL,,,,,
LA,County of Steigen,Steigen Kommune,67°47′54″N,15°10′19″E,NO.NL.ST,,,,,
LA,County of Tjeldsund,Tjeldsund Kommune,68°29′04″N,16°17′33″E,NO.NL.TJ,,,,,
LA,County of Træna,Træna Kommune,66°30′27″N,12°01′51″E,NO.NL.TR,,,,,
LA,County of Tysfjord,Tysfjord Kommune,68°03′51″N,16°28′50″E,NO.NL.TY,,,,,
LA,County of Værøy,Værøy Kommune,67°40′23″N,12°40′09″E,NO.NL.VR,,,,,
LA,County of Vågan,Vågan Kommune,68°16′41″N,14°31′15″E,NO.NL.VA,,,,,
LA,County of Vefsn,Vefsn Kommune,65°47′57″N,13°15′02″E,NO.NL.VE,,,,,
LA,County of Vega,Vega Kommune,65°40′31″N,11°57′28″E,NO.NL.VG,,,,,
LA,County of Vestvågøy,Vestvågøy Kommune,68°13′17″N,13°47′04″E,NO.NL.VO,,,,,
LA,County of Vevelstad,Vevelstad Kommune,65°40′06″N,12°31′07″E,NO.NL.VV,,,,,
Exceptional Territories of the Province of Nordland,,,,,,,,,,
JX,Jan Mayen Island,Jan Mayen Øya,70°59′00″N,08°32′00″W,NO.DX.JM,,,,,
Province of Nord-Trøndelag ► Nord-Trøndelag Fylke,,,,,,,,,,
LA,County of Flatanger,Flatanger Kommune,64°25′11″N,10°54′28″E,NO.NT.FL,,,,,
LA,County of Fosnes,Fosnes Kommune,64°41′02″N,11°34′09″E,NO.NT.FO,,,,,
LA,County of Frosta,Frosta Kommune,63°36′14″N,10°46′28″E,NO.NT.FR,,,,,
LA,County of Grong,Grong Kommune,64°31′53″N,12°37′12″E,NO.NT.GR,,,,,
LA,County of Høylandet,Høylandet Kommune,64°43′27″N,12°20′02″E,NO.NT.HO,,,,,
LA,County of Inderøy,Inderøy Kommune,63°53′58″N,11°13′12″E,NO.NT.IN,,,,,
LA,County of Leka,Leka Kommune,65°05′17″N,11°37′01″E,NO.NT.LE,,,,,
LA,County of Leksvik,Leksvik Kommune,63°39′59″N,10°29′29″E,NO.NT.LK,,,,,
LA,County of Levanger,Levanger Kommune,63°39′17″N,11°15′37″E,NO.NT.LV,,,,,
LA,County of Lierne,Lierne Kommune,64°22′34″N,13°36′35″E,NO.NT.LI,,,,,
LA,County of Meråker,Meråker Kommune,63°26′17″N,11°50′58″E,NO.NT.ME,,,,,
LA,County of Mosvik,Mosvik Kommune,63°48′58″N,11°00′18″E,NO.NT.MO,,,,,
LA,County of Nærøy,Nærøy Kommune,64°56′01″N,11°46′47″E,NO.NT.NY,,,,,
LA,County of Namdalseid,Namdalseid Kommune,64°17′21″N,11°10′35″E,NO.NT.NA,,,,,
LA,County of Namsos,Namsos Kommune,64°29′38″N,11°30′42″E,NO.NT.NS,,,,,
LA,County of Namsskogan,Namsskogan Kommune,64°52′19″N,12°58′35″E,NO.NT.NK,,,,,
LA,County of Overhalla,Overhalla Kommune,64°30′28″N,11°53′38″E,NO.NT.OV,,,,,
LA,County of Røyrvik,Røyrvik Kommune,64°55′15″N,13°39′03″E,NO.NT.RO,,,,,
LA,County of Snåsa,Snåsa Kommune,64°13′28″N,12°37′31″E,NO.NT.SN,,,,,
LA,County of Steinkjer,Steinkjer Kommune,64°03′29″N,11°43′08″E,NO.NT.ST,,,,,
LA,County of Stjørdal,Stjørdal Kommune,63°28′30″N,11°10′15″E,NO.NT.SJ,,,,,
LA,County of Verdal,Verdal Kommune,63°47′53″N,11°56′57″E,NO.NT.VE,,,,,
LA,County of Verran,Verran Kommune,64°01′27″N,10°58′44″E,NO.NT.VR,,,,,
LA,County of Vikna,Vikna Kommune,64°54′42″N,11°01′55″E,NO.NT.VI,,,,,
Province of Oppland ► Oppland Fylke,,,,,,,,,,
LA,County of Dovre,Dovre Kommune,62°02′06″N,09°28′03″E,NO.OL.DO,,,,,
LA,County of Etnedal,Etnedal Kommune,60°58′02″N,09°39′13″E,NO.OL.ET,,,,,
LA,County of Gausdal,Gausdal Kommune,61°16′36″N,09°55′21″E,NO.OL.GA,,,,,
LA,County of Gjøvik,Gjøvik Kommune,60°52′44″N,10°31′19″E,NO.OL.GJ,,,,,
LA,County of Gran,Gran Kommune,60°26′28″N,10°29′44″E,NO.OL.GR,,,,,
LA,County of Jevnaker,Jevnaker Kommune,60°16′16″N,10°24′07″E,NO.OL.JE,,,,,
LA,County of Lesja,Lesja Kommune,62°12′38″N,08°38′41″E,NO.OL.LE,,,,,
LA,County of Lillehammer,Lillehammer Kommune,61°07′48″N,10°25′57″E,NO.OL.LI,,,,,
LA,County of Lom,Lom Kommune,61°48′39″N,08°38′21″E,NO.OL.LO,,,,,
LA,County of Lunner,Lunner Kommune,60°15′10″N,10°40′02″E,NO.OL.LU,,,,,
LA,County of Nord-Aurdal,Nord-Aurdal Kommune,60°57′35″N,09°15′51″E,NO.OL.NA,,,,,
LA,County of Nord-Fron,Nord-Fron Kommune,61°39′32″N,09°43′40″E,NO.OL.NF,,,,,
LA,County of Nordre Land,Nordre Land Kommune,60°55′55″N,10°01′02″E,NO.OL.NL,,,,,
LA,County of Østre Toten,Østre Toten Kommune,60°36′48″N,10°54′58″E,NO.OL.OT,,,,,
LA,County of Øyer,Øyer Kommune,61°18′23″N,10°31′54″E,NO.OL.OY,,,,,
LA,County of Øystre Slidre,Øystre Slidre Kommune,61°14′11″N,09°08′37″E,NO.OL.OS,,,,,
LA,County of Ringebu,Ringebu Kommune,61°32′08″N,10°18′29″E,NO.OL.RI,,,,,
LA,County of Sel,Sel Kommune,61°49′01″N,09°34′24″E,NO.OL.SE,,,,,
LA,County of Skjåk,Skjåk Kommune,61°56′10″N,07°57′37″E,NO.OL.SK,,,,,
LA,County of Søndre Land,Søndre Land Kommune,60°40′37″N,10°16′44″E,NO.OL.SL,,,,,
LA,County of Sør-Aurdal,Sør-Aurdal Kommune,60°41′47″N,09°39′32″E,NO.OL.SA,,,,,
LA,County of Sør-Fron,Sør-Fron Kommune,61°34′08″N,09°55′24″E,NO.OL.SF,,,,,
LA,County of Vågå,Vågå Kommune,61°50′55″N,09°07′16″E,NO.OL.VA,,,,,
LA,County of Vang,Vang Kommune,61°12′52″N,08°30′15″E,NO.OL.VG,,,,,
LA,County of Vestre Slidre,Vestre Slidre Kommune,61°03′38″N,08°55′02″E,NO.OL.VS,,,,,
LA,County of Vestre Toten,Vestre Toten Kommune,60°39′10″N,10°35′46″E,NO.OL.VT,,,,,
Province of Oslo ► Oslo Fylke,,,,,,,,,,
LA,Borough of Alna,Bydel Alna,59°55′45″N,10°51′39″E,NO.OS.AL,,,,,
LA,Borough of Bjerke,Bydel Bjerke,59°56′25″N,10°48′50″E,NO.OS.BJ,,,,,
LA,Borough of Frogner,Bydel Frogner,59°55′01″N,10°42′21″E,NO.OS.FR,,,,,
LA,Borough of Gamle Oslo,Bydel Gamle Oslo,59°54′20″N,10°46′06″E,NO.OS.GO,,,,,
LA,Borough of Grorud,Bydel Grorud,59°57′27″N,10°52′51″E,NO.OS.GR,,,,,
LA,Borough of Grünerløkka,Bydel Grünerløkka,59°55′34″N,10°45′35″E,NO.OS.GU,,,,,
LA,Borough of Nordre Aker,Bydel Nordre Aker,59°56′37″N,10°44′00″E,NO.OS.NA,,,,,
LA,Borough of Nordstrand,Bydel Nordstrand,59°51′39″N,10°48′01″E,NO.OS.NO,,,,,
LA,Borough of Østensjø,Bydel Østensjø,59°53′20″N,10°50′01″E,NO.OS.OS,,,,,
LA,Borough of Sagene,Bydel Sagene,59°56′14″N,10°45′21″E,NO.OS.SA,,,,,
LA,Borough of Søndre Nordstrand,Bydel Søndre Nordstrand,59°51′11″N,10°49′40″E,NO.OS.SN,,,,,
LA,Borough of St. Hanshaugen,Bydel St. Hanshaugen,59°55′36″N,10°44′27″E,NO.OS.SH,,,,,
LA,Borough of Stovner,Bydel Stovner,59°57′40″N,10°55′36″E,NO.OS.ST,,,,,
LA,Borough of Ullern,Bydel Ullern,59°55′19″N,10°41′02″E,NO.OS.UL,,,,,
LA,Borough of Vestre Aker,Bydel Vestre Aker,59°57′56″N,10°38′32″E,NO.OS.VA,,,,,
Province of Østfold ► Østfold Fylke,,,,,,,,,,
LA,County of Aremark,Aremark Kommune,59°13′23″N,11°41′44″E,NO.OF.AR,,,,,
LA,County of Askim,Askim Kommune,59°35′10″N,11°10′12″E,NO.OF.AS,,,,,
LA,County of Eidsberg,Eidsberg Kommune,59°32′13″N,11°21′37″E,NO.OF.EI,,,,,
LA,County of Fredrikstad,Fredrikstad Kommune,59°12′19″N,10°57′00″E,NO.OF.FR,,,,,
LA,County of Halden,Halden Kommune,59°07′35″N,11°28′58″E,NO.OF.HA,,,,,
LA,County of Hobøl,Hobøl Kommune,59°35′35″N,10°56′45″E,NO.OF.HO,,,,,
LA,County of Hvaler,Hvaler Kommune,59°03′23″N,11°01′20″E,NO.OF.HV,,,,,
LA,County of Marker,Marker Kommune,59°30′40″N,11°37′42″E,NO.OF.MA,,,,,
LA,County of Moss,Moss Kommune,59°27′33″N,10°42′03″E,NO.OF.MO,,,,,
LA,County of Råde,Råde Kommune,59°20′56″N,10°51′18″E,NO.OF.RA,,,,,
LA,County of Rakkestad,Rakkestad Kommune,59°22′23″N,11°25′13″E,NO.OF.RK,,,,,
LA,County of Rømskog,Rømskog Kommune,59°42′52″N,11°48′31″E,NO.OF.RO,,,,,
LA,County of Rygge,Rygge Kommune,59°22′29″N,10°42′53″E,NO.OF.RY,,,,,
LA,County of Sarpsborg,Sarpsborg Kommune,59°17′26″N,11°12′10″E,NO.OF.SA,,,,,
LA,County of Skiptvet,Skiptvet Kommune,59°28′50″N,11°08′40″E,NO.OF.SK,,,,,
LA,County of Spydeberg,Spydeberg Kommune,59°36′55″N,11°04′35″E,NO.OF.SP,,,,,
LA,County of Trøgstad,Trøgstad Kommune,59°39′05″N,11°20′23″E,NO.OF.TR,,,,,
LA,County of Våler,Våler Kommune,59°28′21″N,10°55′01″E,NO.OF.VA,,,,,
Province of Rogaland ► Rogaland Fylke,,,,,,,,,,
LA,County of Bjerkreim,Bjerkreim Kommune,58°39′25″N,06°08′48″E,NO.RL.BJ,,,,,
LA,County of Bokn,Bokn Kommune,59°12′01″N,05°25′23″E,NO.RL.BO,,,,,
LA,County of Eigersund,Eigersund Kommune,58°28′42″N,06°03′47″E,NO.RL.EI,,,,,
LA,County of Finnøy,Finnøy Kommune,59°09′53″N,05°49′46″E,NO.RL.FI,,,,,
LA,County of Forsand,Forsand Kommune,59°00′00″N,06°30′00″E,NO.RL.FO,,,,,
LA,County of Gjesdal,Gjesdal Kommune,58°46′55″N,06°00′31″E,NO.RL.GJ,,,,,
LA,County of Hå,Hå Kommune,58°36′23″N,05°43′29″E,NO.RL.HA,,,,,
LA,County of Haugesund,Haugesund Kommune,59°26′47″N,05°17′54″E,NO.RL.HU,,,,,
LA,County of Hjelmeland,Hjelmeland Kommune,59°13′02″N,06°20′27″E,NO.RL.HJ,,,,,
LA,County of Karmøy,Karmøy Kommune,59°15′23″N,05°14′57″E,NO.RL.KA,,,,,
LA,County of Klepp,Klepp Kommune,58°46′38″N,05°35′48″E,NO.RL.KL,,,,,
LA,County of Kvitsøy,Kvitsøy Kommune,59°03′44″N,05°24′42″E,NO.RL.KV,,,,,
LA,County of Lund,Lund Kommune,58°31′11″N,06°27′41″E,NO.RL.LU,,,,,
LA,County of Randaberg,Randaberg Kommune,59°00′06″N,05°36′55″E,NO.RL.RA,,,,,
LA,County of Rennesøy,Rennesøy Kommune,59°06′04″N,05°43′55″E,NO.RL.RE,,,,,
LA,County of Sandnes,Sandnes Kommune,58°51′05″N,05°44′09″E,NO.RL.SA,,,,,
LA,County of Sauda,Sauda Kommune,59°41′15″N,06°26′14″E,NO.RL.SU,,,,,
LA,County of Sokndal,Sokndal Kommune,58°21′54″N,06°18′37″E,NO.RL.SO,,,,,
LA,County of Sola,Sola Kommune,58°52′48″N,05°37′43″E,NO.RL.SL,,,,,
LA,County of Stavanger,Stavanger Kommune,58°57′48″N,05°43′08″E,NO.RL.ST,,,,,
LA,County of Strand,Strand Kommune,59°03′48″N,06°01′40″E,NO.RL.SR,,,,,
LA,County of Suldal,Suldal Kommune,59°28′06″N,06°29′59″E,NO.RL.SD,,,,,
LA,County of Time,Time Kommune,58°43′22″N,05°45′55″E,NO.RL.TI,,,,,
LA,County of Tysvær,Tysvær Kommune,59°21′42″N,05°32′34″E,NO.RL.TY,,,,,
LA,County of Utsira,Utsira Kommune,59°18′26″N,04°53′10″E,NO.RL.UT,,,,,
LA,County of Vindafjord,Vindafjord Kommune,59°32′44″N,05°49′05″E,NO.RL.VI,,,,,
Province of Sogn og Fjordane ► Sogn og Fjordane Fylke,,,,,,,,,,
LA,County of Årdal,Årdal Kommune,61°17′29″N,07°47′53″E,NO.SF.AR,,,,,
LA,County of Askvoll,Askvoll Kommune,61°24′21″N,05°14′32″E,NO.SF.AS,,,,,
LA,County of Aurland,Aurland Kommune,60°52′05″N,07°14′36″E,NO.SF.AU,,,,,
LA,County of Balestrand,Balestrand Kommune,61°10′39″N,06°24′14″E,NO.SF.BA,,,,,
LA,County of Bremanger,Bremanger Kommune,61°48′31″N,05°25′15″E,NO.SF.BR,,,,,
LA,County of Eid,Eid Kommune,61°54′41″N,06°02′14″E,NO.SF.EI,,,,,
LA,County of Fjaler,Fjaler Kommune,61°18′22″N,05°27′48″E,NO.SF.FJ,,,,,
LA,County of Flora,Flora Kommune,61°35′15″N,05°16′38″E,NO.SF.FL,,,,,
LA,County of Førde,Førde Kommune,61°26′35″N,05°54′13″E,NO.SF.FO,,,,,
LA,County of Gaular,Gaular Kommune,61°20′02″N,05°47′20″E,NO.SF.GA,,,,,
LA,County of Gloppen,Gloppen Kommune,61°44′38″N,06°10′14″E,NO.SF.GL,,,,,
LA,County of Gulen,Gulen Kommune,61°01′27″N,05°07′10″E,NO.SF.GU,,,,,
LA,County of Hornindal,Hornindal Kommune,61°59′55″N,06°35′03″E,NO.SF.HD,,,,,
LA,County of Høyanger,Høyanger Kommune,61°11′17″N,05°53′44″E,NO.SF.HO,,,,,
LA,County of Hyllestad,Hyllestad Kommune,61°09′48″N,05°20′20″E,NO.SF.HY,,,,,
LA,County of Jølster,Jølster Kommune,61°32′30″N,06°24′32″E,NO.SF.JO,,,,,
LA,County of Lærdal,Lærdal Kommune,61°03′04″N,07°35′52″E,NO.SF.LD,,,,,
LA,County of Leikanger,Leikanger Kommune,61°13′51″N,06°47′23″E,NO.SF.LE,,,,,
LA,County of Luster,Luster Kommune,61°29′38″N,07°19′46″E,NO.SF.LU,,,,,
LA,County of Naustdal,Naustdal Kommune,61°33′38″N,05°51′19″E,NO.SF.NA,,,,,
LA,County of Selje,Selje Kommune,62°08′14″N,05°13′23″E,NO.SF.SE,,,,,
LA,County of Sogndal,Sogndal Kommune,61°14′32″N,07°03′18″E,NO.SF.SO,,,,,
LA,County of Solund,Solund Kommune,61°07′51″N,04°56′52″E,NO.SF.SL,,,,,
LA,County of Stryn,Stryn Kommune,61°50′19″N,06°51′46″E,NO.SF.ST,,,,,
LA,County of Vågsøy,Vågsøy Kommune,61°55′16″N,05°11′37″E,NO.SF.VA,,,,,
LA,County of Vik,Vik Kommune,61°03′25″N,06°34′41″E,NO.SF.VI,,,,,
Province of Sør-Trøndelag ► Sør-Trøndelag Fylke,,,,,,,,,,
LA,County of Åfjord,Åfjord Kommune,63°58′40″N,10°23′08″E,NO.ST.AF,,,,,
LA,County of Agdenes,Agdenes Kommune,63°32′05″N,09°42′04″E,NO.ST.AG,,,,,
LA,County of Bjugn,Bjugn Kommune,63°48′24″N,09°53′53″E,NO.ST.BJ,,,,,
LA,County of Frøya,Frøya Kommune,63°43′32″N,08°44′39″E,NO.ST.FR,,,,,
LA,County of Hemne,Hemne Kommune,63°16′16″N,09°03′21″E,NO.ST.HE,,,,,
LA,County of Hitra,Hitra Kommune,63°32′50″N,08°51′17″E,NO.ST.HI,,,,,
LA,County of Holtålen,Holtålen Kommune,62°52′07″N,11°16′38″E,NO.ST.HO,,,,,
LA,County of Klæbu,Klæbu Kommune,63°16′34″N,10°30′51″E,NO.ST.KL,,,,,
LA,County of Malvik,Malvik Kommune,63°22′22″N,10°45′03″E,NO.ST.MA,,,,,
LA,County of Meldal,Meldal Kommune,63°03′04″N,09°44′14″E,NO.ST.ME,,,,,
LA,County of Melhus,Melhus Kommune,63°10′35″N,10°18′13″E,NO.ST.MH,,,,,
LA,County of Midtre Gauldal,Midtre Gauldal Kommune,62°55′16″N,10°30′02″E,NO.ST.MG,,,,,
LA,County of Oppdal,Oppdal Kommune,62°34′25″N,09°36′32″E,NO.ST.OP,,,,,
LA,County of Orkdal,Orkdal Kommune,63°17′20″N,09°43′34″E,NO.ST.OR,,,,,
LA,County of Ørland,Ørland Kommune,63°42′32″N,09°36′38″E,NO.ST.OL,,,,,
LA,County of Osen,Osen Kommune,64°16′28″N,10°37′09″E,NO.ST.OS,,,,,
LA,County of Rennebu,Rennebu Kommune,62°49′51″N,09°52′28″E,NO.ST.RE,,,,,
LA,County of Rissa,Rissa Kommune,63°39′20″N,10°02′23″E,NO.ST.RI,,,,,
LA,County of Roan,Roan Kommune,64°09′01″N,10°18′09″E,NO.ST.RO,,,,,
LA,County of Røros,Røros Kommune,62°34′27″N,11°22′59″E,NO.ST.RS,,,,,
LA,County of Selbu,Selbu Kommune,63°11′54″N,11°08′25″E,NO.ST.SE,,,,,
LA,County of Skaun,Skaun Kommune,63°16′53″N,10°03′19″E,NO.ST.SK,,,,,
LA,County of Snillfjord,Snillfjord Kommune,63°25′29″N,09°26′05″E,NO.ST.SN,,,,,
LA,County of Trondheim,Trondheim Kommune,63°25′47″N,10°23′36″E,NO.ST.TR,,,,,
LA,County of Tydal,Tydal Kommune,63°01′06″N,11°48′54″E,NO.ST.TY,,,,,
Province of Telemark ► Telemark Fylke,,,,,,,,,,
LA,County of Bamble,Bamble Kommune,59°01′11″N,09°33′39″E,NO.TM.BA,,,,,
LA,County of Bø,Bø Kommune,59°27′26″N,09°01′53″E,NO.TM.BO,,,,,
LA,County of Drangedal,Drangedal Kommune,59°07′24″N,08°58′55″E,NO.TM.DR,,,,,
LA,County of Fyresdal,Fyresdal Kommune,59°09′57″N,08°01′11″E,NO.TM.FY,,,,,
LA,County of Hjartdal,Hjartdal Kommune,59°39′54″N,08°43′34″E,NO.TM.HJ,,,,,
LA,County of Kragerø,Kragerø Kommune,58°53′13″N,09°20′49″E,NO.TM.KR,,,,,
LA,County of Kviteseid,Kviteseid Kommune,59°20′55″N,08°29′34″E,NO.TM.KV,,,,,
LA,County of Nissedal,Nissedal Kommune,59°04′35″N,08°31′06″E,NO.TM.NI,,,,,
LA,County of Nome,Nome Kommune,59°17′05″N,09°07′26″E,NO.TM.NO,,,,,
LA,County of Notodden,Notodden Kommune,59°37′46″N,09°11′29″E,NO.TM.NT,,,,,
LA,County of Porsgrunn,Porsgrunn Kommune,59°06′56″N,09°42′36″E,NO.TM.PO,,,,,
LA,County of Sauherad,Sauherad Kommune,59°26′00″N,09°15′55″E,NO.TM.SA,,,,,
LA,County of Seljord,Seljord Kommune,59°30′48″N,08°38′56″E,NO.TM.SE,,,,,
LA,County of Siljan,Siljan Kommune,59°17′51″N,09°42′23″E,NO.TM.SI,,,,,
LA,County of Skien,Skien Kommune,59°12′29″N,09°33′10″E,NO.TM.SK,,,,,
LA,County of Tinn,Tinn Kommune,60°00′33″N,08°33′34″E,NO.TM.TI,,,,,
LA,County of Tokke,Tokke Kommune,59°25′02″N,07°58′43″E,NO.TM.TO,,,,,
LA,County of Vinje,Vinje Kommune,59°48′05″N,07°46′45″E,NO.TM.VI,,,,,
Province of Troms ► Troms Fylke,,,,,,,,,,
LA,County of Balsfjord,Balsfjord Kommune,69°18′17″N,19°12′13″E,NO.TR.BA,,,,,
LA,County of Bardu,Bardu Kommune,68°44′38″N,18°31′09″E,NO.TR.BR,,,,,
LA,County of Berg,Berg Kommune,69°28′00″N,17°23′52″E,NO.TR.BE,,,,,
LA,County of Bjarkøy,Bjarkøy Kommune,68°59′55″N,16°29′53″E,NO.TR.BJ,,,,,
LA,County of Dyrøy,Dyrøy Kommune,69°04′01″N,17°44′29″E,NO.TR.DY,,,,,
LA,County of Gratangen,Gratangen Kommune,68°41′24″N,17°32′30″E,NO.TR.GR,,,,,
LA,County of Harstad,Harstad Kommune,68°48′00″N,16°32′45″E,NO.TR.HA,,,,,
LA,County of Ibestad,Ibestad Kommune,68°49′46″N,17°14′45″E,NO.TR.IB,,,,,
LA,County of Kåfjord,Kåfjord Kommune,69°27′14″N,20°45′46″E,NO.TR.KA,,,,,
LA,County of Karlsøy,Karlsøy Kommune,70°07′48″N,19°25′51″E,NO.TR.KF,,,,,
LA,County of Kvæfjord,Kvæfjord Kommune,68°42′07″N,16°08′49″E,NO.TR.KV,,,,,
LA,County of Kvænangen,Kvænangen Kommune,69°53′39″N,21°58′49″E,NO.TR.KN,,,,,
LA,County of Lavangen,Lavangen Kommune,68°39′28″N,17°35′01″E,NO.TR.LA,,,,,
LA,County of Lenvik,Lenvik Kommune,69°23′01″N,17°58′03″E,NO.TR.LE,,,,,
LA,County of Lyngen,Lyngen Kommune,69°41′25″N,20°04′54″E,NO.TR.LY,,,,,
LA,County of Målselv,Målselv Kommune,68°58′30″N,19°03′52″E,NO.TR.MA,,,,,
LA,County of Nordreisa,Nordreisa Kommune,69°42′18″N,21°12′33″E,NO.TR.NO,,,,,
LA,County of Salangen,Salangen Kommune,68°54′02″N,17°53′35″E,NO.TR.SA,,,,,
LA,County of Skånland,Skånland Kommune,68°38′24″N,16°57′26″E,NO.TR.SK,,,,,
LA,County of Skjervøy,Skjervøy Kommune,70°05′07″N,20°39′34″E,NO.TR.SJ,,,,,
LA,County of Sørreisa,Sørreisa Kommune,69°05′31″N,18°11′37″E,NO.TR.SO,,,,,
LA,County of Storfjord,Storfjord Kommune,69°16′43″N,20°17′12″E,NO.TR.ST,,,,,
LA,County of Torsken,Torsken Kommune,69°17′47″N,17°02′11″E,NO.TR.TO,,,,,
LA,County of Tranøy,Tranøy Kommune,69°11′29″N,17°21′44″E,NO.TR.TY,,,,,
LA,County of Tromsø,Tromsø Kommune,69°40′58″N,18°56′34″E,NO.TR.TR,,,,,
Province of Vest-Agder ► Vest-Agder Fylke,,,,,,,,,,
LA,County of Åseral,Åseral Kommune,58°42′07″N,07°23′37″E,NO.VA.AS,,,,,
LA,County of Audnedal,Audnedal Kommune,58°22′48″N,07°22′12″E,NO.VA.AU,,,,,
LA,County of Farsund,Farsund Kommune,58°04′58″N,06°45′10″E,NO.VA.FA,,,,,
LA,County of Flekkefjord,Flekkefjord Kommune,58°19′38″N,06°40′00″E,NO.VA.FL,,,,,
LA,County of Hægebostad,Hægebostad Kommune,58°27′24″N,07°13′11″E,NO.VA.HG,,,,,
LA,County of Kristiansand,Kristiansand Kommune,58°10′12″N,08°00′22″E,NO.VA.KR,,,,,
LA,County of Kvinesdal,Kvinesdal Kommune,58°20′17″N,07°01′23″E,NO.VA.KV,,,,,
LA,County of Lindesnes,Lindesnes Kommune,58°06′15″N,07°17′20″E,NO.VA.LI,,,,,
LA,County of Lyngdal,Lyngdal Kommune,58°10′09″N,07°03′21″E,NO.VA.LY,,,,,
LA,County of Mandal,Mandal Kommune,58°02′45″N,07°29′44″E,NO.VA.MA,,,,,
LA,County of Marnardal,Marnardal Kommune,58°14′34″N,07°29′49″E,NO.VA.MR,,,,,
LA,County of Sirdal,Sirdal Kommune,58°51′43″N,06°48′48″E,NO.VA.SI,,,,,
LA,County of Søgne,Søgne Kommune,58°05′39″N,07°46′21″E,NO.VA.SO,,,,,
LA,County of Songdalen,Songdalen Kommune,58°11′19″N,07°48′06″E,NO.VA.SD,,,,,
LA,County of Vennesla,Vennesla Kommune,58°18′38″N,07°51′25″E,NO.VA.VE,,,,,
Province of Vestfold ► Vestfold Fylke,,,,,,,,,,
LA,County of Andebu,Andebu Kommune,59°17′50″N,10°06′18″E,NO.VF.AN,,,,,
LA,County of Hof,Hof Kommune,59°33′56″N,10°02′10″E,NO.VF.HO,,,,,
LA,County of Holmestrand,Holmestrand Kommune,59°29′43″N,10°14′55″E,NO.VF.HL,,,,,
LA,County of Horten,Horten Kommune,59°25′15″N,10°25′58″E,NO.VF.HR,,,,,
LA,County of Lardal,Lardal Kommune,59°22′56″N,09°54′19″E,NO.VF.LA,,,,,
LA,County of Larvik,Larvik Kommune,59°04′52″N,10°00′59″E,NO.VF.LV,,,,,
LA,County of Nøtterøy,Nøtterøy Kommune,59°12′40″N,10°24′28″E,NO.VF.NO,,,,,
LA,County of Re,Re Kommune,59°25′08″N,10°17′10″E,NO.VF.RE,,,,,
LA,County of Sande,Sande Kommune,59°35′50″N,10°13′25″E,NO.VF.SA,,,,,
LA,County of Sandefjord,Sandefjord Kommune,59°08′45″N,10°13′25″E,NO.VF.SF,,,,,
LA,County of Stokke,Stokke Kommune,59°14′24″N,10°16′15″E,NO.VF.ST,,,,,
LA,County of Svelvik,Svelvik Kommune,59°37′25″N,10°22′18″E,NO.VF.SV,,,,,
LA,County of Tjøme,Tjøme Kommune,59°07′16″N,10°23′57″E,NO.VF.TJ,,,,,
LA,County of Tønsberg,Tønsberg Kommune,59°17′53″N,10°25′25″E,NO.VF.TO,,,,,
Grand Duchy of Luxembourg ► Großherzogtum Luxemburg ► Grand-Duché de Luxembourg ► Groussherzogtum Lëtzebuerg,,,,,,,,,,
District of Diekirch ► Distrikt Diekirch ► District de Diekirch ► Distrikt Dikrech,,,,,,,,,,
LX,Canton of Clervaux,Kanton Clerf / Canton de Clervaux / Kanton Klierf,50°04′00″N,06°02′00″E,LU.DK.CL,,,,,
LX,Canton of Diekirch,Kanton Diekirch / Canton de Diekirch / Kanton Dikrech,49°48′00″N,06°12′00″E,LU.DK.DK,,,,,
LX,Canton of Redange,Kanton Redingen / Canton de Redange / Kanton Réiden,49°48′00″N,05°48′00″E,LU.DK.RE,,,,,
LX,Canton of Vianden,Kanton Vianden / Canton de Vianden / Kanton Veianen,49°56′00″N,06°10′00″E,LU.DK.VN,,,,,
LX,Canton of Wiltz,Kanton Wiltz / Canton de Wiltz / Kanton Wolz,49°57′00″N,05°56′00″E,LU.DK.WZ,,,,,
District of Grevenmacher ► Distrikt Grevenmacher ► District de Grevenmacher ► Distrikt Gréiwemaacher,,,,,,,,,,
LX,Canton of Echternach,Kanton Echternach / Canton d'Echternach / Kanton Iechternach,49°48′00″N,06°24′00″E,LU.GM.EC,,,,,
LX,Canton of Grevenmacher,Kanton Grevenmacher / Canton de Grevenmacher / Kanton Gréiwemaacher,49°36′00″N,06°24′00″E,LU.GM.GM,,,,,
LX,Canton of Remich,Kanton Remich / Canton de Remich / Kanton Réimech,49°30′00″N,06°18′00″E,LU.GM.RE,,,,,
District of Luxembourg ► Distrikt Luxemburg ► District de Luxembourg ► Distrikt Lëtzebuerg,,,,,,,,,,
LX,Canton of Capellen,Kanton Capellen / Canton de Capellen / Kanton Kapellen,49°38′00″N,06°00′00″E,LU.LX.CA,,,,,
LX,Canton of Esch-sur-Alzette,Kanton Esch-sur-Alzette / Canton d'Esch-sur-Alzette / Kanton Esch-Uelzecht,49°30′00″N,06°00′00″E,LU.LX.EA,,,,,
LX,Canton of Luxembourg,Kanton Luxemburg / Canton de Luxembourg / Kanton Lëtzebuerg,49°36′00″N,06°06′00″E,LU.LX.LX,,,,,
LX,Canton of Mersch,Kanton Mersch / Canton de Mersch / Kanton Miersch,49°42′00″N,06°06′00″E,LU.LX.ME,,,,,
Republic of Lithuania ► Lietuvos Respublika,,,,,,,,,,
Province of Alytus ► Alytaus Apskritis,,,,,,,,,,
LY,City of Alytus,Alytaus Miestas,54°24′00″N,24°03′00″E,LT.AL.AM,,,,,
LY,County of Alytus,Alytaus Rajonas,54°23′13″N,24°02′36″E,LT.AL.AR,,,,,
LY,Township of Druskininkai,Druskininkų Savivaldybė,53°58′40″N,23°58′24″E,LT.AL.DR,,,,,
LY,County of Lazdijai,Lazdijų Rajonas,54°14′00″N,23°31′00″E,LT.AL.LA,,,,,
LY,County of Varėna,Varėnos Rajonas,54°12′40″N,24°34′20″E,LT.AL.VA,,,,,
Province of Kaunas ► Kauno Apskritis,,,,,,,,,,
LY,Township of Birštonas,Birštono Savivaldybė,54°35′05″N,24°02′01″E,LT.KA.BI,,,,,
LY,County of Jonava,Jonavos Rajonas,54°47′00″N,24°40′00″E,LT.KA.JO,,,,,
LY,County of Kaišiadorys,Kaišiadorių Rajonas,54°52′00″N,24°27′00″E,LT.KA.KD,,,,,
LY,City of Kaunas,Kauno Miestas,54°54′00″N,23°56′00″E,LT.KA.KM,,,,,
LY,County of Kaunas,Kauno Rajonas,54°49′00″N,23°52′00″E,LT.KA.KR,,,,,
LY,County of Kėdainiai,Kėdainių Rajonas,55°17′00″N,23°58′00″E,LT.KA.KE,,,,,
LY,County of Prienai,Prienų Rajonas,54°38′00″N,23°56′30″E,LT.KA.PR,,,,,
LY,County of Raseiniai,Raseinių Rajonas,55°22′00″N,23°07′00″E,LT.KA.RA,,,,,
Province of Klaipėda ► Klaipėdos Apskritis,,,,,,,,,,
LY,City of Klaipėda,Klaipėdos Miestas,55°42′00″N,21°08′00″E,LT.KL.KM,,,,,
LY,County of Klaipėda,Klaipėdos Rajonas,55°42′46″N,21°24′12″E,LT.KL.KR,,,,,
LY,County of Kretinga,Kretingos Rajonas,55°53′00″N,21°15′00″E,LT.KL.KT,,,,,
LY,City of Neringa,Neringos Miestas,55°33′20″N,21°07′00″E,LT.KL.NE,,,,,
LY,City of Palanga,Palangos Miestas,55°55′00″N,21°04′00″E,LT.KL.PA,,,,,
LY,County of Skuodas,Skuodo Rajonas,56°16′00″N,21°32′00″E,LT.KL.SK,,,,,
LY,County of Šilutė,Šilutės Rajonas,55°21′00″N,21°29′00″E,LT.KL.SL,,,,,
Province of Marijampolė ► Marijampolės Apskritis,,,,,,,,,,
LY,Township of Kalvarija,Kalvarijos Savivaldybė,54°25′00″N,23°13′00″E,LT.MA.KA,,,,,
LY,Township of Kazlų Rūda,Kazlų Rūdos Savivaldybė,54°45′00″N,23°30′00″E,LT.MA.KR,,,,,
LY,Township of Marijampolė,Marijampolės Savivaldybė,54°34′00″N,23°21′00″E,LT.MA.MA,,,,,
LY,County of Šakiai,Šakių Rajonas,54°57′00″N,23°03′00″E,LT.MA.SA,,,,,
LY,County of Vilkaviškis,Vilkaviškio Rajonas,54°39′00″N,23°02′00″E,LT.MA.VI,,,,,
Province of Panevėžys ► Panevėžio Apskritis,,,,,,,,,,
LY,County of Biržai,Biržų Rajonas,56°16′58″N,24°48′45″E,LT.PA.BR,,,,,
LY,County of Kupiškis,Kupiškio Rajonas,55°50′00″N,24°58′00″E,LT.PA.KU,,,,,
LY,City of Panevėžys,Panevėžio Miestas,55°44′00″N,24°21′00″E,LT.PA.PM,,,,,
LY,County of Panevėžys,Panevėžio Rajonas,55°44′15″N,24°22′13″E,LT.PA.PR,,,,,
LY,County of Pasvalys,Pasvalio Rajonas,56°03′34″N,24°24′13″E,LT.PA.PS,,,,,
LY,County of Rokiškis,Rokiškio Rajonas,55°58′00″N,25°35′00″E,LT.PA.RO,,,,,
Province of Šiauliai ► Šiaulių Apskritis,,,,,,,,,,
LY,County of Akmenė,Akmenės Rajonas,56°15′22″N,22°45′14″E,LT.SI.AK,,,,,
LY,County of Joniškis,Joniškio Rajonas,56°14′00″N,23°36′00″E,LT.SI.JO,,,,,
LY,County of Kelmė,Kelmės Rajonas,55°38′00″N,22°56′00″E,LT.SI.KE,,,,,
LY,County of Pakruojis,Pakruojo Rajonas,55°58′00″N,23°52′00″E,LT.SI.PA,,,,,
LY,County of Radviliškis,Radviliškio Rajonas,55°48′00″N,23°33′00″E,LT.SI.RA,,,,,
LY,City of Šiauliai,Šiaulių Miestas,55°55′41″N,23°19′00″E,LT.SI.SM,,,,,
LY,County of Šiauliai,Šiaulių Rajonas,55°59′52″N,22°56′29″E,LT.SI.SR,,,,,
Province of Tauragė ► Tauragės Apskritis,,,,,,,,,,
LY,County of Jurbarkas,Jurbarko Rajonas,55°05′00″N,22°46′00″E,LT.TA.JU,,,,,
LY,Township of Pagėgiai,Pagėgių Savivaldybė,55°08′00″N,21°55′00″E,LT.TA.PA,,,,,
LY,County of Šilalė,Šilalės Rajonas,55°29′00″N,22°11′00″E,LT.TA.SI,,,,,
LY,County of Tauragė,Tauragės Rajonas,55°15′22″N,22°17′34″E,LT.TA.TA,,,,,
Province of Telšiai ► Telšių Apskritis,,,,,,,,,,
LY,County of Mažeikiai,Mažeikių Rajonas,56°19′00″N,22°20′00″E,LT.TE.MA,,,,,
LY,County of Plungė,Plungės Rajonas,55°55′00″N,21°51′00″E,LT.TE.PL,,,,,
LY,Township of Rietavas,Rietavo Savivaldybė,55°43′00″N,21°56′00″E,LT.TE.RI,,,,,
LY,County of Telšiai,Telšių Rajonas,55°59′18″N,22°15′00″E,LT.TE.TE,,,,,
Province of Utena ► Utenos Apskritis,,,,,,,,,,
LY,County of Anykščiai,Anykščių Rajonas,55°32′00″N,25°06′00″E,LT.UT.AN,,,,,
LY,County of Ignalina,Ignalinos Rajonas,55°20′52″N,26°14′27″E,LT.UT.IG,,,,,
LY,County of Molėtai,Molėtų Rajonas,55°14′00″N,25°25′00″E,LT.UT.MO,,,,,
LY,County of Utena,Utenos Rajonas,55°30′01″N,25°36′32″E,LT.UT.UT,,,,,
LY,City of Visaginas,Visagino Miestas,55°34′00″N,26°23′00″E,LT.UT.VI,,,,,
LY,County of Zarasai,Zarasų Rajonas,55°44′00″N,26°15′00″E,LT.UT.ZA,,,,,
Province of Vilnius ► Vilniaus Apskritis,,,,,,,,,,
LY,Township of Elektrėnai,Elektrėnų Savivaldybė,54°47′10″N,24°39′40″E,LT.VI.EL,,,,,
LY,County of Šalčininkai,Šalčininkų Rajonas,54°19′00″N,25°23′00″E,LT.VI.SA,,,,,
LY,County of Širvintos,Širvintų Rajonas,55°02′10″N,24°58′10″E,LT.VI.SI,,,,,
LY,County of Švenčionys,Švenčionių Rajonas,55°08′00″N,26°10′00″E,LT.VI.SV,,,,,
LY,County of Trakai,Trakų Rajonas,54°38′00″N,24°56′00″E,LT.VI.TR,,,,,
LY,County of Ukmergė,Ukmergės Rajonas,55°15′00″N,24°45′00″E,LT.VI.UK,,,,,
LY,City of Vilnius,Vilniaus Miestas,54°41′00″N,25°17′00″E,LT.VI.VM,,,,,
LY,County of Vilnius,Vilniaus Rajonas,54°40′30″N,25°28′32″E,LT.VI.VR,,,,,
Republic of Bulgaria ► Република България,,,,,,,,,,
Province of Blagoevgrad ► Област Благоевград,,,,,,,,,,
LZ1,County of Bansko,Община Банско,41°50′18″N,23°29′20″E,BG.BL.BA,,,,,
LZ1,County of Belitsa,Община Белица,41°57′04″N,23°33′31″E,BG.BL.BE,,,,,
LZ1,County of Blagoevgrad,Община Благоевград,42°01′21″N,23°05′41″E,BG.BL.BL,,,,,
LZ1,County of Garmen,Община Гърмен,41°35′48″N,23°48′27″E,BG.BL.GA,,,,,
LZ1,County of Gotse Delchev,Община Гоце Делчев,41°34′15″N,23°43′22″E,BG.BL.GD,,,,,
LZ1,County of Hadzhidimovo,Община Хаджидимово,41°30′56″N,23°51′09″E,BG.BL.HA,,,,,
LZ1,County of Kresna,Община Кресна,41°43′15″N,23°09′36″E,BG.BL.KR,,,,,
LZ1,County of Petrich,Община Петрич,41°23′53″N,23°12′25″E,BG.BL.PE,,,,,
LZ1,County of Razlog,Община Разлог,41°53′10″N,23°28′00″E,BG.BL.RA,,,,,
LZ1,County of Sandanski,Община Сандански,41°33′40″N,23°16′40″E,BG.BL.SA,,,,,
LZ1,County of Satovcha,Община Сатовча,41°37′09″N,23°58′35″E,BG.BL.SO,,,,,
LZ1,County of Simitli,Община Симитли,41°53′33″N,23°06′41″E,BG.BL.SI,,,,,
LZ1,County of Strumyani,Община Струмяни,41°38′18″N,23°12′09″E,BG.BL.ST,,,,,
LZ1,County of Yakoruda,Община Якоруда,41°01′04″N,23°40′08″E,BG.BL.YA,,,,,
Province of Burgas ► Област Бургас,,,,,,,,,,
LZ1,County of Aitos,Община Айтос,42°42′11″N,27°15′17″E,BG.BU.AI,,,,,
LZ1,County of Burgas (Excluding Saint Anastasia Island),Община Бургас,42°29′52″N,27°13′42″E,BG.BU.BU,,,,,
LZ1,County of Kameno,Община Камено,42°34′23″N,27°17′45″E,BG.BU.KA,,,,,
LZ1,County of Karnobat,Община Карнобат,42°38′49″N,26°59′04″E,BG.BU.KB,,,,,
LZ1,County of Malko Tarnovo,Община Малко Търново,41°58′45″N,27°31′34″E,BG.BU.MT,,,,,
LZ1,County of Nesebar,Община Несебър,42°39′37″N,27°43′04″E,BG.BU.NE,,,,,
LZ1,County of Pomorie,Община Поморие,42°33′22″N,27°38′29″E,BG.BU.PO,,,,,
LZ1,County of Primorsko (Excluding Saint Thomas Island),Община Приморско,42°16′00″N,27°45′19″E,BG.BU.PR,,,,,
LZ1,County of Ruen,Община Руен,42°48′00″N,27°17′00″E,BG.BU.RU,,,,,
LZ1,County of Sozopol (Excluding Saint Ivan Island),Община Созопол,42°25′03″N,27°41′47″E,BG.BU.SO,,,,,
LZ1,County of Sredets,Община Средец,42°20′43″N,27°10′52″E,BG.BU.SR,,,,,
LZ1,County of Sungurlare,Община Сунгурларе,42°45′47″N,26°46′24″E,BG.BU.SU,,,,,
LZ1,County of Tsarevo,Община Царево,42°10′13″N,27°50′59″E,BG.BU.TS,,,,,
Exceptional Territories of the Province of Burgas,,,,,,,,,,
LZ1,Saint Anastasia Island,Остров Света Анастасия,42°28′03″N,27°33′11″E,BG.DX.SA,,,,,
LZ1,Saint Ivan Island (Including Saint Peter Island),Остров Свети Иван,42°26′29″N,27°41′25″E,BG.DX.SI,,,,,
LZ1,Saint Thomas Island (Snake Island),Остров Свети Тома (Змийски Остров),42°20′30″N,27°44′03″E,BG.DX.ST,,,,,
Province of Haskovo ► Област Хасково,,,,,,,,,,
LZ1,County of Dimitrovgrad,Община Димитровград,42°03′37″N,25°35′36″E,BG.HA.DI,,,,,
LZ1,County of Harmanli,Община Харманли,41°55′49″N,25°54′07″E,BG.HA.HR,,,,,
LZ1,County of Haskovo,Община Хасково,41°55′53″N,25°33′26″E,BG.HA.HA,,,,,
LZ1,County of Ivaylovgrad,Община Ивайловград,41°31′39″N,26°07′30″E,BG.HA.IV,,,,,
LZ1,County of Lyubimets,Община Любимец,41°50′35″N,26°04′50″E,BG.HA.LU,,,,,
LZ1,County of Madzharovo,Община Маджарово,41°38′04″N,25°51′32″E,BG.HA.MA,,,,,
LZ1,County of Mineralni Bani,Община Минерални Бани,41°56′08″N,25°21′07″E,BG.HA.MB,,,,,
LZ1,County of Simeonovgrad,Община Симеоновград,42°02′04″N,25°49′53″E,BG.HA.SI,,,,,
LZ1,County of Stambolovo,Община Стамболово,41°46′34″N,25°38′34″E,BG.HA.ST,,,,,
LZ1,County of Svilengrad,Община Свиленград,41°45′55″N,26°12′12″E,BG.HA.SV,,,,,
LZ1,County of Topolovgrad,Община Тополовград,42°05′04″N,26°20′13″E,BG.HA.TO,,,,,
Province of Kardzhali ► Област Кърджали,,,,,,,,,,
LZ1,County of Ardino,Община Ардино,41°35′01″N,25°08′01″E,BG.KA.AR,,,,,
LZ1,County of Chernoochene,Община Черноочене,41°45′20″N,25°20′51″E,BG.KA.CH,,,,,
LZ1,County of Dzhebel,Община Джебел,41°29′49″N,25°18′16″E,BG.KA.DZ,,,,,
LZ1,County of Kardzhali,Община Кърджали,41°38′34″N,25°22′07″E,BG.KA.KA,,,,,
LZ1,County of Kirkovo,Община Кирково,41°19′51″N,25°21′54″E,BG.KA.KI,,,,,
LZ1,County of Krumovgrad,Община Крумовград,41°28′22″N,25°39′15″E,BG.KA.KR,,,,,
LZ1,County of Momchilgrad,Община Момчилград,41°31′34″N,25°24′44″E,BG.KA.MO,,,,,
Province of Kyustendil ► Област Кюстендил,,,,,,,,,,
LZ1,County of Boboshevo,Община Бобошево,42°09′01″N,23°00′03″E,BG.KU.BO,,,,,
LZ1,County of Bobov Dol,Община Бобов Дол,42°21′52″N,22°59′53″E,BG.KU.BD,,,,,
LZ1,County of Dupnitsa,Община Дупница,42°15′45″N,23°06′32″E,BG.KU.DU,,,,,
LZ1,County of Kocherinovo,Община Кочериново,42°05′10″N,23°03′29″E,BG.KU.KO,,,,,
LZ1,County of Kyustendil,Община Кюстендил,42°16′52″N,22°41′18″E,BG.KU.KU,,,,,
LZ1,County of Nevestino,Община Невестино,42°15′20″N,22°51′15″E,BG.KU.NE,,,,,
LZ1,County of Rila,Община Рила,42°07′38″N,23°08′01″E,BG.KU.RI,,,,,
LZ1,County of Sapareva Banya,Община Сапарева Баня,42°17′21″N,23°15′51″E,BG.KU.SB,,,,,
LZ1,County of Treklyano,Община Трекляно,42°33′02″N,22°35′55″E,BG.KU.TR,,,,,
Province of Pazardzhik ► Област Пазарджик,,,,,,,,,,
LZ1,County of Batak,Община Батак,41°56′31″N,24°13′01″E,BG.PA.BA,,,,,
LZ1,County of Belovo,Община Белово,42°12′50″N,24°01′03″E,BG.PA.BE,,,,,
LZ1,County of Bratsigovo,Община Брацигово,42°01′31″N,24°22′15″E,BG.PA.BR,,,,,
LZ1,County of Lesichevo,Община Лесичово,42°21′19″N,24°06′42″E,BG.PA.LE,,,,,
LZ1,County of Panagyurishte,Община Панагюрище,42°30′18″N,24°11′19″E,BG.PA.PG,,,,,
LZ1,County of Pazardzhik,Община Пазарджик,42°11′29″N,24°19′56″E,BG.PA.PA,,,,,
LZ1,County of Peshtera,Община Пещера,42°01′54″N,24°18′07″E,BG.PA.PE,,,,,
LZ1,County of Rakitovo,Община Ракитово,41°59′25″N,24°05′15″E,BG.PA.RA,,,,,
LZ1,County of Sarnitsa,Община Сърница,41°44′17″N,24°01′30″E,BG.PA.SA,,,,,
LZ1,County of Septemvri,Община Септември,42°12′25″N,24°07′58″E,BG.PA.SE,,,,,
LZ1,County of Strelcha,Община Стрелча,42°30′23″N,24°19′16″E,BG.PA.ST,,,,,
LZ1,County of Velingrad,Община Велинград,42°11′38″N,23°59′48″E,BG.PA.VE,,,,,
Province of Pernik ► Област Перник,,,,,,,,,,
LZ1,County of Breznik,Община Брезник,42°44′24″N,22°54′14″E,BG.PE.BR,,,,,
LZ1,County of Kovachevtsi,Община Ковачевци,42°33′19″N,22°49′03″E,BG.PE.KO,,,,,
LZ1,County of Pernik,Община Перник,42°36′37″N,23°01′56″E,BG.PE.PE,,,,,
LZ1,County of Radomir,Община Радомир,42°32′45″N,22°57′45″E,BG.PE.RA,,,,,
LZ1,County of Tran,Община Трън,42°50′06″N,22°39′02″E,BG.PE.TR,,,,,
LZ1,County of Zemen,Община Земен,42°28′41″N,22°44′50″E,BG.PE.ZE,,,,,
Province of Plovdiv ► Област Пловдив,,,,,,,,,,
LZ1,County of Asenovgrad,Община Асеновград,42°00′24″N,24°52′34″E,BG.PL.AS,,,,,
LZ1,County of Brezovo,Община Брезово,42°20′56″N,25°04′37″E,BG.PL.BR,,,,,
LZ1,County of Hisarya,Община Хисаря,42°30′24″N,24°42′37″E,BG.PL.HI,,,,,
LZ1,County of Kaloyanovo,Община Калояново,42°21′32″N,24°43′56″E,BG.PL.KA,,,,,
LZ1,County of Karlovo,Община Карлово,42°38′36″N,24°48′26″E,BG.PL.KL,,,,,
LZ1,County of Krichim,Община Кричим,42°05′03″N,24°27′59″E,BG.PL.KR,,,,,
LZ1,County of Kuklen,Община Куклен,42°02′03″N,24°47′15″E,BG.PL.KU,,,,,
LZ1,County of Laki,Община Лъки,41°50′00″N,24°49′52″E,BG.PL.LA,,,,,
LZ1,County of Maritsa,Община Марица,42°13′05″N,24°46′59″E,BG.PL.MA,,,,,
LZ1,County of Parvomay,Община Първомай,42°05′57″N,25°13′30″E,BG.PL.PM,,,,,
LZ1,County of Perushtitsa,Община Перущица,42°03′28″N,24°32′49″E,BG.PL.PE,,,,,
LZ1,County of Plovdiv,Община Пловдив,42°08′38″N,24°44′58″E,BG.PL.PL,,,,,
LZ1,County of Rakovski,Община Раковски,42°17′21″N,24°57′58″E,BG.PL.RA,,,,,
LZ1,County of Rodopi,Община Родопи,41°58′50″N,24°39′00″E,BG.PL.RO,,,,,
LZ1,County of Sadovo,Община Садово,42°08′00″N,24°56′23″E,BG.PL.SA,,,,,
LZ1,County of Saedinenie,Община Съединение,42°16′29″N,24°32′32″E,BG.PL.SD,,,,,
LZ1,County of Sopot,Община Сопот,42°39′12″N,24°45′25″E,BG.PL.SO,,,,,
LZ1,County of Stamboliyski,Община Стамболийски,42°08′14″N,24°32′08″E,BG.PL.ST,,,,,
Province of Sliven ► Област Сливен,,,,,,,,,,
LZ1,County of Kotel,Община Котел,42°53′21″N,26°26′50″E,BG.SL.KO,,,,,
LZ1,County of Nova Zagora,Община Нова Загора,42°29′36″N,26°00′46″E,BG.SL.NZ,,,,,
LZ1,County of Sliven,Община Сливен,42°40′54″N,26°18′56″E,BG.SL.SL,,,,,
LZ1,County of Tvarditsa,Община Твърдица,42°42′05″N,25°53′53″E,BG.SL.TV,,,,,
Province of Smolyan ► Област Смолян,,,,,,,,,,
LZ1,County of Banite,Община Баните,41°36′54″N,25°00′21″E,BG.SM.BA,,,,,
LZ1,County of Borino,Община Борино,41°41′01″N,24°17′33″E,BG.SM.BO,,,,,
LZ1,County of Chepelare,Община Чепеларе,41°43′31″N,24°41′06″E,BG.SM.CH,,,,,
LZ1,County of Devin,Община Девин,41°44′38″N,24°23′53″E,BG.SM.DE,,,,,
LZ1,County of Dospat,Община Доспат,41°38′38″N,24°09′33″E,BG.SM.DO,,,,,
LZ1,County of Madan,Община Мадан,41°30′10″N,24°56′18″E,BG.SM.MA,,,,,
LZ1,County of Nedelino,Община Неделино,41°27′19″N,25°04′51″E,BG.SM.NE,,,,,
LZ1,County of Rudozem,Община Рудозем,41°29′14″N,24°50′56″E,BG.SM.RU,,,,,
LZ1,County of Smolyan,Община Смолян,41°34′29″N,24°42′39″E,BG.SM.SM,,,,,
LZ1,County of Zlatograd,Община Златоград,41°22′49″N,25°05′36″E,BG.SM.ZL,,,,,
City of Sofia ► Град София,,,,,,,,,,
LZ1,Borough of Bankya,Административен Район Банкя,42°42′22″N,23°08′53″E,BG.SG.BA,,,,,
LZ1,Borough of Ilinden,Административен Район Илинден,42°42′43″N,23°17′24″E,BG.SG.IL,,,,,
LZ1,Borough of Iskar,Административен Район Искър,42°40′04″N,23°23′33″E,BG.SG.IS,,,,,
LZ1,Borough of Izgrev,Административен Район Изгрев,42°40′07″N,23°21′08″E,BG.SG.IZ,,,,,
LZ1,Borough of Krasna Polyana,Административен Район Красна Поляна,42°41′45″N,23°17′14″E,BG.SG.KP,,,,,
LZ1,Borough of Krasno Selo,Административен Район Красно Село,42°41′07″N,23°17′49″E,BG.SG.KS,,,,,
LZ1,Borough of Kremikovtsi,Административен Район Кремиковци,42°42′45″N,23°24′45″E,BG.SG.KR,,,,,
LZ1,Borough of Lozenets,Административен Район Лозенец,42°40′18″N,23°19′15″E,BG.SG.LO,,,,,
LZ1,Borough of Lyulin,Административен Район Люлин,42°43′11″N,23°15′18″E,BG.SG.LU,,,,,
LZ1,Borough of Mladost,Административен Район Младост,42°38′53″N,23°22′37″E,BG.SG.ML,,,,,
LZ1,Borough of Nadezhda,Административен Район Надежда,42°43′36″N,23°18′09″E,BG.SG.NA,,,,,
LZ1,Borough of Novi Iskar,Административен Район Нови Искър,42°49′17″N,23°21′14″E,BG.SG.NI,,,,,
LZ1,Borough of Oborishte,Административен Район Оборище,42°41′47″N,23°20′06″E,BG.SG.OB,,,,,
LZ1,Borough of Ovcha Kupel,Административен Район Овча Купел,42°41′47″N,23°20′06″E,BG.SG.OK,,,,,
LZ1,Borough of Pancharevo,Административен Район Панчарево,42°35′35″N,23°24′37″E,BG.SG.PA,,,,,
LZ1,Borough of Poduyane,Административен Район Подуяне,42°42′19″N,23°21′31″E,BG.SG.PO,,,,,
LZ1,Borough of Serdika,Административен Район Сердика,42°43′22″N,23°20′34″E,BG.SG.SE,,,,,
LZ1,Borough of Slatina,Административен Район Слатина,42°40′50″N,23°22′19″E,BG.SG.SL,,,,,
LZ1,Borough of Sredets,Административен Район Средец,42°41′35″N,23°19′39″E,BG.SG.SR,,,,,
LZ1,Borough of Studentski Grad ,Административен Район Студентски Град,42°39′07″N,23°20′50″E,BG.SG.SG,,,,,
LZ1,Borough of Triaditsa,Административен Район Триадица,42°40′29″N,23°18′32″E,BG.SG.TR,,,,,
LZ1,Borough of Vazrazhdane,Административен Район Възраждане,42°41′55″N,23°18′35″E,BG.SG.VA,,,,,
LZ1,Borough of Vitosha,Административен Район Витоша,42°38′50″N,23°16′15″E,BG.SG.VI,,,,,
LZ1,Borough of Vrabnitsa,Административен Район Връбница,42°44′33″N,23°15′57″E,BG.SG.VR,,,,,
Province of Sofia ► Софийска Област,,,,,,,,,,
LZ1,County of Anton,Община Антон,42°44′06″N,24°15′34″E,BG.SO.AN,,,,,
LZ1,County of Botevgrad,Община Ботевград,42°54′28″N,23°47′36″E,BG.SO.BG,,,,,
LZ1,County of Bozhurishte,Община Божурище,42°45′44″N,23°11′51″E,BG.SO.BO,,,,,
LZ1,County of Chavdar,Община Чавдар,42°39′36″N,24°03′21″E,BG.SO.CD,,,,,
LZ1,County of Chelopech,Община Челопеч,42°41′59″N,24°05′04″E,BG.SO.CP,,,,,
LZ1,County of Dolna Banya,Община Долна Баня,42°18′41″N,23°45′56″E,BG.SO.DB,,,,,
LZ1,County of Dragoman,Община Драгоман,42°55′19″N,22°55′48″E,BG.SO.DR,,,,,
LZ1,County of Elin Pelin,Община Елин Пелин,42°39′53″N,23°35′56″E,BG.SO.EP,,,,,
LZ1,County of Etropole,Община Етрополе,42°50′05″N,24°00′04″E,BG.SO.ET,,,,,
LZ1,County of Godech,Община Годеч,43°00′36″N,23°02′49″E,BG.SO.GO,,,,,
LZ1,County of Gorna Malina,Община Горна Малина,42°41′38″N,23°42′22″E,BG.SO.GM,,,,,
LZ1,County of Ihtiman,Община Ихтиман,42°26′17″N,23°48′58″E,BG.SO.IH,,,,,
LZ1,County of Koprivshtitsa,Община Копривщица,42°38′14″N,24°21′35″E,BG.SO.KO,,,,,
LZ1,County of Kostenets,Община Костенец,42°18′29″N,23°51′28″E,BG.SO.KS,,,,,
LZ1,County of Kostinbrod,Община Костинброд,42°49′06″N,23°13′30″E,BG.SO.KB,,,,,
LZ1,County of Mirkovo,Община Мирково,42°41′32″N,23°59′25″E,BG.SO.MI,,,,,
LZ1,County of Pirdop,Община Пирдоп,42°42′00″N,24°10′54″E,BG.SO.PI,,,,,
LZ1,County of Pravets,Община Правец,42°53′42″N,23°54′59″E,BG.SO.PR,,,,,
LZ1,County of Samokov,Община Самоков,42°20′14″N,23°33′28″E,BG.SO.SA,,,,,
LZ1,County of Slivnitsa,Община Сливница,42°51′09″N,23°02′16″E,BG.SO.SL,,,,,
LZ1,County of Svoge,Община Своге,42°57′48″N,23°20′33″E,BG.SO.SV,,,,,
LZ1,County of Zlatitsa,Община Златица,42°42′49″N,24°08′20″E,BG.SO.ZL,,,,,
Province of Stara Zagora ► Област Стара Загора,,,,,,,,,,
LZ1,County of Bratya Daskalovi,Община Братя Даскалови,42°17′49″N,25°12′34″E,BG.SZ.BD,,,,,
LZ1,County of Chirpan,Община Чирпан,42°11′58″N,25°19′30″E,BG.SZ.CH,,,,,
LZ1,County of Galabovo,Община Гълъбово,42°08′17″N,25°52′03″E,BG.SZ.GA,,,,,
LZ1,County of Gurkovo,Община Гурково,42°39′26″N,25°47′45″E,BG.SZ.GU,,,,,
LZ1,County of Kazanlak,Община Казанлък,42°37′07″N,25°23′40″E,BG.SZ.KA,,,,,
LZ1,County of Maglizh,Община Мъглиж,42°36′31″N,25°32′42″E,BG.SZ.MA,,,,,
LZ1,County of Nikolaevo,Община Николаево,42°37′48″N,25°47′30″E,BG.SZ.NI,,,,,
LZ1,County of Opan,Община Опан,42°12′39″N,25°41′18″E,BG.SZ.OP,,,,,
LZ1,County of Pavel Banya,Община Павел Баня,42°35′43″N,25°12′34″E,BG.SZ.PB,,,,,
LZ1,County of Radnevo,Община Раднево,42°17′23″N,25°56′04″E,BG.SZ.RA,,,,,
LZ1,County of Stara Zagora,Община Стара Загора,42°25′26″N,25°37′30″E,BG.SZ.SZ,,,,,
Province of Yambol ► Област Ямбол,,,,,,,,,,
LZ1,County of Bolyarovo,Община Болярово,42°08′58″N,26°48′46″E,BG.YA.BO,,,,,
LZ1,County of Elhovo,Община Елхово,42°10′30″N,26°34′25″E,BG.YA.EL,,,,,
LZ1,County of Straldzha,Община Стралджа,42°35′50″N,26°41′30″E,BG.YA.ST,,,,,
LZ1,County of Tundzha,Община Тунджа,42°19′00″N,26°29′00″E,BG.YA.TU,,,,,
LZ1,County of Yambol,Община Ямбол,42°29′02″N,26°30′39″E,BG.YA.YA,,,,,
Province of Dobrich ► Област Добрич,,,,,,,,,,
LZ2,County of Balchik,Община Балчик,43°25′33″N,28°09′46″E,BG.DO.BA,,,,,
LZ2,County of Dobrich,Община Добрич,43°34′08″N,27°49′38″E,BG.DO.DO,,,,,
LZ2,County of Dobrichka,Община Добричка,43°40′39″N,27°44′57″E,BG.DO.DB,,,,,
LZ2,County of General Toshevo,Община Генерал Тошево,43°42′06″N,28°02′22″E,BG.DO.GT,,,,,
LZ2,County of Kavarna,Община Каварна,43°26′04″N,28°20′20″E,BG.DO.KA,,,,,
LZ2,County of Krushari,Община Крушари,43°48′53″N,27°45′14″E,BG.DO.KR,,,,,
LZ2,County of Shabla,Община Шабла,43°32′10″N,28°31′56″E,BG.DO.SH,,,,,
LZ2,County of Tervel,Община Тервел,43°44′52″N,27°24′32″E,BG.DO.TE,,,,,
Province of Gabrovo ► Област Габрово,,,,,,,,,,
LZ2,County of Dryanovo,Община Дряново,42°58′29″N,25°28′25″E,BG.GA.DR,,,,,
LZ2,County of Gabrovo,Община Габрово,42°52′27″N,25°19′08″E,BG.GA.GA,,,,,
LZ2,County of Sevlievo,Община Севлиево,43°01′35″N,25°06′13″E,BG.GA.SE,,,,,
LZ2,County of Tryavna,Община Трявна,42°52′02″N,25°29′34″E,BG.GA.TR,,,,,
Province of Lovech ► Област Ловеч,,,,,,,,,,
LZ2,County of Apriltsi,Община Априлци,42°50′26″N,24°55′08″E,BG.LO.AP,,,,,
LZ2,County of Letnitsa,Община Летница,43°18′26″N,25°03′30″E,BG.LO.LE,,,,,
LZ2,County of Lovech,Община Ловеч,43°08′05″N,24°43′02″E,BG.LO.LO,,,,,
LZ2,County of Lukovit,Община Луковит,43°12′21″N,24°09′48″E,BG.LO.LU,,,,,
LZ2,County of Teteven,Община Тетевен,42°55′11″N,24°15′22″E,BG.LO.TE,,,,,
LZ2,County of Troyan,Община Троян,42°53′04″N,24°42′39″E,BG.LO.TR,,,,,
LZ2,County of Ugarchin,Община Угърчин,43°05′32″N,24°25′05″E,BG.LO.UG,,,,,
LZ2,County of Yablanitsa,Община Ябланица,43°01′30″N,24°06′00″E,BG.LO.YA,,,,,
Province of Montana ► Област Монтана,,,,,,,,,,
LZ2,County of Berkovitsa,Община Берковица,43°14′15″N,23°07′27″E,BG.MO.BE,,,,,
LZ2,County of Boychinovtsi,Община Бойчиновци,43°28′32″N,23°20′18″E,BG.MO.BO,,,,,
LZ2,County of Brusartsi,Община Брусарци,43°39′47″N,23°03′59″E,BG.MO.BR,,,,,
LZ2,County of Chiprovtsi,Община Чипровци,43°23′04″N,22°52′51″E,BG.MO.CH,,,,,
LZ2,County of Georgi Damyanovo,Община Георги Дамяново,43°23′09″N,23°01′49″E,BG.MO.GD,,,,,
LZ2,County of Lom,Община Лом,43°49′32″N,23°14′15″E,BG.MO.LO,,,,,
LZ2,County of Medkovets,Община Медковец,43°37′30″N,23°10′13″E,BG.MO.ME,,,,,
LZ2,County of Montana,Община Монтана,43°24′31″N,23°13′33″E,BG.MO.MO,,,,,
LZ2,County of Valchedram,Община Вълчедръм,43°41′44″N,23°26′42″E,BG.MO.VA,,,,,
LZ2,County of Varshets,Община Вършец,43°11′40″N,23°17′10″E,BG.MO.VR,,,,,
LZ2,County of Yakimovo,Община Якимово,43°38′25″N,23°20′10″E,BG.MO.YA,,,,,
Province of Pleven ► Област Плевен,,,,,,,,,,
LZ2,County of Belene,Община Белене,43°38′53″N,25°07′41″E,BG.PV.BE,,,,,
LZ2,County of Cherven Bryag,Община Червен Бряг,43°16′54″N,24°05′01″E,BG.PV.CB,,,,,
LZ2,County of Dolna Mitropoliya,Община Долна Митрополия,43°28′05″N,24°31′11″E,BG.PV.DM,,,,,
LZ2,County of Dolni Dabnik,Община Долни Дъбник,43°24′32″N,24°26′33″E,BG.PV.DD,,,,,
LZ2,County of Gulyantsi,Община Гулянци,43°38′21″N,24°41′44″E,BG.PV.GU,,,,,
LZ2,County of Iskar,Община Искър,43°40′15″N,24°26′56″E,BG.PV.IS,,,,,
LZ2,County of Knezha,Община Кнежа,43°29′53″N,24°04′52″E,BG.PV.KN,,,,,
LZ2,County of Levski,Община Левски,43°21′33″N,25°08′31″E,BG.PV.LE,,,,,
LZ2,County of Nikopol,Община Никопол,43°42′24″N,24°53′54″E,BG.PV.NI,,,,,
LZ2,County of Pleven,Община Плевен,43°24′30″N,24°37′13″E,BG.PV.PV,,,,,
LZ2,County of Pordim,Община Пордим,43°22′37″N,24°50′52″E,BG.PV.PO,,,,,
Province of Razgrad ► Област Разград,,,,,,,,,,
LZ2,County of Isperih,Община Исперих,43°42′49″N,26°49′56″E,BG.RA.IS,,,,,
LZ2,County of Kubrat,Община Кубрат,43°47′49″N,23°30′01″E,BG.RA.KU,,,,,
LZ2,County of Loznitsa,Община Лозница,43°22′17″N,26°35′56″E,BG.RA.LO,,,,,
LZ2,County of Razgrad,Община Разград,43°31′30″N,26°31′23″E,BG.RA.RA,,,,,
LZ2,County of Samuil,Община Самуил,43°30′43″N,26°44′37″E,BG.RA.SA,,,,,
LZ2,County of Tsar Kaloyan,Община Цар Калоян,43°36′31″N,26°14′14″E,BG.RA.TK,,,,,
LZ2,County of Zavet,Община Завет,43°45′31″N,26°40′42″E,BG.RA.ZA,,,,,
Province of Ruse ► Област Русе,,,,,,,,,,
LZ2,County of Borovo,Община Борово,43°29′16″N,25°48′36″E,BG.RU.BO,,,,,
LZ2,County of Byala,Община Бяла,43°27′36″N,25°44′18″E,BG.RU.BA,,,,,
LZ2,County of Dve Mogili,Община Две Могили,43°35′37″N,25°52′32″E,BG.RU.DM,,,,,
LZ2,County of Ivanovo,Община Иваново,43°41′05″N,25°57′21″E,BG.RU.IV,,,,,
LZ2,County of Ruse,Община Русе,43°50′58″N,25°57′15″E,BG.RU.RU,,,,,
LZ2,County of Slivo Pole,Община Сливо Поле,43°56′30″N,26°12′17″E,BG.RU.SP,,,,,
LZ2,County of Tsenovo,Община Ценово,43°32′16″N,25°39′18″E,BG.RU.TS,,,,,
LZ2,County of Vetovo,Община Ветово,43°42′12″N,26°15′50″E,BG.RU.VE,,,,,
Province of Shumen ► Област Шумен,,,,,,,,,,
LZ2,County of Hitrino,Община Хитрино,43°25′30″N,26°54′51″E,BG.SU.HI,,,,,
LZ2,County of Kaolinovo,Община Каолиново,43°37′01″N,27°05′27″E,BG.SU.KL,,,,,
LZ2,County of Kaspichan,Община Каспичан,43°18′41″N,27°09′25″E,BG.SU.KA,,,,,
LZ2,County of Nikola Kozlevo,Община Никола Козлево,43°34′25″N,27°13′48″E,BG.SU.NK,,,,,
LZ2,County of Novi Pazar,Община Нови Пазар,43°20′42″N,27°11′33″E,BG.SU.NP,,,,,
LZ2,County of Shumen,Община Шумен,43°16′14″N,26°55′24″E,BG.SU.SU,,,,,
LZ2,County of Smyadovo,Община Смядово,43°03′52″N,27°00′49″E,BG.SU.SM,,,,,
LZ2,County of Varbitsa,Община Върбица,42°59′38″N,26°40′18″E,BG.SU.VA,,,,,
LZ2,County of Veliki Preslav,Община Велики Преслав,43°09′44″N,26°48′24″E,BG.SU.VP,,,,,
LZ2,County of Venets,Община Венец,43°32′33″N,26°55′23″E,BG.SU.VE,,,,,
Province of Silistra ► Област Силистра,,,,,,,,,,
LZ2,County of Alfatar,Община Алфатар,43°56′47″N,27°10′07″E,BG.SI.AL,,,,,
LZ2,County of Dulovo,Община Дулово,43°49′22″N,27°08′23″E,BG.SI.DU,,,,,
LZ2,County of Glavinitsa,Община Главиница,43°54′43″N,26°50′11″E,BG.SI.GL,,,,,
LZ2,County of Kaynardzha,Община Кайнарджа,43°59′34″N,27°30′23″E,BG.SI.KA,,,,,
LZ2,County of Silistra,Община Силистра,44°07′02″N,27°15′39″E,BG.SI.SI,,,,,
LZ2,County of Sitovo,Община Ситово,44°01′28″N,27°01′18″E,BG.SI.ST,,,,,
LZ2,County of Tutrakan,Община Тутракан,44°02′42″N,26°36′52″E,BG.SI.TU,,,,,
Province of Targovishte ► Област Търговище,,,,,,,,,,
LZ2,County of Antonovo,Община Антоново,43°09′04″N,26°09′49″E,BG.TA.AN,,,,,
LZ2,County of Omurtag,Община Омуртаг,43°06′32″N,26°54′09″E,BG.TA.OM,,,,,
LZ2,County of Opaka,Община Опака,43°26′35″N,26°09′53″E,BG.TA.OP,,,,,
LZ2,County of Popovo,Община Попово,43°20′54″N,26°13′38″E,BG.TA.PO,,,,,
LZ2,County of Targovishte,Община Търговище,43°14′50″N,26°34′22″E,BG.TA.TA,,,,,
Province of Varna ► Област Варна,,,,,,,,,,
LZ2,County of Aksakovo,Община Аксаково,43°15′33″N,27°49′03″E,BG.VA.AK,,,,,
LZ2,County of Avren,Община Аврен,43°07′02″N,27°40′01″E,BG.VA.AV,,,,,
LZ2,County of Beloslav,Община Белослав,43°11′15″N,27°42′14″E,BG.VA.BE,,,,,
LZ2,County of Byala,Община Бяла,42°52′34″N,27°53′07″E,BG.VA.BA,,,,,
LZ2,County of Dalgopol,Община Дългопол,43°02′59″N,27°20′39″E,BG.VA.DA,,,,,
LZ2,County of Devnya,Община Девня,43°13′09″N,27°33′22″E,BG.VA.DE,,,,,
LZ2,County of Dolni Chiflik,Община Долни Чифлик,42°59′35″N,27°43′08″E,BG.VA.DC,,,,,
LZ2,County of Provadiya,Община Провадия,43°10′55″N,27°26′41″E,BG.VA.PR,,,,,
LZ2,County of Suvorovo,Община Суворово,43°19′44″N,27°35′29″E,BG.VA.SU,,,,,
LZ2,County of Valchi Dol,Община Вълчи Дол,43°24′10″N,27°33′17″E,BG.VA.VD,,,,,
LZ2,County of Varna,Община Варна,43°13′00″N,27°54′42″E,BG.VA.VA,,,,,
LZ2,County of Vetrino,Община Ветрино,43°18′55″N,27°26′08″E,BG.VA.VE,,,,,
Province of Vidin ► Област Видин,,,,,,,,,,
LZ2,County of Belogradchik,Община Белоградчик,43°37′31″N,22°41′11″E,BG.VI.BE,,,,,
LZ2,County of Boynitsa,Община Бойница,43°57′27″N,22°31′56″E,BG.VI.BO,,,,,
LZ2,County of Bregovo,Община Брегово,44°09′04″N,22°38′20″E,BG.VI.BR,,,,,
LZ2,County of Chuprene,Община Чупрене,43°31′03″N,22°39′51″E,BG.VI.CU,,,,,
LZ2,County of Dimovo,Община Димово,43°44′29″N,22°43′38″E,BG.VI.DI,,,,,
LZ2,County of Gramada,Община Грамада,43°50′00″N,22°39′29″E,BG.VI.GR,,,,,
LZ2,County of Kula,Община Кула,43°53′25″N,22°31′24″E,BG.VI.KU,,,,,
LZ2,County of Makresh,Община Макреш,43°46′07″N,22°39′36″E,BG.VI.MA,,,,,
LZ2,County of Novo Selo,Община Ново Село,44°09′43″N,22°47′03″E,BG.VI.NS,,,,,
LZ2,County of Ruzhintsi,Община Ружинци,43°37′22″N,22°49′52″E,BG.VI.RU,,,,,
LZ2,County of Vidin,Община Видин,43°59′36″N,22°52′33″E,BG.VI.VI,,,,,
Province of Vratsa ► Област Враца,,,,,,,,,,
LZ2,County of Borovan,Община Борован,43°25′38″N,23°45′17″E,BG.VR.BO,,,,,
LZ2,County of Byala Slatina,Община Бяла Слатина,43°28′08″N,23°56′45″E,BG.VR.BS,,,,,
LZ2,County of Hairedin,Община Хайредин,43°36′02″N,23°39′41″E,BG.VR.HA,,,,,
LZ2,County of Kozloduy,Община Козлодуй,43°46′43″N,23°43′18″E,BG.VR.KO,,,,,
LZ2,County of Krivodol,Община Криводол,43°22′21″N,23°28′54″E,BG.VR.KR,,,,,
LZ2,County of Mezdra,Община Мездра,43°08′43″N,23°42′33″E,BG.VR.ME,,,,,
LZ2,County of Miziya,Община Мизия,43°41′30″N,23°51′17″E,BG.VR.MI,,,,,
LZ2,County of Oryahovo,Община Оряхово,43°44′06″N,23°57′41″E,BG.VR.OR,,,,,
LZ2,County of Roman,Община Роман,43°08′48″N,23°55′41″E,BG.VR.RO,,,,,
LZ2,County of Vratsa,Община Враца,43°12′14″N,23°32′56″E,BG.VR.VR,,,,,
Province of Veliko Tarnovo ► Област Велико Търново,,,,,,,,,,
LZ2,County of Elena,Община Елена,42°55′47″N,25°52′39″E,BG.VT.EL,,,,,
LZ2,County of Gorna Oryahovitsa,Община Горна Оряховица,43°07′19″N,25°41′22″E,BG.VT.GO,,,,,
LZ2,County of Lyaskovets,Община Лясковец,43°06′19″N,25°42′58″E,BG.VT.LA,,,,,
LZ2,County of Pavlikeni,Община Павликени,43°14′17″N,25°18′26″E,BG.VT.PA,,,,,
LZ2,County of Polski Trambesh,Община Полски Тръмбеш,43°22′11″N,25°38′11″E,BG.VT.PT,,,,,
LZ2,County of Strazhitsa,Община Стражица,43°13′37″N,25°57′41″E,BG.VT.ST,,,,,
LZ2,County of Suhindol,Община Сухиндол,43°11′15″N,25°10′22″E,BG.VT.SU,,,,,
LZ2,County of Svishtov,Община Свищов,43°37′12″N,25°20′46″E,BG.VT.SV,,,,,
LZ2,County of Veliko Tarnovo,Община Велико Търново,43°04′43″N,25°37′38″E,BG.VT.VT,,,,,
LZ2,County of Zlataritsa,Община Златарица,43°02′48″N,25°53′26″E,BG.VT.ZL,,,,,
Republic of Austria ► Republik Österreich,,,,,,,,,,
State of Vienna ► Bundesland Wien,,,,,,,,,,
OE1,Borough of Alsergrund,Gemeindebezirk Alsergrund,48°13′31″N,16°21′25″E,AT.WI.AL,,,,,
OE1,Borough of Brigittenau,Gemeindebezirk Brigittenau,48°14′12″N,16°22′10″E,AT.WI.BR,,,,,
OE1,Borough of Döbling,Gemeindebezirk Döbling,48°15′59″N,16°19′22″E,AT.WI.DO,,,,,
OE1,Borough of Donaustadt,Gemeindebezirk Donaustadt,48°13′05″N,16°28′59″E,AT.WI.DS,,,,,
OE1,Borough of Favoriten,Gemeindebezirk Favoriten,48°09′28″N,16°21′33″E,AT.WI.FA,,,,,
OE1,Borough of Floridsdorf,Gemeindebezirk Floridsdorf,48°17′00″N,16°24′44″E,AT.WI.FL,,,,,
OE1,Borough of Hernals,Gemeindebezirk Hernals,48°13′57″N,16°16′46″E,AT.WI.HE,,,,,
OE1,Borough of Hietzing,Gemeindebezirk Hietzing,48°10′53″N,16°15′29″E,AT.WI.HI,,,,,
OE1,Borough of Innere Stadt,Gemeindebezirk Innere Stadt,48°12′35″N,16°22′12″E,AT.WI.IS,,,,,
OE1,Borough of Josefstadt,Gemeindebezirk Josefstadt,48°12′39″N,16°20′53″E,AT.WI.JO,,,,,
OE1,Borough of Landstraße,Gemeindebezirk Landstraße,48°11′47″N,16°23′45″E,AT.WI.LA,,,,,
OE1,Borough of Leopoldstadt,Gemeindebezirk Leopoldstadt,48°12′37″N,16°24′44″E,AT.WI.LE,,,,,
OE1,Borough of Liesing,Gemeindebezirk Liesing,48°08′16″N,16°17′04″E,AT.WI.LI,,,,,
OE1,Borough of Margareten,Gemeindebezirk Margareten,48°11′14″N,16°21′11″E,AT.WI.MA,,,,,
OE1,Borough of Mariahilf,Gemeindebezirk Mariahilf,48°11′43″N,16°20′59″E,AT.WI.MR,,,,,
OE1,Borough of Meidling,Gemeindebezirk Meidling,48°09′42″N,16°19′18″E,AT.WI.ME,,,,,
OE1,Borough of Neubau,Gemeindebezirk Neubau,48°12′09″N,16°20′53″E,AT.WI.NE,,,,,
OE1,Borough of Ottakring,Gemeindebezirk Ottakring,48°12′45″N,16°18′38″E,AT.WI.OT,,,,,
OE1,Borough of Penzing,Gemeindebezirk Penzing,48°13′00″N,16°14′55″E,AT.WI.PE,,,,,
OE1,Borough of Rudolfsheim-Fünfhaus,Gemeindebezirk Rudolfsheim-Fünfhaus,48°12′03″N,16°19′12″E,AT.WI.RF,,,,,
OE1,Borough of Simmering,Gemeindebezirk Simmering,48°17′04″N,16°41′06″E,AT.WI.SI,,,,,
OE1,Borough of Währing,Gemeindebezirk Währing,48°13′59″N,16°18′53″E,AT.WI.WA,,,,,
OE1,Borough of Wieden,Gemeindebezirk Wieden,48°11′22″N,16°21′42″E,AT.WI.WD,,,,,
State of Salzburg ► Bundesland Salzburg,,,,,,,,,,
OE2,County of Hallein,Bezirk Hallein,47°40′59″N,13°05′49″E,AT.SB.HA,,,,,
OE2,Statutory City of Salzburg,Statutarstadt Salzburg,47°48′00″N,13°02′00″E,AT.SB.SA,,,,,
OE2,County of Salzburg-Umgebung,Bezirk Salzburg-Umgebung,47°50′22″N,13°10′31″E,AT.SB.SU,,,,,
OE2,County of Sankt Johann im Pongau,Bezirk Sankt Johann im Pongau,47°35′00″N,13°02′00″E,AT.SB.SJ,,,,,
OE2,County of Tamsweg,Bezirk Tamsweg,47°07′00″N,13°48′00″E,AT.SB.TA,,,,,
OE2,County of Zell am See,Bezirk Zell am See,47°19′00″N,12°48′00″E,AT.SB.ZS,,,,,
State of Lower Austria ► Bundesland Niederösterreich,,,,,,,,,,
OE3,County of Amstetten,Bezirk Amstetten,48°07′00″N,14°52′00″E,AT.NO.AM,,,,,
OE3,County of Baden,Bezirk Baden,48°00′12″N,16°13′52″E,AT.NO.BA,,,,,
OE3,County of Bruck an der Leitha,Bezirk Bruck an der Leitha,48°01′00″N,16°46′00″E,AT.NO.BL,,,,,
OE3,County of Gänserndorf ,Bezirk Gänserndorf ,48°20′26″N, 16°43′03″E,AT.NO.GA,,,,,
OE3,County of Gmünd,Bezirk Gmünd,46°54′00″N,13°32′00″E,AT.NO.GM,,,,,
OE3,County of Hollabrunn,Bezirk Hollabrunn,48°34′00″N,16°06′00″E,AT.NO.HO,,,,,
OE3,County of Horn,Bezirk Horn,48°40′00″N,15°39′00″E,AT.NO.HR,,,,,
OE3,County of Korneuburg,Bezirk Korneuburg,48°20′43″N,16°19′59″E,AT.NO.KO,,,,,
OE3,Statutory City of Krems,Statutarstadt Krems,48°24′39″N,15°36′37″E,AT.NO.KR,,,,,
OE3,County of Krems-Land,Bezirk Krems-Land,48°24′00''N,15°36′00″E,AT.NO.KL,,,,,
OE3,County of Lilienfeld,Bezirk Lilienfeld,48°00′48″N,15°35′53″E,AT.NO.LI,,,,,
OE3,County of Melk,Bezirk Melk,48°13′37″N,15°20′38″E,AT.NO.ME,,,,,
OE3,County of Mistelbach,Bezirk Mistelbach,48°34′00″N,16°34′00″E,AT.NO.MI,,,,,
OE3,County of Mödling,Bezirk Mödling,48°05′00″N,16°16′00″E,AT.NO.MO,,,,,
OE3,County of Neunkirchen,Bezirk Neunkirchen,47°44′00″N,16°05′00″E,AT.NO.NE,,,,,
OE3,Statutory City of Sankt Pölten,Statutarstadt Sankt Pölten,48°12′00″N,15°37′00″E,AT.NO.SP,,,,,
OE3,County of Sankt Pölten-Land,Bezirk Sankt Pölten-Land,48°12′00″N,15°37′00″E,AT.NO.SL,,,,,
OE3,County of Scheibbs,Bezirk Scheibbs,48°00′00″N,15°10′00″E,AT.NO.SB,,,,,
OE3,County of Tulln,Bezirk Tulln,48°20′00″N,16°03′00″E,AT.NO.TU,,,,,
OE3,County of Waidhofen an der Thaya,Bezirk Waidhofen an der Thaya,48°49′00″N,15°17′00″E,AT.NO.WT,,,,,
OE3,Statutory City of Waidhofen an der Ybbs,Statutarstadt Waidhofen an der Ybbs,47°58′00″N,14°46′00″E,AT.NO.WY,,,,,
OE3,County of Wiener Neustadt-Land,Bezirk Wiener Neustadt-Land,47°49′00″N,16°15′00″E,AT.NO.WL,,,,,
OE3,County of Wien-Umgebung,Bezirk Wien-Umgebung,48°18′15″N,16°19′00″E,AT.NO.WU,,,,,
OE3,Statutory City of Wiener Neustadt,Statutarstadt Wiener Neustadt,47°49′00″N,16°15′00″E,AT.NO.WN,,,,,
OE3,County of Zwettl,Bezirk Zwettl,48°36′12″N,15°10′08″E,AT.NO.ZW,,,,,
State of Burgenland ► Bundesland Burgenland,,,,,,,,,,
OE4,Statutory City of Eisenstadt,Statutarstadt Eisenstadt,47°50′44″N,16°31′08″E,AT.BL.ES,,,,,
OE4,County of Eisenstadt-Umgebung ,Bezirk Eisenstadt-Umgebung ,47°50′00″N,16°27′00″E,AT.BL.EU,,,,,
OE4,County of Güssing,Bezirk Güssing,47°04′00″N,16°19′00″E,AT.BL.GU,,,,,
OE4,County of Jennersdorf ,Bezirk Jennersdorf ,46°56′00″N,16°08′00″E,AT.BL.JE,,,,,
OE4,County of Mattersburg,Bezirk Mattersburg,47°44′17″N,16°23′49″E,AT.BL.MA,,,,,
OE4,County of Neusiedl am See,Bezirk Neusiedl am See,47°57′00″N,16°51′00″E,AT.BL.NS,,,,,
OE4,County of Oberpullendorf ,Bezirk Oberpullendorf ,47°30′00″N,16°31′00″E,AT.BL.OP,,,,,
OE4,County of Oberwart,Bezirk Oberwart,47°17′00″N,16°12′00″E,AT.BL.OW,,,,,
OE4,Statutory City of Rust ,Statutarstadt Rust ,47°48′00″N,16°40′00″E,AT.BL.RU,,,,,
State of Upper Austria ► Bundesland Oberösterreich,,,,,,,,,,
OE5,County of Braunau am Inn,Bezirk Braunau am Inn,48°15′30″N,13°02′00″E,AT.OO.BI,,,,,
OE5,County of Eferding,Bezirk Eferding,48°19′00″N,14°02′00″E,AT.OO.EF,,,,,
OE5,County of Freistadt,Bezirk Freistadt,48°30′42″N,14°30′22″E,AT.OO.FR,,,,,
OE5,County of Gmunden,Bezirk Gmunden,47°55′05″N,13°47′58″E,AT.OO.GM,,,,,
OE5,County of Grieskirchen,Bezirk Grieskirchen,48°14′06″N,13°49′55″E,AT.OO.GR,,,,,
OE5,County of Kirchdorf an der Krems,Bezirk Kirchdorf an der Krems,47°54′24″N,14°00′00″E,AT.OO.KK,,,,,
OE5,Statutory City of Linz,Statutarstadt Linz,48°18′11″N,14°17′26″E,AT.OO.LZ,,,,,
OE5,County of Linz-Land,Bezirk Linz-Land,48°16′00″N,14°15′00″E,AT.OO.LL,,,,,
OE5,County of Perg,Bezirk Perg,48°15′01″N,14°38′01″E,AT.OO.PE,,,,,
OE5,County of Ried im Innkreis,Bezirk Ried im Innkreis,48°12′36″N,13°29′22″E,AT.OO.RI,,,,,
OE5,County of Rohrbach,Bezirk Rohrbach,48°34′00″N,13°59′00″E,AT.OO.RO,,,,,
OE5,County of Schärding,Bezirk Schärding,48°27′25″N,13°25′54″E,AT.OO.SH,,,,,
OE5,Statutory City of Steyr,Statutarstadt Steyr,48°02′00″N,14°25′00″E,AT.OO.ST,,,,,
OE5,County of Steyr-Land,Bezirk Steyr-Land,48°00′49″N,14°20′01″E,AT.OO.SL,,,,,
OE5,County of Urfahr-Umgebung,Bezirk Urfahr-Umgebung,48°21′11″N,14°24′58″E,AT.OO.UU,,,,,
OE5,County of Vöcklabruck,Bezirk Vöcklabruck,48°02′23″N,13°40′06″E,AT.OO.VO,,,,,
OE5,Statutory City of Wels,Statutarstadt Wels,48°09′00″N,14°01′00″E,AT.OO.WE,,,,,
OE5,County of Wels-Land,Bezirk Wels-Land,48°11′30″N,14°06′38″E,AT.OO.WL,,,,,
State of Styria ► Bundesland Steiermark,,,,,,,,,,
OE6,County of Bruck an der Mur,Bezirk Bruck an der Mur,47°25′00″N,15°16′00″E,AT.SM.BM,,,,,
OE6,County of Deutschlandsberg,Bezirk Deutschlandsberg,46°48′58″N,15°12′54″E,AT.SM.DE,,,,,
OE6,County of Feldbach,Bezirk Feldbach,46°57′00″N,15°53′00″E,AT.SM.FE,,,,,
OE6,County of Fürstenfeld,Bezirk Fürstenfeld,47°03′00″N,16°05′00″E,AT.SM.FU,,,,,
OE6,Statutory City of Graz,Statutarstadt Graz,47°04′13″N,15°26′20″E,AT.SM.GR,,,,,
OE6,County of Graz-Umgebung,Bezirk Graz-Umgebung,47°00′56″N,15°41′15″E,AT.SM.GU,,,,,
OE6,County of Hartberg,Bezirk Hartberg,47°16′50″N,15°58′12″E,AT.SM.HA,,,,,
OE6,County of Judenburg,Bezirk Judenburg,47°10′21″N,14°39′37″E,AT.SM.JU,,,,,
OE6,County of Knittelfeld,Bezirk Knittelfeld,47°12′54″N,14°49′46″E,AT.SM.KN,,,,,
OE6,County of Leibnitz,Bezirk Leibnitz,46°46′59″N,15°32′42″E,AT.SM.LE,,,,,
OE6,County of Leoben,Bezirk Leoben,47°22′54″N,15°05′50″E,AT.SM.LB,,,,,
OE6,County of Liezen,Bezirk Liezen,47°34′00″N,14°14′00″E,AT.SM.LI,,,,,
OE6,County of Murau,Bezirk Murau,47°06′43″N,14°10′23″E,AT.SM.MU,,,,,
OE6,County of Mürzzuschlag,Bezirk Mürzzuschlag,47°36′27″N,15°40′23″E,AT.SM.MZ,,,,,
OE6,County of Radkersburg,Bezirk Radkersburg,46°42′10″N,15°59′52″E,AT.SM.RA,,,,,
OE6,County of Voitsberg,Bezirk Voitsberg,47°02′00″N,15°09′00″E,AT.SM.VO,,,,,
OE6,County of Weiz,Bezirk Weiz,47°13′08″N,15°37′31″E,AT.SM.WE,,,,,
State of Tyrol ► Bundesland Tirol,,,,,,,,,,
OE7,County of Imst,Bezirk Imst,47°14′22″N,10°44′17″E,AT.TL.IM,,,,,
OE7,Statutory City of Innsbruck,Statutarstadt Innsbruck,47°16′00''N,11°23′00''E,AT.TL.IN,,,,,
OE7,County of Innsbruck-Land,Bezirk Innsbruck-Land,47°18′19″N,11°35′25″E,AT.TL.IL,,,,,
OE7,County of Kitzbühel,Bezirk Kitzbühel,47°26′47″N,12°23′31″E,AT.TL.KI,,,,,
OE7,County of Kufstein,Bezirk Kufstein,47°35′00″N,12°10′00″E,AT.TL.KU,,,,,
OE7,County of Landeck,Bezirk Landeck,47°08′00″N,10°34′00″E,AT.TL.LA,,,,,
OE7,County of Lienz,Bezirk Lienz,46°49′47″N,12°46′11″E,AT.TL.LZ,,,,,
OE7,County of Reutte,Bezirk Reutte,47°29′00″N,10°43′00″E,AT.TL.RE,,,,,
OE7,County of Schwaz,Bezirk Schwaz,47°21′00″N,11°42′00″E,AT.TL.SZ,,,,,
State of Carinthia ► Bundesland Kärnten,,,,,,,,,,
OE8,County of Feldkirchen,Bezirk Feldkirchen,46°43′00″N,14°06′00″E,AT.KT.FE,,,,,
OE8,County of Hermagor,Bezirk Hermagor,46°37′38″N,13°22′02″E,AT.KT.HE,,,,,
OE8,Statutory City of Klagenfurt am Wörthersee,Statutarstadt Klagenfurt am Wörthersee,46°37′00″N,14°18′00″E,AT.KT.KW,,,,,
OE8,County of Klagenfurt-Land,Bezirk Klagenfurt-Land,46°32′00″N,14°18′00″E,AT.KT.KL,,,,,
OE8,County of Sankt Veit an der Glan,Bezirk Sankt Veit an der Glan,46°46′00″N,14°22′00″E,AT.KT.SV,,,,,
OE8,County of Spittal an der Drau,Bezirk Spittal an der Drau,46°47′00″N,13°29′00″E,AT.KT.SP,,,,,
OE8,Statutory City of Villach,Statutarstadt Villach,46°36′53″N,13°50′46″E,AT.KT.VI,,,,,
OE8,County of Villach-Land,Bezirk Villach-Land,46°43′00″N,13°38′00″E,AT.KT.VL,,,,,
OE8,County of Völkermarkt,Bezirk Völkermarkt,46°40′00″N,14°38′00″E,AT.KT.VK,,,,,
OE8,County of Wolfsberg,Bezirk Wolfsberg,46°51′00″N,14°50′00″E,AT.KT.WO,,,,,
State of Vorarlberg ► Bundesland Vorarlberg,,,,,,,,,,
OE9,County of Bludenz,Bezirk Bludenz,47°08′00″N,09°49′00″E,AT.VB.BZ,,,,,
OE9,County of Bregenz,Bezirk Bregenz,47°30′18″N,09°44′57″E,AT.VB.BR,,,,,
OE9,County of Dornbirn,Bezirk Dornbirn,47°24′48″N,09°44′39″E,AT.VB.DO,,,,,
OE9,County of Feldkirch,Bezirk Feldkirch,47°14′17″N,09°35′54″E,AT.VB.FK,,,,,
Republic of Finland ► Suomen Tasavalta,,,,,,,,,,
Region of Satakunta ► Satakunnan Maakunta,,,,,,,,,,
OH1,County of Eurajoki,Eurajoen Kunta, 61°12′17″N, 21°44′13″E,FI.SA.ER,,,,,
OH1,County of Eura,Euran Kunta, 61°08′23″N, 22°07′22″E,FI.SA.EU,,,,,
OH1,Township of Harjavalta,Harjavallan Kaupunki, 61°18′51″N, 22°08′22″E,FI.SA.HA,,,,,
OH1,County of Honkajoki,Honkajoen Kunta, 61°59′29″N, 22°15′40″E,FI.SA.HO,,,,,
OH1,Township of Huittinen,Huittisten Kaupunki, 61°10′37″N, 22°42′02″E,FI.SA.HU,,,,,
OH1,County of Jämijärvi,Jämijärven Kunta, 61°48′57″N, 22°41′25″E,FI.SA.JA,,,,,
OH1,Township of Kankaanpää,Kankaanpään Kaupunki, 61°48′16″N, 22°24′01″E,FI.SA.KA,,,,,
OH1,County of Karvia,Karvian Kunta, 62°08′00″N, 22°34′03″E,FI.SA.KR,,,,,
OH1,County of Kiikoinen,Kiikoisten Kunta, 61°27′13″N, 22°34′35″E,FI.SA.KI,,,,,
OH1,Township of Kokemäki,Kokemäen Kaupunki, 61°15′30″N, 22°20′41″E,FI.SA.KO,,,,,
OH1,County of Köyliö,Köyliön Kunta, 61°06′59″N, 22°18′34″E,FI.SA.KY,,,,,
OH1,County of Lavia,Lavian Kunta, 61°35′58″N, 22°34′58″E,FI.SA.LA,,,,,
OH1,County of Luvia,Luvian Kunta, 61°21′43″N, 21°37′19″E,FI.SA.LU,,,,,
OH1,County of Merikarvia,Merikarvian Kunta, 61°51′34″N, 21°30′14″E,FI.SA.ME,,,,,
OH1,County of Nakkila,Nakkilan Kunta, 61°22′05″N, 22°00′02″E,FI.SA.NA,,,,,
OH1,County of Pomarkku,Pomarkun Kunta, 61°41′54″N, 22°00′50″E,FI.SA.PO,,,,,
OH1,Township of Pori,Porin Kaupunki, 61°29′07″N, 21°47′51″E,FI.SA.PR,,,,,
OH1,Township of Rauma,Rauman Kaupunki, 61°07′44″N, 21°30′16″E,FI.SA.RA,,,,,
OH1,County of Säkylä,Säkylän Kunta, 61°02′44″N, 22°20′37″E,FI.SA.SK,,,,,
OH1,County of Siikainen,Siikaisten Kunta, 61°52′40″N, 21°49′26″E,FI.SA.SI,,,,,
OH1,Township of Ulvila,Ulvilan Kaupunki, 61°25′46″N, 21°52′22″E,FI.SA.UL,,,,,
Region of Southwest Finland ► Varsinais-Suomen Maakunta,,,,,,,,,,
OH1,County of Aura ,Auran Kunta, 60°38′49″N, 22°35′05″E,FI.VS.AU,,,,,
OH1,Township of Kaarina,Kaarinan Kaupunki, 60°24′29″N, 22°22′04″E,FI.VS.KA,,,,,
OH1,County of Kemiönsaari,Kemiönsaaren Kunta, 60°09′37″N, 22°43′44″E,FI.VS.KE,,,,,
OH1,County of Koski,Kosken  Tl Kunta, 60°39′02″N, 23°08′05″E,FI.VS.KO,,,,,
OH1,County of Kustavi,Kustavin Kunta, 60°32′46″N, 21°21′50″E,FI.VS.KU,,,,,
OH1,Township of Laitila,Laitilan Kaupunki, 60°52′57″N, 21°41′51″E,FI.VS.LA,,,,,
OH1,Township of Länsi-Turunmaa,Länsi-Turunmaan Kaupunki, 60°27′05″N, 22°16′07″E,FI.VS.LT,,,,,
OH1,County of Lieto,Liedon Kunta, 60°30′30″N, 22°27′04″E,FI.VS.LI,,,,,
OH1,Township of Loimaa,Loimaan Kaupunki, 60°51′07″N, 23°03′28″E,FI.VS.LO,,,,,
OH1,County of Marttila ,Marttilan Kunta, 60°35′07″N, 22°53′53″E,FI.VS.MA,,,,,
OH1,County of Masku,Maskun Kunta, 60°34′14″N, 22°05′53″E,FI.VS.MS,,,,,
OH1,County of Mynämäki,Mynämäen Kunta, 60°40′45″N, 21°59′13″E,FI.VS.MY,,,,,
OH1,Township of Naantali,Naantalin Kaupunki, 60°27′59″N, 22°01′33″E,FI.VS.NA,,,,,
OH1,County of Nousiainen,Nousiaisten Kunta, 60°36′03″N, 22°05′11″E,FI.VS.NO,,,,,
OH1,County of Oripää ,Oripään Kunta, 60°50′51″N, 22°41′21″E,FI.VS.OR,,,,,
OH1,Township of Paimio,Paimion Kaupunki, 60°27′19″N, 22°41′28″E,FI.VS.PA,,,,,
OH1,County of Pöytyä ,Pöytyän Kunta, 60°42′08″N, 22°45′11″E,FI.VS.PO,,,,,
OH1,County of Pyhäranta,Pyhärannan Kunta, 60°57′01″N, 21°26′31″E,FI.VS.PY,,,,,
OH1,Township of Raisio,Raision Kaupunki, 60°29′07″N, 22°10′18″E,FI.VS.RA,,,,,
OH1,County of Rusko,Ruskon Kunta, 60°32′25″N, 22°13′12″E,FI.VS.RU,,,,,
OH1,Township of Salo,Salon Kaupunki, 60°22′59″N, 23°07′43″E,FI.VS.SA,,,,,
OH1,County of Sauvo,Sauvon Kunta, 60°20′52″N, 22°41′03″E,FI.VS.SU,,,,,
OH1,Township of Somero ,Someron Kaupunki, 60°37′42″N, 23°30′54″E,FI.VS.SO,,,,,
OH1,County of Taivassalo,Taivassalon Kunta, 60°33′42″N, 21°36′40″E,FI.VS.TA,,,,,
OH1,County of Tarvasjoki ,Tarvasjoen Kunta, 60°35′02″N, 22°44′04″E,FI.VS.TR,,,,,
OH1,Township of Turku,Turun Kaupunki, 60°27′05″N, 22°16′07″E,FI.VS.TU,,,,,
OH1,Township of Uusikaupunki,Uudenkaupungin Kaupunki, 60°47′44″N, 21°25′35″E,FI.VS.US,,,,,
OH1,County of Vehmaa,Vehmaan Kunta, 60°40′55″N, 21°42′52″E,FI.VS.VE,,,,,
Region of Eastern Uusimaa ► Itä-Uudenmaan Maakunta,,,,,,,,,,
OH2,County of Askola,Askolan Kunta, 60°31′53″N, 25°36′01″E,FI.IU.AS,,,,,
OH2,County of Lapinjärvi,Lapinjärven Kunta, 60°37′31″N, 26°11′57″E,FI.IU.LA,,,,,
OH2,Township of Loviisa,Loviisan Kaupunki, 60°27′26″N, 26°13′31″E,FI.IU.LO,,,,,
OH2,County of Myrskylä,Myrskylän Kunta, 60°40′13″N, 25°50′57″E,FI.IU.MY,,,,,
OH2,Township of Porvoo,Porvoon Kaupunki, 60°23′34″N, 25°39′52″E,FI.IU.PO,,,,,
OH2,County of Pukkila,Pukkilan Kunta, 60°38′39″N, 25°34′56″E,FI.IU.PU,,,,,
OH2,County of Sipoo,Sipoon Kunta, 60°22′34″N, 25°16′05″E,FI.IU.SI,,,,,
Region of Uusimaa ► Uudenmaan Maakunta,,,,,,,,,,
OH2,Township of Espoo,Espoon Kaupunki, 60°12′18″N, 24°39′15″E,FI.US.ES,,,,,
OH2,Township of Hanko,Hangon Kaupunki, 59°49′23″N, 22°58′08″E,FI.US.HA,,,,,
OH2,Township of Helsinki,Helsingin Kaupunki, 60°10′11″N, 24°56′18″E,FI.US.HE,,,,,
OH2,Township of Hyvinkää,Hyvinkään Kaupunki, 60°37′53″N, 24°51′48″E,FI.US.HY,,,,,
OH2,County of Inkoo,Inkoon Kunta, 60°02′45″N, 24°00′16″E,FI.US.IN,,,,,
OH2,Township of Järvenpää,Järvenpään Kaupunki, 60°28′28″N, 25°05′39″E,FI.US.JA,,,,,
OH2,County of Karjalohja,Karjalohjan Kunta, 60°14′26″N, 23°43′06″E,FI.US.KA,,,,,
OH2,Township of Karkkila,Karkkilan Kaupunki, 60°31′59″N, 24°12′23″E,FI.US.KR,,,,,
OH2,Township of Kauniainen,Kauniaisten Kaupunki, 60°12′35″N, 24°43′53″E,FI.US.KU,,,,,
OH2,Township of Kerava,Keravan Kaupunki, 60°24′12″N, 25°06′02″E,FI.US.KE,,,,,
OH2,County of Kirkkonummi,Kirkkonummen Kunta, 60°07′13″N, 24°27′07″E,FI.US.KI,,,,,
OH2,Township of Lohja,Lohjan Kaupunki, 60°14′59″N, 24°03′59″E,FI.US.LO,,,,,
OH2,County of Mäntsälä,Mäntsälän Kunta, 60°38′16″N, 25°19′12″E,FI.US.MA,,,,,
OH2,County of Nummi-Pusula,Nummi-Pusulan Kunta, 60°26′55″N, 24°57′00″E,FI.US.NP,,,,,
OH2,County of Nurmijärvi,Nurmijärven Kunta, 60°27′47″N, 24°48′21″E,FI.US.NU,,,,,
OH2,County of Pornainen,Pornaisten Kunta, 60°28′38″N, 25°22′26″E,FI.US.PO,,,,,
OH2,Township of Raasepori,Raaseporin Kaupunki, 59°58′27″N, 23°26′08″E,FI.US.RA,,,,,
OH2,County of Siuntio,Siuntion Kunta, 60°08′15″N, 24°13′36″E,FI.US.SI,,,,,
OH2,County of Tuusula,Tuusulan Kunta, 60°24′05″N, 25°01′23″E,FI.US.TU,,,,,
OH2,Township of Vantaa,Vantaan Kaupunki, 60°17′39″N, 25°02′24″E,FI.US.VA,,,,,
OH2,County of Vihti,Vihdin Kunta, 60°19′37″N, 24°18′31″E,FI.US.VI,,,,,
Region of Pirkanmaa ► Pirkanmaan Maakunta,,,,,,,,,,
OH1,County of Punkalaidun,Punkalaitumen Kunta, 61°06′37″N, 23°07′20″E,FI.PI.PU,,,,,
OH1,Township of Sastamala,Sastamalan Kaupunki, 61°20′06″N, 22°55′44″E,FI.PI.SA,,,,,
OH3,Township of Akaa,Akaan Kaupunki, 61°10′02″N, 23°51′56″E,FI.PI.AK,,,,,
OH3,County of Hämeenkyrö,Hämeenkyrön Kunta, 61°38′16″N, 23°11′41″E,FI.PI.HA,,,,,
OH3,Township of Ikaalinen,Ikaalisten Kaupunki, 61°46′18″N, 23°03′12″E,FI.PI.IK,,,,,
OH3,County of Juupajoki,Juupajoen Kunta, 61°47′49″N, 24°22′11″E,FI.PI.JU,,,,,
OH3,County of Kangasala,Kangasalan Kunta, 61°27′47″N, 24°04′30″E,FI.PI.KA,,,,,
OH3,County of Kihniö,Kihniön Kunta, 62°12′37″N, 23°10′45″E,FI.PI.KI,,,,,
OH3,County of Lempäälä,Lempäälän Kunta, 61°18′47″N, 23°45′08″E,FI.PI.LE,,,,,
OH3,Township of Mänttä-Vilppula,Mänttä-Vilppulan Kaupunki, 62°02′02″N, 24°37′25″E,FI.PI.MV,,,,,
OH3,Township of Nokia,Nokian Kaupunki, 61°28′35″N, 23°30′18″E,FI.PI.NO,,,,,
OH3,Township of Orivesi,Oriveden Kaupunki, 61°40′33″N, 24°21′27″E,FI.PI.OR,,,,,
OH3,County of Pälkäne,Pälkäneen Kunta, 61°20′25″N, 24°16′13″E,FI.PI.PA,,,,,
OH3,Township of Parkano,Parkanon Kaupunki, 62°00′16″N, 23°01′20″E,FI.PI.PR,,,,,
OH3,County of Pirkkala,Pirkkalan Kunta, 61°27′57″N, 23°38′44″E,FI.PI.PK,,,,,
OH3,County of Ruovesi,Ruoveden Kunta, 61°59′10″N, 24°04′05″E,FI.PI.RU,,,,,
OH3,Township of Tampere,Tampereen Kaupunki, 61°29′52″N, 23°45′53″E,FI.PI.TA,,,,,
OH3,County of Urjala,Urjalan Kunta, 61°04′54″N, 23°32′13″E,FI.PI.UR,,,,,
OH3,Township of Valkeakoski,Valkeakosken Kaupunki, 61°15′46″N, 24°01′55″E,FI.PI.VA,,,,,
OH3,County of Vesilahti,Vesilahden Kunta, 61°18′35″N, 23°36′59″E,FI.PI.VE,,,,,
OH3,Township of Virrat,Virtain Kaupunki, 62°14′15″N, 23°46′32″E,FI.PI.VI,,,,,
OH3,Township of Ylöjärvi,Ylöjärven Kaupunki, 61°33′28″N, 23°35′44″E,FI.PI.YL,,,,,
Region of Tavastia Proper ► Kanta-Hämeen Maakunta,,,,,,,,,,
OH3,Township of Forssa,Forssan Kaupunki, 60°48′58″N, 23°36′48″E,FI.KH.FO,,,,,
OH3,Township of Hämeenlinna,Hämeenlinnan Kaupunki, 60°59′45″N, 24°27′51″E,FI.KH.HM,,,,,
OH3,County of Hattula,Hattulan Kunta, 61°03′19″N, 24°22′14″E,FI.KH.HA,,,,,
OH3,County of Hausjärvi,Hausjärven Kunta, 60°47′12″N, 25°01′39″E,FI.KH.HJ,,,,,
OH3,County of Humppila,Humppilan Kunta, 60°55′26″N, 23°22′07″E,FI.KH.HU,,,,,
OH3,County of Janakkala,Janakkalan Kunta, 60°55′10″N, 24°38′48″E,FI.KH.JA,,,,,
OH3,County of Jokioinen,Jokioisten Kunta, 60°48′18″N, 23°29′18″E,FI.KH.JO,,,,,
OH3,County of Loppi,Lopen Kunta, 60°43′11″N, 24°26′33″E,FI.KH.LO,,,,,
OH3,Township of Riihimäki,Riihimäen Kaupunki, 60°44′20″N, 24°46′08″E,FI.KH.RI,,,,,
OH3,County of Tammela,Tammelan Kunta, 60°48′31″N, 23°45′35″E,FI.KH.TA,,,,,
OH3,County of Ypäjä,Ypäjän Kunta, 60°48′19″N, 23°16′23″E,FI.KH.YP,,,,,
Region of Päijänne Tavastia ► Päijät-Hämeen Maakunta,,,,,,,,,,
OH2,Township of Orimattila,Orimattilan Kaupunki, 60°48′14″N, 25°43′59″E,FI.PH.OR,,,,,
OH3,County of Asikkala,Asikkalan Kunta, 61°10′26″N, 25°32′15″E,FI.PH.AS,,,,,
OH3,County of Hämeenkoski,Hämeenkosken Kunta, 61°01′33″N, 25°08′49″E,FI.PH.HA,,,,,
OH3,County of Hollola,Hollolan Kunta, 60°59′17″N, 25°30′44″E,FI.PH.HO,,,,,
OH3,County of Kärkölä,Kärkölän Kunta, 60°52′04″N, 25°16′21″E,FI.PH.KA,,,,,
OH3,Township of Lahti,Lahden Kaupunki, 60°58′57″N, 25°39′41″E,FI.PH.LA,,,,,
OH3,County of Nastola,Nastolan Kunta, 60°56′53″N, 25°55′43″E,FI.PH.NA,,,,,
OH3,County of Padasjoki,Padasjoen Kunta, 61°21′00″N, 25°16′28″E,FI.PH.PA,,,,,
OH4,County of Hartola,Hartolan Kunta, 61°34′41″N, 26°00′50″E,FI.PH.HT,,,,,
OH4,Township of Heinola,Heinolan Kaupunki, 61°12′17″N, 26°02′05″E,FI.PH.HE,,,,,
OH4,County of Sysmä,Sysmän Kunta, 61°30′15″N, 25°41′04″E,FI.PH.SY,,,,,
Region of Southern Savonia ► Etelä-Savon Maakunta,,,,,,,,,,
OH4,County of Enonkoski,Enonkosken Kunta, 62°05′20″N, 28°55′07″E,FI.ES.EN,,,,,
OH4,County of Heinävesi,Heinäveden Kunta, 62°25′34″N, 28°37′53″E,FI.ES.HE,,,,,
OH4,County of Hirvensalmi,Hirvensalmen Kunta, 61°38′33″N, 26°46′26″E,FI.ES.HI,,,,,
OH4,County of Joroinen,Joroisten Kunta, 62°10′45″N, 27°49′33″E,FI.ES.JO,,,,,
OH4,County of Juva,Juvan Kunta, 61°53′51″N, 27°51′25″E,FI.ES.JU,,,,,
OH4,County of Kangasniemi,Kangasniemen Kunta, 61°59′23″N, 26°38′36″E,FI.ES.KA,,,,,
OH4,County of Kerimäki,Kerimäen Kunta, 62°00′00″N, 27°30′00″E,FI.ES.KE,,,,,
OH4,County of Mäntyharju,Mäntyharjun kunta, 61°25′12″N, 26°52′55″E,FI.ES.MA,,,,,
OH4,Township of Mikkeli,Mikkelin Kaupunki, 61°41′18″N, 27°16′19″E,FI.ES.MI,,,,,
OH4,County of Pertunmaa,Pertunmaan Kunta, 61°30′11″N, 26°28′47″E,FI.ES.PE,,,,,
OH4,Township of Pieksämäki,Pieksämäen Kaupunki, 62°18′04″N, 27°09′29″E,FI.ES.PI,,,,,
OH4,County of Punkaharju,Punkaharjun Kunta, 61°45′31″N, 29°23′14″E,FI.ES.PU,,,,,
OH4,County of Puumala,Puumalan Kunta, 61°31′23″N, 28°10′39″E,FI.ES.PM,,,,,
OH4,County of Rantasalmi,Rantasalmen Kunta, 62°04′03″N, 28°18′02″E,FI.ES.RA,,,,,
OH4,County of Ristiina,Ristiinan Kunta, 61°30′37″N, 27°14′56″E,FI.ES.RI,,,,,
OH4,Township of Savonlinna,Savonlinnan Kaupunki, 61°52′02″N, 28°53′25″E,FI.ES.SA,,,,,
OH4,County of Sulkava,Sulkavan Kunta, 61°47′13″N, 28°22′18″E,FI.ES.SU,,,,,
Region of South Karelia ► Etelä-Karjalan Maakunta,,,,,,,,,,
OH5,Township of Imatra,Imatran Kaupunki, 61°11′32″N, 28°46′39″E,FI.EK.IM,,,,,
OH5,Township of Lappeenranta,Lappeenrannan Kaupunki, 61°03′30″N, 28°11′13″E,FI.EK.LA,,,,,
OH5,County of Lemi,Lemin Kunta, 61°03′49″N, 27°48′02″E,FI.EK.LE,,,,,
OH5,County of Luumäki,Luumäen Kunta, 60°55′18″N, 27°33′36″E,FI.EK.LU,,,,,
OH5,County of Parikkala,Parikkalan Kunta, 61°32′59″N, 29°29′55″E,FI.EK.PA,,,,,
OH5,County of Rautjärvi,Rautjärven Kunta, 61°26′05″N, 29°21′38″E,FI.EK.RA,,,,,
OH5,County of Ruokolahti,Ruokolahden Kunta, 61°17′36″N, 28°48′32″E,FI.EK.RU,,,,,
OH5,County of Savitaipale,Savitaipaleen Kunta, 61°11′55″N, 27°41′10″E,FI.EK.SA,,,,,
OH5,County of Suomenniemi,Suomenniemen Kunta, 61°19′45″N, 27°26′48″E,FI.EK.SU,,,,,
OH5,County of Taipalsaari,Taipalsaaren Kunta, 61°09′34″N, 28°03′37″E,FI.EK.TA,,,,,
Region of Kymenlaakso ► Kymenlaakson Maakunta,,,,,,,,,,
OH5,Township of Hamina,Haminan Kaupunki, 60°34′03″N, 27°11′25″E,FI.KY.HA,,,,,
OH5,County of Iitti,Iitin Kunta, 60°53′21″N, 26°20′20″E,FI.KY.IT,,,,,
OH5,Township of Kotka,Kotkan Kaupunki, 60°27′59″N, 26°56′45″E,FI.KY.KO,,,,,
OH5,Township of Kouvola,Kouvolan Kaupunki, 60°52′10″N, 26°42′05″E,FI.KY.KU,,,,,
OH5,County of Miehikkälä,Miehikkälän Kunta, 60°40′12″N, 27°41′56″E,FI.KY.MI,,,,,
OH5,County of Pyhtää,Pyhtään Kunta, 60°29′43″N, 26°43′13″E,FI.KY.PY,,,,,
OH5,County of Virolahti,Virolahden Kunta, 60°35′00″N, 27°42′32″E,FI.KY.VI,,,,,
Region of Southern Ostrobothnia ► Etelä-Pohjanmaan Maakunta,,,,,,,,,,
OH6,Township of Ähtäri,Ähtärin Kaupunki, 62°33′02″N, 24°04′04″E,FI.EP.AH,,,,,
OH6,Township of Alajärvi,Alajärven Kaupunki, 62°59′58″N, 23°49′21″E,FI.EP.AL,,,,,
OH6,Township of Alavus,Alavuden Kaupunki, 62°35′11″N, 23°36′58″E,FI.EP.AV,,,,,
OH6,County of Evijärvi,Evijärven Kunta, 63°21′53″N, 23°28′35″E,FI.EP.EV,,,,,
OH6,County of Ilmajoki,Ilmajoen Kunta, 62°43′59″N, 22°34′01″E,FI.EP.IL,,,,,
OH6,County of Isojoki,Isojoen Kunta, 62°06′52″N, 21°57′30″E,FI.EP.IS,,,,,
OH6,County of Jalasjärvi,Jalasjärven Kunta, 62°29′31″N, 22°45′36″E,FI.EP.JA,,,,,
OH6,County of Karijoki,Karijoen Kunta, 62°18′27″N, 21°42′19″E,FI.EP.KA,,,,,
OH6,Township of Kauhajoki,Kauhajoen Kaupunki, 62°25′39″N, 22°10′08″E,FI.EP.KJ,,,,,
OH6,Township of Kauhava,Kauhavan Kaupunki, 63°06′07″N, 23°03′50″E,FI.EP.KH,,,,,
OH6,County of Kuortane,Kuortaneen Kunta, 62°48′26″N, 23°30′24″E,FI.EP.KU,,,,,
OH6,Township of Kurikka,Kurikan Kaupunki, 62°37′01″N, 22°23′57″E,FI.EP.KR,,,,,
OH6,County of Lappajärvi,Lappajärven Kunta, 63°13′04″N, 23°37′32″E,FI.EP.LJ,,,,,
OH6,Township of Lapua,Lapuan Kaupunki, 62°58′12″N, 23°00′24″E,FI.EP.LA,,,,,
OH6,Township of Seinäjoki,Seinäjoen Kaupunki, 62°47′25″N, 22°50′23″E,FI.EP.SE,,,,,
OH6,County of Soini,Soinin Kunta, 62°52′08″N, 24°12′59″E,FI.EP.SO,,,,,
OH6,County of Teuva,Teuvan Kunta, 62°29′04″N, 21°44′43″E,FI.EP.TE,,,,,
OH6,County of Töysä,Töysän Kunta, 62°38′09″N, 23°49′19″E,FI.EP.TO,,,,,
OH6,County of Vimpeli,Vimpelin Kunta, 63°09′37″N, 23°49′21″E,FI.EP.VI,,,,,
Region of Central Ostrobothnia ► Keski-Pohjanmaan Maakunta,,,,,,,,,,
OH6,County of Halsua,Halsuan Kunta, 63°27′45″N, 24°10′21″E,FI.KP.HA,,,,,
OH6,Township of Kannus,Kannuksen Kaupunki, 63°53′59″N, 23°54′56″E,FI.KP.KA,,,,,
OH6,County of Kaustinen,Kaustisen Kunta, 63°32′57″N, 23°41′35″E,FI.KP.KU,,,,,
OH6,Township of Kokkola,Kokkolan Kaupunki, 63°50′22″N, 23°08′00″E,FI.KP.KO,,,,,
OH6,County of Lestijärvi,Lestijärven Kunta, 63°31′30″N, 24°39′54″E,FI.KP.LE,,,,,
OH6,County of Perho,Perhon Kunta, 63°12′51″N, 24°25′09″E,FI.KP.PE,,,,,
OH6,County of Toholampi,Toholammin Kunta, 63°46′30″N, 24°14′19″E,FI.KP.TO,,,,,
OH6,County of Veteli,Vetelin Kunta, 63°28′35″N, 23°47′43″E,FI.KP.VE,,,,,
Region of Central Finland ► Keski-Suomen Maakunta,,,,,,,,,,
OH6,Township of Äänekoski,Äänekosken Kaupunki, 62°36′10″N, 25°43′45″E,FI.KS.AN,,,,,
OH6,County of Hankasalmi,Hankasalmen Kunta, 62°23′24″N, 26°26′08″E,FI.KS.HA,,,,,
OH6,Township of Jämsä,Jämsän Kaupunki, 61°51′38″N, 25°10′16″E,FI.KS.JA,,,,,
OH6,County of Joutsa,Joutsan Kunta, 61°44′33″N, 26°06′45″E,FI.KS.JO,,,,,
OH6,Township of Jyväskylä,Jyväskylän Kaupunki, 62°14′25″N, 25°44′33″E,FI.KS.JY,,,,,
OH6,County of Kannonkoski,Kannonkosken Kunta, 62°58′44″N, 25°16′33″E,FI.KS.KA,,,,,
OH6,County of Karstula,Karstulan Kunta, 62°52′46″N, 24°48′07″E,FI.KS.KR,,,,,
OH6,Township of Keuruu,Keuruun Kaupunki, 62°15′53″N, 24°42′28″E,FI.KS.KE,,,,,
OH6,County of Kinnula,Kinnulan Kunta, 63°22′03″N, 24°57′57″E,FI.KS.KI,,,,,
OH6,County of Kivijärvi,Kivijärven Kunta, 63°07′33″N, 25°03′35″E,FI.KS.KV,,,,,
OH6,County of Konnevesi,Konneveden Kunta, 62°37′40″N,26°17′35″E,FI.KS.KO,,,,,
OH6,County of Kuhmoinen,Kuhmoisten Kunta, 61°33′43″N, 25°10′43″E,FI.KS.KU,,,,,
OH6,County of Kyyjärvi,Kyyjärven Kunta, 63°02′34″N, 24°34′01″E,FI.KS.KY,,,,,
OH6,County of Laukaa,Laukaan Kunta, 62°24′48″N, 25°57′29″E,FI.KS.LA,,,,,
OH6,County of Luhanka,Luhangan Kunta, 61°47′45″N, 25°42′06″E,FI.KS.LU,,,,,
OH6,County of Multia,Multian Kunta, 62°24′32″N, 24°47′41″E,FI.KS.ML,,,,,
OH6,County of Muurame,Muuramen Kunta, 62°07′46″N, 25°40′30″E,FI.KS.MU,,,,,
OH6,County of Petäjävesi,Petäjäveden Kunta, 62°15′33″N, 25°11′08″E,FI.KS.PE,,,,,
OH6,County of Pihtipudas,Pihtiputaan Kunta, 63°22′10″N, 25°34′27″E,FI.KS.PI,,,,,
OH6,Township of Saarijärvi,Saarijärven Kaupunki, 62°42′24″N, 25°15′12″E,FI.KS.SA,,,,,
OH6,County of Toivakka,Toivakan Kunta, 62°05′57″N, 26°04′59″E,FI.KS.TO,,,,,
OH6,County of Uurainen,Uuraisten Kunta, 62°30′01″N, 25°26′17″E,FI.KS.UR,,,,,
OH6,Township of Viitasaari,Viitasaaren Kaupunki, 63°04′32″N, 25°51′30″E,FI.KS.VI,,,,,
Region of Ostrobothnia ► Pohjanmaan Maakunta,,,,,,,,,,
OH6,County of Isokyrö,Isokyrön Kunta, 63°00′41″N, 22°20′00″E,FI.PO.IS,,,,,
OH6,Township of Kaskinen,Kaskisten Kaupunki, 62°23′02″N, 21°13′23″E,FI.PO.KA,,,,,
OH6,County of Korsnäs,Korsnäsin Kunta, 62°47′11″N, 21°11′20″E,FI.PO.KO,,,,,
OH6,Township of Kristiinankaupunki,Kristiinankaupungin Kaupunki, 62°16′28″N, 21°22′20″E,FI.PO.KR,,,,,
OH6,County of Kruunupyy ,Kruunupyyn Kunta,63°43′40″N,23°02′00″E,FI.PO.KU,,,,,
OH6,County of Laihia,Laihian Kunta, 62°58′27″N, 22°01′00″E,FI.PO.LA,,,,,
OH6,County of Luoto,Luodon Kunta,63°45′10″N,22°44′50″E,FI.PO.LU,,,,,
OH6,County of Maalahti,Maalahden Kunta, 62°56′39″N, 21°32′46″E,FI.PO.MA,,,,,
OH6,County of Mustasaari,Mustasaaren Kunta, 63°06′55″N, 21°40′59″E,FI.PO.MU,,,,,
OH6,Township of Närpiö,Närpiön Kunta, 62°28′31″N, 21°20′21″E,FI.PO.NA,,,,,
OH6,County of Pedersöre,Pedersören Kunta, 63°35′54″N, 22°47′10″E,FI.PO.PE,,,,,
OH6,Township of Pietarsaari,Pietarsaaren Kaupunki, 63°40′39″N, 22°42′59″E,FI.PO.PI,,,,,
OH6,Township of Uusikaarlepyy,Uudenkaarlepyyn Kaupunki, 63°31′17″N, 22°31′47″E,FI.PO.US,,,,,
OH6,Township of Vaasa,Vaasan Kaupunki, 63°05′42″N, 21°36′58″E,FI.PO.VA,,,,,
OH6,County of Vähäkyrö,Vähäkyrön Kunta, 63°03′13″N, 22°06′37″E,FI.PO.VH,,,,,
OH6,County of Vöyri,Vöyrin Kunta,63°07′55″N,22°15′10″E,FI.PO.VO,,,,,
Region of North Karelia ► Pohjois-Karjalan Maakunta,,,,,,,,,,
OH7,County of Ilomantsi,Ilomantsin Kunta, 62°40′14″N, 30°55′43″E,FI.PK.IL,,,,,
OH7,Township of Joensuu,Joensuun Kaupunki, 62°36′03″N, 29°45′48″E,FI.PK.JO,,,,,
OH7,County of Juuka,Juuan Kunta, 63°14′22″N, 29°15′14″E,FI.PK.JU,,,,,
OH7,County of Kesälahti,Kesälahden Kunta, 61°53′30″N, 29°49′35″E,FI.PK.KE,,,,,
OH7,Township of Kitee,Kiteen Kaupunki, 62°06′01″N, 30°07′46″E,FI.PK.KI,,,,,
OH7,County of Kontiolahti,Kontiolahden Kunta, 62°45′15″N, 29°51′17″E,FI.PK.KO,,,,,
OH7,Township of Lieksa,Lieksan Kaupunki, 63°18′40″N, 30°02′31″E,FI.PK.LE,,,,,
OH7,County of Liperi,Liperin Kunta, 62°31′55″N, 29°23′06″E,FI.PK.LI,,,,,
OH7,Township of Nurmes,Nurmeksen Kaupunki, 63°32′43″N, 29°08′08″E,FI.PK.NU,,,,,
OH7,Township of Outokumpu,Outokummun Kaupunki, 62°43′31″N, 29°01′10″E,FI.PK.OU,,,,,
OH7,County of Polvijärvi,Polvijärven Kunta, 62°51′22″N, 29°22′18″E,FI.PK.PO,,,,,
OH7,County of Rääkkylä,Rääkkylän Kunta, 62°18′49″N, 29°37′26″E,FI.PK.RA,,,,,
OH7,County of Tohmajärvi,Tohmajärven Kunta, 62°13′25″N, 30°19′57″E,FI.PK.TO,,,,,
OH7,County of Valtimo,Valtimon Kunta, 63°40′43″N, 28°48′59″E,FI.PK.VA,,,,,
Region of Northern Savonia ► Pohjois-Savon Maakunta,,,,,,,,,,
OH7,Township of Iisalmi,Iisalmen Kaupunki,63°33′42″N, 27°11′20″E,FI.PS.IS,,,,,
OH7,Township of Juankoski,Juankosken Kaupunki, 63°04′00″N, 28°19′55″E,FI.PS.JU,,,,,
OH7,County of Kaavi,Kaavin Kunta, 62°58′29″N, 28°29′13″E,FI.PS.KA,,,,,
OH7,County of Keitele,Keiteleen Kunta, 63°10′47″N, 26°21′08″E,FI.PS.KE,,,,,
OH7,Township of Kiuruvesi,Kiuruveden Kaupunki, 63°39′05″N, 26°37′20″E,FI.PS.KI,,,,,
OH7,Township of Kuopio,Kuopion Kaupunki, 62°53′36″N, 27°40′45″E,FI.PS.KU,,,,,
OH7,County of Lapinlahti,Lapinlahden Kunta, 63°20′51″N, 27°24′52″E,FI.PS.LA,,,,,
OH7,County of Leppävirta,Leppävirran Kunta, 62°29′31″N, 27°47′16″E,FI.PS.LE,,,,,
OH7,County of Maaninka,Maaningan Kunta, 63°09′18″N, 27°17′58″E,FI.PS.MA,,,,,
OH7,Township of Nilsiä,Nilsiän Kaupunki, 63°12′09″N, 28°05′15″E,FI.PS.NI,,,,,
OH7,County of Pielavesi,Pielaveden Kunta, 63°13′57″N, 26°45′17″E,FI.PS.PI,,,,,
OH7,County of Rautalampi,Rautalammin Kunta,62°37′11″N, 26°51′33″E,FI.PS.RL,,,,,
OH7,County of Rautavaara,Rautavaaran Kunta, 63°29′40″N, 28°17′54″E,FI.PS.RV,,,,,
OH7,County of Siilinjärvi,Siilinjärven Kunta,63°04′32″N, 27°39′33″E,FI.PS.SI,,,,,
OH7,County of Sonkajärvi,Sonkajärven Kunta, 63°40′12″N, 27°31′22″E,FI.PS.SO,,,,,
OH7,Township of Suonenjoki,Suonenjoen Kaupunki, 62°37′28″N, 27°07′18″E,FI.PS.SU,,,,,
OH7,County of Tervo,Tervon Kunta, 62°57′25″N, 26°45′37″E,FI.PS.TE,,,,,
OH7,County of Tuusniemi,Tuusniemen Kunta, 62°48′42″N, 28°29′17″E,FI.PS.TU,,,,,
OH7,Township of Varkaus,Varkauden Kaupunki, 62°18′44″N, 27°53′17″E,FI.PS.VA,,,,,
OH7,County of Vesanto,Vesannon Kunta, 62°55′53″N, 26°24′53″E,FI.PS.VE,,,,,
OH7,County of Vieremä,Vieremän Kunta,63°44′35″N,27°00′04″E,FI.PS.VI,,,,,
Region of Kainuu ► Kainuun Maakunta,,,,,,,,,,
OH8,County of Hyrynsalmi,Hyrynsalmen Kunta, 64°40′31″N, 28°29′41″E,FI.KA.HY,,,,,
OH8,Township of Kajaani,Kajaanin Kaupunki, 64°13′37″N, 27°43′34″E,FI.KA.KJ,,,,,
OH8,Township of Kuhmo,Kuhmon Kaupunki, 64°07′42″N, 29°31′11″E,FI.KA.KU,,,,,
OH8,County of Paltamo,Paltamon Kunta, 64°24′32″N, 27°49′51″E,FI.KA.PA,,,,,
OH8,County of Puolanka,Puolangan Kunta, 64°52′03″N, 27°40′31″E,FI.KA.PU,,,,,
OH8,County of Ristijärvi,Ristijärven Kunta, 64°30′18″N, 28°12′46″E,FI.KA.RI,,,,,
OH8,County of Sotkamo,Sotkamon Kunta, 64°07′58″N, 28°23′21″E,FI.KA.SO,,,,,
OH8,County of Suomussalmi,Suomussalmen Kunta, 64°53′03″N, 28°54′15″E,FI.KA.SU,,,,,
OH8,County of Vaala,Vaalan Kunta, 64°33′29″N, 26°50′05″E,FI.KA.VA,,,,,
Region of Northern Ostrobothnia ► Pohjois-Pohjanmaan Maakunta,,,,,,,,,,
OH8,County of Alavieska,Alavieskan Kunta, 64°09′54″N, 24°18′29″E,FI.PP.AL,,,,,
OH8,Township of Haapajärvi,Haapajärven Kaupunki, 63°44′55″N, 25°19′18″E,FI.PP.HJ,,,,,
OH8,Township of Haapavesi,Haapaveden Kaupunki, 64°08′12″N, 25°21′51″E,FI.PP.HV,,,,,
OH8,County of Hailuoto,Hailuodon Kunta, 65°00′56″N, 24°44′01″E,FI.PP.HA,,,,,
OH8,County of Haukipudas,Haukiputaan Kunta, 65°10′34″N, 25°21′05″E,FI.PP.HK,,,,,
OH8,County of Ii,Iin Kunta, 65°19′21″N, 25°21′56″E,FI.PP.II,,,,,
OH8,Township of Kalajoki,Kalajoen Kaupunki, 64°15′27″N, 23°56′51″E,FI.PP.KA,,,,,
OH8,County of Kärsämäki,Kärsämäen Kunta, 63°58′44″N, 25°45′34″E,FI.PP.KR,,,,,
OH8,County of Kempele,Kempeleen Kunta, 64°54′43″N, 25°30′33″E,FI.PP.KE,,,,,
OH8,County of Kiiminki,Kiimingin Kunta, 65°07′45″N, 25°46′26″E,FI.PP.KI,,,,,
OH8,Township of Kuusamo,Kuusamon Kaupunki, 65°58′02″N, 29°10′20″E,FI.PP.KU,,,,,
OH8,County of Liminka,Limingan Kunta, 64°48′34″N, 25°25′01″E,FI.PP.LI,,,,,
OH8,County of Lumijoki,Lumijoen Kunta, 64°50′14″N, 25°11′10″E,FI.PP.LU,,,,,
OH8,County of Merijärvi,Merijärven Kunta, 64°17′52″N, 24°26′26″E,FI.PP.ME,,,,,
OH8,County of Muhos,Muhoksen Kunta, 64°48′25″N,25°59′37″E,FI.PP.MU,,,,,
OH8,Township of Nivala,Nivalan Kaupunki, 63°55′49″N, 24°57′32″E,FI.PP.NI,,,,,
OH8,Township of Oulainen,Oulaisten Kaupunki, 64°16′08″N, 24°49′44″E,FI.PP.OL,,,,,
OH8,Township of Oulu,Oulun Kaupunki, 65°00′45″N, 25°28′16″E,FI.PP.OU,,,,,
OH8,County of Oulunsalo,Oulunsalon Kunta, 64°56′04″N, 25°24′36″E,FI.PP.OS,,,,,
OH8,Township of Pudasjärvi,Pudasjärven Kaupunki, 65°21′40″N, 27°00′08″E,FI.PP.PU,,,,,
OH8,Township of Pyhäjärvi,Pyhäjärven Kaupunki, 63°40′53″N, 25°59′09″E,FI.PP.PY,,,,,
OH8,County of Pyhäjoki,Pyhäjoen Kunta, 64°27′54″N, 24°15′30″E,FI.PP.PJ,,,,,
OH8,County of Pyhäntä,Pyhännän Kunta, 64°05′52″N, 26°19′56″E,FI.PP.PH,,,,,
OH8,Township of Raahe,Raahen Kaupunki, 64°41′05″N, 24°28′24″E,FI.PP.RA,,,,,
OH8,County of Reisjärvi,Reisjärven Kunta, 63°36′15″N, 24°56′02″E,FI.PP.RE,,,,,
OH8,County of Sievi,Sievin Kunta, 63°54′22″N, 24°31′13″E,FI.PP.SI,,,,,
OH8,County of Siikajoki,Siikajoen Kunta, 64°39′53″N, 25°06′08″E,FI.PP.SJ,,,,,
OH8,County of Siikalatva,Siikalatvan Kunta, 64°15′57″N, 25°51′55″E,FI.PP.SL,,,,,
OH8,County of Taivalkoski,Taivalkosken Kunta, 65°34′27″N, 28°14′32″E,FI.PP.TA,,,,,
OH8,County of Tyrnävä,Tyrnävän Kunta, 64°45′45″N, 25°39′02″E,FI.PP.TY,,,,,
OH8,County of Utajärvi,Utajärven Kunta, 64°45′43″N, 26°25′00″E,FI.PP.UT,,,,,
OH8,County of Vihanti,Vihannin Kunta, 64°29′04″N, 24°59′29″E,FI.PP.VI,,,,,
OH8,County of Yli-Ii,Yli-Iin Kunta, 65°22′19″N, 25°50′38″E,FI.PP.YI,,,,,
OH8,Township of Ylivieska,Ylivieskan Kaupunki, 64°04′22″N, 24°31′36″E,FI.PP.YL,,,,,
Region of Lapland ► Lapin Maakunta,,,,,,,,,,
OH9,County of Enontekiö,Enontekiön Kunta, 68°23′07″N, 23°38′34″E,FI.LA.EN,,,,,
OH9,County of Inari,Inarin Kunta, 68°39′31″N, 27°32′47″E,FI.LA.IN,,,,,
OH9,Township of Kemi,Kemin Kaupunki, 65°44′06″N, 24°34′12″E,FI.LA.KE,,,,,
OH9,Township of Kemijärvi,Kemijärven Kaupunki, 66°42′53″N, 27°26′01″E,FI.LA.KJ,,,,,
OH9,County of Keminmaa,Keminmaan Kunta, 65°48′03″N, 24°32′55″E,FI.LA.KM,,,,,
OH9,County of Kittilä,Kittilän Kunta, 67°39′59″N, 24°53′16″E,FI.LA.KI,,,,,
OH9,County of Kolari,Kolarin Kunta, 67°19′52″N, 23°47′25″E,FI.LA.KO,,,,,
OH9,County of Muonio,Muonion Kunta, 67°57′34″N, 23°40′32″E,FI.LA.MU,,,,,
OH9,County of Pelkosenniemi,Pelkosenniemen Kunta, 67°06′30″N, 27°30′52″E,FI.LA.PE,,,,,
OH9,County of Pello,Pellon Kunta, 66°46′27″N, 23°57′58″E,FI.LA.PL,,,,,
OH9,County of Posio,Posion Kunta, 66°06′36″N, 28°10′01″E,FI.LA.PO,,,,,
OH9,County of Ranua,Ranuan Kunta, 65°55′28″N, 26°31′40″E,FI.LA.RA,,,,,
OH9,Township of Rovaniemi,Rovaniemen Kaupunki, 66°29′49″N, 25°43′33″E,FI.LA.RO,,,,,
OH9,County of Salla,Sallan Kunta, 66°50′03″N, 28°40′17″E,FI.LA.SA,,,,,
OH9,County of Savukoski,Savukosken Kunta, 67°17′32″N, 28° 9′30″E,FI.LA.SK,,,,,
OH9,County of Simo,Simon Kunta, 65°39′45″N, 25°03′52″E,FI.LA.SI,,,,,
OH9,County of Sodankylä,Sodankylän Kunta, 67°24′48″N, 26°35′30″E,FI.LA.SO,,,,,
OH9,County of Tervola,Tervolan Kunta,66°05′11″N, 24°48′39″E,FI.LA.TE,,,,,
OH9,Township of Tornio,Tornion Kaupunki, 65°50′52″N, 24°08′41″E,FI.LA.TO,,,,,
OH9,County of Utsjoki,Utsjoen Kunta, 69°54′26″N, 27°01′40″E,FI.LA.UT,,,,,
OH9,County of Ylitornio,Ylitornion Kunta, 66°18′34″N, 23°40′30″E,FI.LA.YT,,,,,
Autonomous Region of the Åland Islands ► Landskapet Åland ► Ahvenanmaan Maakunta,,,,,,,,,,
OHØ,County of Brändö,Brändö Kommun (Brändön Kunta), 60°24′41″N, 21° 2′44″E,FI.AL.BR,,,,,
OHØ,County of Eckerö,Eckerö Kommun (Eckerön Kunta), 60°12′45″N, 19°36′51″E,FI.AL.EC,,,,,
OHØ,County of Finström,Finströms Kommun (Finströmin Kunta), 60°14′05″N, 19°58′51″E,FI.AL.FI,,,,,
OHØ,County of Föglö,Föglö Kommun (Föglön Kunta), 60°01′46″N, 20°23′19″E,FI.AL.FO,,,,,
OHØ,County of Geta,Geta Kommun (Getan Kunta), 60°22′28″N, 19°50′40″E,FI.AL.GE,,,,,
OHØ,County of Hammarland (Excluding Märket Island),Hammarlands Kommun (Hammarlandin Kunta), 60°13′00″N, 19°43′48″E,FI.AL.HA,,,,,
OHØ,County of Jomala,Jomala Kommun (Jomalan Kunta), 60°09′07″N, 19°56′55″E,FI.AL.JO,,,,,
OHØ,County of Kökar,Kökar Kommun (Kökarin Kunta), 59°55′13″N, 20°54′32″E,FI.AL.KO,,,,,
OHØ,County of Kumlinge,Kumlinges Kommun (Kumlingen Kunta), 60°15′01″N, 20°46′47″E,FI.AL.KU,,,,,
OHØ,County of Lemland,Lemlands Kommun (Lemlandin Kunta), 60°04′07″N, 20°05′11″E,FI.AL.LE,,,,,
OHØ,County of Lumparland,Lumparlands Kommun (Lumparlandin Kunta), 60°07′01″N, 20°15′27″E,FI.AL.LU,,,,,
OHØ,Township of Mariehamn,Mariehamns Stad (Maarianhaminan Kaupunki), 60°06′09″N, 19°56′06″E,FI.AL.MA,,,,,
OHØ,County of Saltvik,Saltviks Kommun (Saltvikin Kunta), 60°16′31″N, 20°03′43″E,FI.AL.SA,,,,,
OHØ,County of Sottunga,Sottunga Kommun (Sottungan Kunta), 60°07′48″N, 20°40′00″E,FI.AL.SO,,,,,
OHØ,County of Sund,Sunds Kommun (Sundin Kunta), 60°15′07″N, 20°06′33″E,FI.AL.SU,,,,,
OHØ,County of Vårdö,Vårdös Kommun (Vårdön Kunta), 60°14′40″N, 20°22′38″E,FI.AL.VA,,,,,
Exceptional Territories of the Autonomous Region of the Åland Islands,,,,,,,,,,
OJØ,Märket Island (Finnish Part),Märket,60°18′03″N,19°07′53″E,FI.DX.MA,,,,,
Czech Republic ► Česká Republika,,,,,,,,,,
Region of South Bohemia ► Jihočeský Kraj,,,,,,,,,,
OK1,County of České Budějovice,Okres České Budějovice,48°58′27″N,14°28′24″E,CZ.JC.CB,,,,,
OK1,County of Český Krumlov,Okres Český Krumlov,48°48′39″N,14°18′54″E,CZ.JC.CK,,,,,
OK1,County of Jindřichův Hradec,Okres Jindřichův Hradec,49°08′26″N,14°59′47″E,CZ.JC.JH,,,,,
OK1,County of Písek,Okres Písek,49°18′30″N,14°08′51″E,CZ.JC.PI,,,,,
OK1,County of Prachatice,Okres Prachatice,49°00′46″N,13°59′50″E,CZ.JC.PT,,,,,
OK1,County of Strakonice,Okres Strakonice,49°15′42″N,13°54′12″E,CZ.JC.ST,,,,,
OK1,County of Tábor,Okres Tábor,49°24′50″N,14°40′29″E,CZ.JC.TA,,,,,
Region of Karlovy Vary ► Karlovarský Kraj,,,,,,,,,,
OK1,County of Cheb,Okres Cheb,50°04′40″N,12°22′33″E,CZ.KA.CH,,,,,
OK1,County of Karlovy Vary,Okres Karlovy Vary,50°13′56″N,12°52′17″E,CZ.KA.KV,,,,,
OK1,County of Sokolov,Okres Sokolov,50°10′53″N,12°38′23″E,CZ.KA.SO,,,,,
Region of Hradec Králové ► Královéhradecký Kraj,,,,,,,,,,
OK1,County of Hradec Králové,Okres Hradec Králové,50°12′34″N,15°49′57″E,CZ.KR.HK,,,,,
OK1,County of Jičín,Okres Jičín,50°21′57″N,12°22′55″E,CZ.KR.JC,,,,,
OK1,County of Náchod,Okres Náchod,50°24′59″N,16°09′47″E,CZ.KR.NA,,,,,
OK1,County of Rychnov nad Kněžnou,Okres Rychnov nad Kněžnou,50°09′47″N,16°16′29″E,CZ.KR.RK,,,,,
OK1,County of Trutnov,Okres Trutnov,50°33′39″N,15°54′46″E,CZ.KR.TU,,,,,
Region of Liberec ► Liberecký Kraj,,,,,,,,,,
OK1,County of Česká Lípa,Okres Česká Lípa,50°41′12″N,14°32′14″E,CZ.LI.CL,,,,,
OK1,County of Jablonec nad Nisou,Okres Jablonec nad Nisou,50°43′30″N,15°10′10″E,CZ.LI.JN,,,,,
OK1,County of Liberec,Okres Liberec,50°46′01″N,15°03′22″E,CZ.LI.LB,,,,,
OK1,County of Semily,Okres Semily,50°36′10″N,15°20′04″E,CZ.LI.SM,,,,,
Region of Pardubice ► Pardubický Kraj,,,,,,,,,,
OK1,County of Chrudim,Okres Chrudim,49°57′04″N,15°47′41″E,CZ.PA.CR,,,,,
OK1,County of Pardubice,Okres Pardubice,50°02′16″N,15°46′51″E,CZ.PA.PU,,,,,
OK1,County of Svitavy,Okres Svitavy,49°45′21″N,16°28′10″E,CZ.PA.SY,,,,,
OK1,County of Ústí nad Orlicí,Okres Ústí nad Orlicí,49°58′25″N,16°23′40″E,CZ.PA.UO,,,,,
Region of Plzeň ► Plzeňský Kraj,,,,,,,,,,
OK1,County of Domažlice,Okres Domažlice,49°26′27″N,12°56′08″E,CZ.PL.DO,,,,,
OK1,County of Klatovy,Okres Klatovy,49°23′34″N,13°18′06″E,CZ.PL.KT,,,,,
OK1,County of South Plzeň,Okres Plzeň-Jih,49°35′26″N,13°34′18″E,CZ.PL.PJ,,,,,
OK1,County of Plzeň City,Okres Plzeň-Město,49°44′51″N,13°22′39″E,CZ.PL.PM,,,,,
OK1,County of North Plzeň,Okres Plzeň-Sever,49°52′39″N,13°15′14″E,CZ.PL.PS,,,,,
OK1,County of Rokycany,Okres Rokycany,49°44′32″N,13°35′41″E,CZ.PL.RO,,,,,
OK1,County of Tachov,Okres Tachov,49°47′44″N,12°38′01″E,CZ.PL.TC,,,,,
Capital City of Prague ► Hlavní Město Praha,,,,,,,,,,
OK1,Borough of Prague 1,Městská Část Praha 1,50°05′16″N,14°25′16″E,CZ.PR.PA,,,,,
OK1,Borough of Prague 2,Městská Část Praha 2,50°04′31″N,14°26′49″E,CZ.PR.PB,,,,,
OK1,Borough of Prague 3,Městská Část Praha 3,50°05′03″N,14°28′09″E,CZ.PR.PC,,,,,
OK1,Borough of Prague 4,Městská Část Praha 4,50°03′46″N,14°26′27″E,CZ.PR.PD,,,,,
OK1,Borough of Prague 5,Městská Část Praha 5,50°04′20″N,14°23′51″E,CZ.PR.PE,,,,,
OK1,Borough of Prague 6,Městská Část Praha 6,50°06′02″N,14°23′44″E,CZ.PR.PF,,,,,
OK1,Borough of Prague 7,Městská Část Praha 7,50°06′18″N,14°26′36″E,CZ.PR.PG,,,,,
OK1,Borough of Prague 8,Městská Část Praha 8,50°06′26″N,14°28′21″E,CZ.PR.PH,,,,,
OK1,Borough of Prague 9,Městská Část Praha 9,50°06′48″N,14°30′05″E,CZ.PR.PI,,,,,
OK1,Borough of Prague 10,Městská Část Praha 10,50°04′01″N,14°27′38″E,CZ.PR.PJ,,,,,
OK1,Borough of Prague 11,Městská Část Praha 11,50°01′38″N,14°29′35″E,CZ.PR.PK,,,,,
OK1,Borough of Prague 12,Městská Část Praha 12,50°00′21″N,14°24′19″E,CZ.PR.PL,,,,,
OK1,Borough of Prague 13,Městská Část Praha 13,50°02′43″N,14°19′18″E,CZ.PR.PM,,,,,
OK1,Borough of Prague 14,Městská Část Praha 14,50°06′21″N,14°32′19″E,CZ.PR.PN,,,,,
OK1,Borough of Prague 15,Městská Část Praha 15,50°02′50″N,14°33′21″E,CZ.PR.PO,,,,,
OK1,Borough of Prague 16,Městská Část Praha 16,49°58′47″N,14°21′08″E,CZ.PR.PP,,,,,
OK1,Borough of Prague 17,Městská Část Praha 17,50°04′18″N,14°18′30″E,CZ.PR.PQ,,,,,
OK1,Borough of Prague 18,Městská Část Praha 18,50°08′04″N,14°31′02″E,CZ.PR.PR,,,,,
OK1,Borough of Prague 19,Městská Část Praha 19,50°07′58″N,14°32′59″E,CZ.PR.PS,,,,,
OK1,Borough of Prague 20,Městská Část Praha 20,50°06′45″N,14°37′38″E,CZ.PR.PT,,,,,
OK1,Borough of Prague 21,Městská Část Praha 21,50°04′33″N,14°40′05″E,CZ.PR.PU,,,,,
OK1,Borough of Prague 22,Městská Část Praha 22,50°01′55″N,14°35′58″E,CZ.PR.PV,,,,,
Region of Central Bohemia ► Středočeský Kraj,,,,,,,,,,
OK1,County of Benešov,Okres Benešov,49°46′54″N,14°41′12″E,CZ.ST.BN,,,,,
OK1,County of Beroun,Okres Beroun,49°57′48″N,14°04′19″E,CZ.ST.BE,,,,,
OK1,County of Kladno,Okres Kladno,50°08′49″N,14°06′12″E,CZ.ST.KL,,,,,
OK1,County of Kolín,Okres Kolín,50°01′41″N,15°12′04″E,CZ.ST.KO,,,,,
OK1,County of Kutná Hora,Okres Kutná Hora,49°56′54″N,15°16′05″E,CZ.ST.KH,,,,,
OK1,County of Mělník,Okres Mělník,50°21′07″N,14°28′29″E,CZ.ST.ME,,,,,
OK1,County of Mladá Boleslav,Okres Mladá Boleslav,50°24′39″N,14°54′10″E,CZ.ST.MB,,,,,
OK1,County of Nymburk,Okres Nymburk,50°11′10″N,15°02′27″E,CZ.ST.NB,,,,,
OK1,County of East Prague,Okres Praha-Východ,49°56′20″N,14°47′33″E,CZ.ST.PH,,,,,
OK1,County of West Prague,Okres Praha-Západ,49°53′37″N,14°19′46″E,CZ.ST.PZ,,,,,
OK1,County of Příbram,Okres Příbram,49°41′23″N,14°00′36″E,CZ.ST.PB,,,,,
OK1,County of Rakovník,Okres Rakovník,50°06′15″N,13°43′54″E,CZ.ST.RA,,,,,
Region of Ústí nad Labem ► Ústecký Kraj,,,,,,,,,,
OK1,County of Chomutov,Okres Chomutov,50°27′38″N,13°25′05″E,CZ.US.CV,,,,,
OK1,County of Děčín,Okres Děčín,50°46′54″N,14°12′52″E,CZ.US.DC,,,,,
OK1,County of Litoměřice,Okres Litoměřice,50°32′02″N,14°07′52″E,CZ.US.LT,,,,,
OK1,County of Louny,Okres Louny,50°21′24″N,13°47′49″E,CZ.US.LN,,,,,
OK1,County of Most,Okres Most,50°30′11″N,13°38′10″E,CZ.US.MO,,,,,
OK1,County of Teplice,Okres Teplice,50°38′24″N,13°49′28″E,CZ.US.TP,,,,,
OK1,County of Ústí nad Labem,Okres Ústí nad Labem,50°39′40″N,14°01′59″E,CZ.US.UL,,,,,
Region of South Moravia ► Jihomoravský Kraj,,,,,,,,,,
OK2,County of Blansko,Okres Blansko,49°21′48″N,16°38′41″E,CZ.JM.BK,,,,,
OK2,County of Brno City,Okres Brno-Město,49°11′39″N,16°36′03″E,CZ.JM.BM,,,,,
OK2,County of Brno Country,Okres Brno-Venkov,49°12′10″N,16°36′41″E,CZ.JM.BO,,,,,
OK2,County of Břeclav,Okres Břeclav,48°45′37″N,16°52′51″E,CZ.JM.BV,,,,,
OK2,County of Hodonín,Okres Hodonín,48°51′04″N,17°07′37″E,CZ.JM.HO,,,,,
OK2,County of Vyškov,Okres Vyškov,49°16′37″N,16°59′54″E,CZ.JM.VY,,,,,
OK2,County of Znojmo,Okres Znojmo,48°51′21″N,16°02′56″E,CZ.JM.ZN,,,,,
Region of Olomouc ► Olomoucký Kraj,,,,,,,,,,
OK2,County of Jeseník,Okres Jeseník,50°13′48″N,17°12′16″E,CZ.OL.JE,,,,,
OK2,County of Olomouc,Okres Olomouc,49°35′43″N,17°15′07″E,CZ.OL.OL,,,,,
OK2,County of Přerov,Okres Přerov,49°28′03″N,17°26′16″E,CZ.OL.PR,,,,,
OK2,County of Prostějov,Okres Prostějov,49°28′17″N,17°06′45″E,CZ.OL.PV,,,,,
OK2,County of Šumperk,Okres Šumperk,49°57′56″N,16°58′12″E,CZ.OL.SU,,,,,
Region of Moravia-Silesia ► Moravskoslezský Kraj,,,,,,,,,,
OK2,County of Bruntál,Okres Bruntál,49°59′17″N,17°27′52″E,CZ.MO.BR,,,,,
OK2,County of Frýdek-Místek,Okres Frýdek-Místek,49°41′07″N,18°20′53″E,CZ.MO.FM,,,,,
OK2,County of Karviná,Okres Karviná,49°51′13″N,18°32′27″E,CZ.MO.KI,,,,,
OK2,County of Nový Jičín,Okres Nový Jičín,49°35′43″N,18°00′37″E,CZ.MO.NJ,,,,,
OK2,County of Opava,Okres Opava,49°56′19″N,17°54′09″E,CZ.MO.OP,,,,,
OK2,County of Ostrava City,Okres Ostrava-Město,49°50′29″N,18°17′29″E,CZ.MO.OS,,,,,
Region of Vysočina (Highlands Region) ► Kraj Vysočina,,,,,,,,,,
OK2,County of Havlíčkův Brod,Okres Havlíčkův Brod,49°36′25″N,15°34′46″E,CZ.VY.HB,,,,,
OK2,County of Jihlava,Okres Jihlava,49°23′44″N,15°35′27″E,CZ.VY.JI,,,,,
OK2,County of Pelhřimov,Okres Pelhřimov,49°25′57″N,15°13′38″E,CZ.VY.PE,,,,,
OK2,County of Třebíč,Okres Třebíč,49°12′57″N,15°52′48″E,CZ.VY.TR,,,,,
OK2,County of Žďár nad Sázavou,Okres Žďár nad Sázavou,49°33′46″N,15°56′23″E,CZ.VY.ZR,,,,,
Region of Zlín ► Zlínský Kraj,,,,,,,,,,
OK2,County of Kroměříž,Okres Kroměříž,49°17′56″N,17°23′26″E,CZ.ZL.KM,,,,,
OK2,County of Uherské Hradiště,Okres Uherské Hradiště,49°04′06″N,17°27′38″E,CZ.ZL.UH,,,,,
OK2,County of Vsetín,Okres Vsetín,49°20′25″N,17°59′35″E,CZ.ZL.VS,,,,,
OK2,County of Zlín,Okres Zlín,49°13′37″N,17°40′08″E,CZ.ZL.ZL,,,,,
Slovak Republic ► Slovenská Republika,,,,,,,,,,
Region of Bratislava ► Bratislavský Kraj,,,,,,,,,,
OM1,County of  Bratislava I,Okres Bratislava I,48°08′36″N,17°06′27″E,SK.BR.BA,,,,,
OM1,County of  Bratislava II,Okres Bratislava II,48°08′17″N,17°10′23″E,SK.BR.BB,,,,,
OM1,County of  Bratislava III,Okres Bratislava III,48°10′20″N,17°07′43″E,SK.BR.BC,,,,,
OM1,County of  Bratislava IV,Okres Bratislava IV,48°09′20″N,17°03′09″E,SK.BR.BD,,,,,
OM1,County of  Bratislava V,Okres Bratislava V,48°08′00″N,17°07′00″E,SK.BR.BE,,,,,
OM1,County of  Malacky,Okres Malacky,48°26′09″N,17°01′04″E,SK.BR.MA,,,,,
OM1,County of  Pezinok,Okres Pezinok,48°17′31″N,17°15′58″E,SK.BR.PK,,,,,
OM1,County of  Senec,Okres Senec,48°13′08″N,17°23′59″E,SK.BR.SC,,,,,
Region of Trnava ► Trnavský Kraj,,,,,,,,,,
OM2,County of Dunajská Streda,Okres Dunajská Streda,47°59′40″N,17°37′10″E,SK.TR.DS,,,,,
OM2,County of Galanta,Okres Galanta,48°11′20″N,17°43′35″E,SK.TR.GA,,,,,
OM2,County of Hlohovec,Okres Hlohovec,48°26′00″N,17°48′12″E,SK.TR.HC,,,,,
OM2,County of Piešťany,Okres Piešťany,48°35′03″N,17°50′01″E,SK.TR.PN,,,,,
OM2,County of Senica,Okres Senica,48°40′50″N,17°22′00″E,SK.TR.SE,,,,,
OM2,County of Skalica,Okres Skalica,48°50′32″N,17°13′36″E,SK.TR.SI,,,,,
OM2,County of Trnava,Okres Trnava,48°22′39″N,17°35′18″E,SK.TR.TT,,,,,
Region of Trenčín ► Trenčiansky Kraj,,,,,,,,,,
OM4,County of Bánovce nad Bebravou,Okres Bánovce nad Bebravou,48°43′08″N,18°15′14″E,SK.TC.BN,,,,,
OM4,County of Ilava,Okres Ilava,48°59′37″N,18°14′04″E,SK.TC.IL,,,,,
OM4,County of Myjava,Okres Myjava,48°44′57″N,17°33′52″E,SK.TC.MY,,,,,
OM4,County of Nové Mesto nad Váhom,Okres Nové Mesto nad Váhom,48°45′17″N,17°49′51″E,SK.TC.NM,,,,,
OM4,County of Partizánske,Okres Partizánske,48°37′33″N,18°22′22″E,SK.TC.PE,,,,,
OM4,County of Považská Bystrica,Okres Považská Bystrica,49°06′50″N,18°26′30″E,SK.TC.PB,,,,,
OM4,County of Prievidza,Okres Prievidza,48°46′16″N,18°37′18″E,SK.TC.PD,,,,,
OM4,County of Púchov,Okres Púchov,49°07′12″N,18°19′50″E,SK.TC.PU,,,,,
OM4,County of Trenčín,Okres Trenčín,48°53′31″N,18°02′12″E,SK.TC.TN,,,,,
Region of Nitra ► Nitriansky Kraj,,,,,,,,,,
OM5,County of Komárno,Okres Komárno,47°45′48″N,18°07′42″E,SK.NT.KN,,,,,
OM5,County of Levice,Okres Levice,48°12′59″N,18°36′29″E,SK.NT.LV,,,,,
OM5,County of Nitra,Okres Nitra,48°18′25″N,18°05′11″E,SK.NT.NR,,,,,
OM5,County of Nové Zámky,Okres Nové Zámky,47°59′08″N,18°09′28″E,SK.NT.NZ,,,,,
OM5,County of Šaľa,Okres Šaľa,48°09′01″N,17°52′39″E,SK.NT.SA,,,,,
OM5,County of Topoľčany,Okres Topoľčany,48°33′15″N,18°10′37″E,SK.NT.TO,,,,,
OM5,County of Zlaté Moravce,Okres Zlaté Moravce,48°22′42″N,18°23′48″E,SK.NT.ZM,,,,,
Region of Žilina ► Žilinský Kraj,,,,,,,,,,
OM6,District of Bytča,Okres Bytča,49°13′27″N,18°33′51″E,SK.ZI.BY,,,,,
OM6,District of Čadca,Okres Čadca,49°26′09″N,18°47′32″E,SK.ZI.CA,,,,,
OM6,District of Dolný Kubín,Okres Dolný Kubín,49°12′38″N,19°17′51″E,SK.ZI.DK,,,,,
OM6,District of Kysucké Nové Mesto,Okres Kysucké Nové Mesto,49°17′54″N,18°47′12″E,SK.ZI.KM,,,,,
OM6,District of Liptovský Mikuláš,Okres Liptovský Mikuláš,49°05′03″N,19°36′08″E,SK.ZI.LM,,,,,
OM6,District of Martin,Okres Martin,49°03′54″N,18°55′19″E,SK.ZI.MT,,,,,
OM6,District of Námestovo,Okres Námestovo,49°24′10″N,19°28′53″E,SK.ZI.NO,,,,,
OM6,District of Ružomberok,Okres Ružomberok,49°04′43″N,19°18′30″E,SK.ZI.RK,,,,,
OM6,District of Turčianske Teplice,Okres Turčianske Teplice,48°51′32″N,18°51′49″E,SK.ZI.TR,,,,,
OM6,District of Tvrdošín,Okres Tvrdošín,49°20′13″N,19°33′01″E,SK.ZI.TS,,,,,
OM6,District of Žilina,Okres Žilina,49°13′22″N,18°44′24″E,SK.ZI.ZA,,,,,
Region of Banská Bystrica ► Banskobystrický Kraj,,,,,,,,,,
OM7,County of Banská Bystrica,Okres Banská Bystrica,48°43′57″N,19°08′57″E,SK.BB.BB,,,,,
OM7,County of Banská Štiavnica,Okres Banská Štiavnica,48°27′29″N,18°53′47″E,SK.BB.BS,,,,,
OM7,County of Brezno,Okres Brezno,48°48′14″N,19°38′37″E,SK.BB.BR,,,,,
OM7,County of Detva,Okres Detva,48°33′05″N,19°25′06″E,SK.BB.DT,,,,,
OM7,County of Krupina,Okres Krupina,48°21′13″N,19°04′00″E,SK.BB.KA,,,,,
OM7,County of Lučenec,Okres Lučenec,48°19′43″N,19°40′09″E,SK.BB.LC,,,,,
OM7,County of Poltár,Okres Poltár,48°25′50″N,19°47′51″E,SK.BB.PT,,,,,
OM7,County of Revúca,Okres Revúca,48°40′59″N,20°06′48″E,SK.BB.RA,,,,,
OM7,County of Rimavská Sobota,Okres Rimavská Sobota,48°22′52″N,20°00′52″E,SK.BB.RS,,,,,
OM7,County of Veľký Krtíš,Okres Veľký Krtíš,48°12′54″N,19°20′17″E,SK.BB.VK,,,,,
OM7,County of Žarnovica,Okres Žarnovica,48°28′48″N,18°43′05″E,SK.BB.ZC,,,,,
OM7,County of Žiar nad Hronom,Okres Žiar nad Hronom,48°35′03″N,18°51′39″E,SK.BB.ZH,,,,,
OM7,County of Zvolen,Okres Zvolen,48°34′14″N,19°07′03″E,SK.BB.ZV,,,,,
Region of Košice ► Košický Kraj,,,,,,,,,,
OM8,County of Gelnica,Okres Gelnica,48°50′53″N,20°56′14″E,SK.KO.GL,,,,,
OM8,County of Košice I,Okres Košice I,48°45′14″N,21°16′03″E,SK.KO.KC,,,,,
OM8,County of Košice II,Okres Košice II,48°41′45″N,21°13′25″E,SK.KO.KE,,,,,
OM8,County of Košice III,Okres Košice III,48°43′54″N,21°18′03″E,SK.KO.KI,,,,,
OM8,County of Košice IV,Okres Košice IV,48°42′33″N,21°15′25″E,SK.KO.KO,,,,,
OM8,County of Košice Country,Okres Košice-Okolie,48°43′16″N,21°15′27″E,SK.KO.KS,,,,,
OM8,County of Michalovce,Okres Michalovce,48°44′57″N,21°54′05″E,SK.KO.MI,,,,,
OM8,County of Rožňava,Okres Rožňava,48°39′30″N,20°31′51″E,SK.KO.RV,,,,,
OM8,County of Sobrance,Okres Sobrance,48°44′37″N,22°10′51″E,SK.KO.SO,,,,,
OM8,County of Spišská Nová Ves,Okres Spišská Nová Ves,48°56′38″N,20°34′03″E,SK.KO.SN,,,,,
OM8,County of Trebišov,Okres Trebišov,48°37′40″N,21°43′02″E,SK.KO.TV,,,,,
Region of Prešov ► Prešovský Kraj,,,,,,,,,,
OMØ,County of Bardejov,Okres Bardejov,49°17′36″N,21°16′34″E,SK.PR.BJ,,,,,
OMØ,County of Humenné,Okres Humenné,48°56′09″N,21°54′24″E,SK.PR.HE,,,,,
OMØ,County of Kežmarok,Okres Kežmarok,49°08′01″N,20°25′35″E,SK.PR.KK,,,,,
OMØ,County of Levoča,Okres Levoča,49°01′31″N,20°35′17″E,SK.PR.LE,,,,,
OMØ,County of Medzilaborce,Okres Medzilaborce,49°16′15″N,21°54′14″E,SK.PR.ML,,,,,
OMØ,County of Poprad,Okres Poprad,49°03′34″N,20°17′51″E,SK.PR.PP,,,,,
OMØ,County of Prešov,Okres Prešov,49°00′06″N,21°14′22″E,SK.PR.PO,,,,,
OMØ,County of Sabinov,Okres Sabinov,49°06′22″N,21°05′08″E,SK.PR.SB,,,,,
OMØ,County of Snina,Okres Snina,48°59′17″N,22°09′24″E,SK.PR.SV,,,,,
OMØ,County of Stará Ľubovňa,Okres Stará Ľubovňa,49°18′34″N,20°40′44″E,SK.PR.SL,,,,,
OMØ,County of Stropkov,Okres Stropkov,49°12′18″N,21°39′05″E,SK.PR.SP,,,,,
OMØ,County of Svidník,Okres Svidník,49°18′20″N,21°34′04″E,SK.PR.SK,,,,,
OMØ,County of Vranov nad Topľou,Okres Vranov nad Topľou,48°52′51″N,21°40′24″E,SK.PR.VT,,,,,
Kingdom of Belgium ► Koninkrijk België ► Royaume de Belgique ► Königreich Belgien,,,,,,,,,,
Brussels-Capital Region ► Région de Bruxelles-Capitale ► Brussels Hoofdstedelijk Gewest,,,,,,,,,,
ON,Borough of Anderlecht,Commune d'Anderlecht (Gemeente Anderlecht),50°50′00″N,04°20′00″E,BE.BR.AN,,,,,
ON,Borough of Auderghem,Commune d'Auderghem (Gemeente Oudergem),50°49′00″N,04°26′00″E,BE.BR.AU,,,,,
ON,Borough of Sint-Agatha-Berchem,Commune de Berchem-Sainte-Agathe (Gemeente Sint-Agatha-Berchem),50°52′00″N,04°18′00″E,BE.BR.AB,,,,,
ON,City of Brussels (Excluding the Council of the European Union),Ville de Bruxelles (Stad Brussel),50°51′00″N,04°21′00″E,BE.BR.BS,,,,,
ON,Borough of Etterbeek,Commune d'Etterbeek (Gemeente Etterbeek),50°50′00″N,04°23′00″E,BE.BR.ET,,,,,
ON,Borough of Evere,Commune d'Evere (Gemeente Evere),50°52′00″N,04°24′00″E,BE.BR.EV,,,,,
ON,Borough of Forest,Commune de Forest (Gemeente Vorst),50°49′00″N,04°19′00″E,BE.BR.FO,,,,,
ON,Borough of Ganshoren,Commune de Ganshoren (Gemeente Ganshoren),50°52′00″N,04°19′00″E,BE.BR.GA,,,,,
ON,Borough of Ixelles,Commune d'Ixelles (Gemeente Elsene),50°50′00″N,04°22′00″E,BE.BR.IX,,,,,
ON,Borough of Jette,Commune de Jette (Gemeente Jette),50°52′24″N,04°20′14″E,BE.BR.JE,,,,,
ON,Borough of Koekelberg,Commune de Koekelberg (Gemeente Koekelberg),50°51′46″N,04°19′49″E,BE.BR.KO,,,,,
ON,Borough of Sint-Jans-Molenbeek,Commune de Molenbeek-Saint-Jean (Gemeente Sint-Jans-Molenbeek),50°51′00″N,04°20′00″E,BE.BR.JM,,,,,
ON,Borough of Saint-Gilles,Commune de Saint-Gilles (Gemeente Sint-Gillis),50°49′00″N,04°21′00″E,BE.BR.SG,,,,,
ON,Borough of Saint-Josse-ten-Noode,Commune de Saint-Josse-ten-Noode (Gemeente Sint-Joost-ten-Node),50°51′00″N,04°23′00″E,BE.BR.JN,,,,,
ON,Borough of Schaerbeek,Commune de Schaerbeek (Gemeente Schaarbeek),50°52′00″N,04°23′00″E,BE.BR.SB,,,,,
ON,Borough of Uccle,Commune d'Uccle (Gemeente Ukkel),50°48′00″N,04°20′00″E,BE.BR.UC,,,,,
ON,Borough of Watermael-Boitsfort,Commune de Watermael-Boitsfort (Gemeente Watermaal-Bosvoorde),50°48′00″N,04°25′00″E,BE.BR.WB,,,,,
ON,Borough of Woluwe-Saint-Lambert,Commune de Woluwe-Saint-Lambert (Gemeente Sint-Lambrechts-Woluwe),50°51′00″N,04°25′00″E,BE.BR.WL,,,,,
ON,Borough of Woluwe-Saint-Pierre,Commune de Woluwe-Saint-Pierre (Gemeente Sint-Pieters-Woluwe),50°50′00″N,04°28′00″E,BE.BR.WP,,,,,
Exceptional Territories of the Brussels-Capital Region,,,,,,,,,,
OR5,"Headquarters of the Council of the European Union (Justus Lipsius, OR5EU)","Conseil de l'Union Européenne (Justus Lipsius, OR5EU)",50°50′29″N,04°22′53″E,BE.DX.EU,,,,,
Flemish Region ► Vlaams Gewest ► Région Flamande,,,,,,,,,,
Province of Antwerp ► Provincie Antwerpen ► Province d'Anvers,,,,,,,,,,
ON,County of Antwerpen,Arrondissement Antwerpen (Arrondissement Administratif d'Anvers),51°15′00″N,04°30′00″E,BE.AN.AW,,,,,
ON,County of Mechelen,Arrondissement Mechelen (Arrondissement Administratif de Malines),51°03′00″N,04°30′00″E,BE.AN.MH,,,,,
ON,County of Turnhout,Arrondissement Turnhout (Arrondissement Administratif de Turnhout),51°19′12″N,04°55′12″E,BE.AN.TH,,,,,
Province of Limburg ► Provincie Limburg ► Province de Limbourg,,,,,,,,,,
ON,County of Hasselt,Arrondissement Hasselt (Arrondissement Administratif de Hasselt),50°57′00″N,05°15′00″E,BE.LI.HS,,,,,
ON,County of Maaseik,Arrondissement Maaseik (Arrondissement Administratif de Maaseik),51°09′00″N,05°30′00″E,BE.LI.MS,,,,,
ON,County of Tongeren,Arrondissement Tongeren (Arrondissement Administratif de Tongres),50°51′00″N,05°30′00″E,BE.LI.TG,,,,,
Province of East Flanders ► Provincie Oost-Vlaanderen ► Province de Flandre-Orientale,,,,,,,,,,
ON,County of Aalst,Arrondissement Aalst (Arrondissement Administratif d'Alost),50°54′00″N,04°00′00″E,BE.OV.AL,,,,,
ON,County of Dendermonde,Arrondissement Dendermonde (Arrondissement Administratif de Termonde),51°03′00″N,04°03′00″E,BE.OV.DM,,,,,
ON,County of Eeklo,Arrondissement Eeklo (Arrondissement Administratif d'Eeklo),51°12′00″N,03°36′00″E,BE.OV.EK,,,,,
ON,County of Ghent,Arrondissement Gent (Arrondissement Administratif de Gand),51°03′00″N,03°42′00″E,BE.OV.GT,,,,,
ON,County of Oudenaarde,Arrondissement Oudenaarde (Arrondissement Administratif d'Audenarde),50°51′00″N,03°36′00″E,BE.OV.OD,,,,,
ON,County of Sint-Niklaas,Arrondissement Sint-Niklaas (Arrondissement Administratif de Saint-Nicolas),51°12′00″N,04°09′00″E,BE.OV.SN,,,,,
Province of Flemish Brabant ► Provincie Vlaams-Brabant ► Province du Brabant Flamand,,,,,,,,,,
ON,County of Halle-Vilvoorde,Arrondissement Halle-Vilvoorde (Arrondissement Administratif de Hal-Vilvorde),50°51′00″N,04°12′00″E,BE.VB.HV,,,,,
ON,County of Leuven,Arrondissement Leuven (Arrondissement Administratif de Louvain),50°54′00″N,04°48′00″E,BE.VB.LV,,,,,
Province of West Flanders ► Provincie West-Vlaanderen ► Province de Flandre-Occidentale,,,,,,,,,,
ON,County of Bruges,Arrondissement Brugge (Arrondissement Administratif de Bruges),51°12′00″N,03°12′00″E,BE.WV.BG,,,,,
ON,County of Diksmuide,Arrondissement Diksmuide (Arrondissement Administratif de Dixmude),51°00′00″N,02°54′00″E,BE.WV.DK,,,,,
ON,County of Ypres,Arrondissement Ieper (Arrondissement Administratif d'Ypres),50°51′00″N,02°55′00″E,BE.WV.IP,,,,,
ON,County of Kortrijk,Arrondissement Kortrijk (Arrondissement Administratif de Courtrai),50°51′00″N,03°18′00″E,BE.WV.KR,,,,,
ON,County of Ostend,Arrondissement Oostende (Arrondissement Administratif d’Ostende),51°12′00″N,02°54′00″E,BE.WV.OS,,,,,
ON,County of Roeselare,Arrondissement Roeselare (Arrondissement Administratif de Roulers),50°55′00″N,03°10′00″E,BE.WV.RS,,,,,
ON,County of Tielt,Arrondissement Tielt (Arrondissement Administratif de Tielt),51°00′00″N,03°18′00″E,BE.WV.TL,,,,,
ON,County of Veurne,Arrondissement Veurne (Arrondissement Administratif de Furnes),51°04′12″N,02°39′36″E,BE.WV.VR,,,,,
Walloon Region ► Région Wallonne ► Waals Gewest,,,,,,,,,,
Province of Walloon Brabant ► Province du Brabant Wallon ► Provincie Waals-Brabant,,,,,,,,,,
ON,County of Nivelles,Arrondissement Administratif de Nivelles (Arrondissement Nijvel),50°40′12″N,04°34′48″E,BE.BW.NV,,,,,
Province of Hainaut ► Province de Hainaut ► Provincie Henegouwen,,,,,,,,,,
ON,County of Ath,Arrondissement Administratif d'Ath (Arrondissement Aat),50°36′00″N,03°45′00″E,BE.HT.AT,,,,,
ON,County of Charleroi,Arrondissement Administratif de Charleroi (Arrondissement Charleroi),50°27′00″N,04°27′00″E,BE.HT.CR,,,,,
ON,County of Mons,Arrondissement Administratif de Mons (Arrondissement Bergen),50°27′00″N,03°51′00″E,BE.HT.MN,,,,,
ON,County of Mouscron,Arrondissement Administratif de Mouscron (Arrondissement Moeskroen),50°45′00″N,03°12′00″E,BE.HT.MC,,,,,
ON,County of Soignies,Arrondissement Administratif de Soignies (Arrondissement Zinnik),50°36′00″N,04°06′00″E,BE.HT.SG,,,,,
ON,County of Thuin,Arrondissement Administratif de Thuin (Arrondissement Thuin),50°18′00″N,04°15′00″E,BE.HT.TN,,,,,
ON,County of Tournai,Arrondissement Administratif de Tournai (Arrondissement Doornik),50°36′00″N,03°24′00″E,BE.HT.TR,,,,,
Province of Liège ► Province de Liège ► Provincie Luik,,,,,,,,,,
ON,County of Huy,Arrondissement Administratif de Huy (Arrondissement Hoei),50°30′00″N,05°15′00″E,BE.LG.HY,,,,,
ON,County of Liège,Arrondissement Administratif de Liège (Arrondissement Luik),50°39′00″N,05°33′00″E,BE.LG.LG,,,,,
ON,County of Verviers,Arrondissement Administratif de Verviers (Arrondissement Verviers),50°30′00″N,06°00′00″E,BE.LG.VV,,,,,
ON,County of Waremme,Arrondissement Administratif de Waremme (Arrondissement Borgworm),50°39′00″N,05°12′00″E,BE.LG.WR,,,,,
Province of Luxembourg ► Province de Luxembourg ► Provincie Luxemburg,,,,,,,,,,
ON,County of Arlon,Arrondissement Administratif d'Arlon (Arrondissement Aarlen),49°42′00″N,05°48′00″E,BE.LX.AR,,,,,
ON,County of Bastogne,Arrondissement Administratif de Bastogne (Arrondissement Bastenaken),50°00′00″N,05°42′00″E,BE.LX.BS,,,,,
ON,County of Marche-en-Famenne,Arrondissement Administratif de Marche-en-Famenne (Ar. Marche-en-Famenne),50°15′00″N,05°27′00″E,BE.LX.MR,,,,,
ON,County of Neufchâteau,Arrondissement Administratif de Neufchâteau (Arrondissement Neufchâteau),49°54′00″N,05°21′00″E,BE.LX.NC,,,,,
ON,County of Virton,Arrondissement Administratif de Virton (Arrondissement Virton),49°39′00″N,05°30′00″E,BE.LX.VT,,,,,
Province of Namur ► Province de Namur ► Provincie Namen,,,,,,,,,,
ON,County of Dinant,Arrondissement Administratif de Dinant (Arrondissement Dinant),50°09′00″N,04°57′00″E,BE.NA.DN,,,,,
ON,County of Namur,Arrondissement Administratif de Namur (Arrondissement Namen),50°30′00″N,04°54′00″E,BE.NA.NM,,,,,
ON,County of Philippeville,Arrondissement Administratif de Philippeville (Arrondissement Philippeville),50°12′00″N,04°33′00″E,BE.NA.PV,,,,,
Kingdom of Denmark ► Kongeriget Danmark,,,,,,,,,,
Faroe Islands (Constituent Country) ► Føroyar ► Færøerne ,,,,,,,,,,
OY,County of Eiði,Eiðis Kommuna,62°17′57″N,07°05′25″W,DK.FO.EI,,,,,
OY,County of Eystur,Eysturkommuna,62°12′03″N,06°44′27″W,DK.FO.EY,,,,,
OY,County of Fámjin,Fámjins Kommuna,61°31′26″N,06°52′48″W,DK.FO.FA,,,,,
OY,County of Fuglafjørður,Fuglafjarðar Kommuna,62°14′40″N,06°48′52″W,DK.FO.FU,,,,,
OY,County of Fugloy,Fugloyar Kommuna,62°19′51″N,06°16′25″W,DK.FO.FO,,,,,
OY,County of Hov,Hovs Kommuna,61°30′23″N,06°45′19″W,DK.FO.HO,,,,,
OY,County of Húsar,Húsa Kommuna,62°15′55″N,06°41′45″W,DK.FO.HU,,,,,
OY,County of Húsavík,Húsavíkar Kommuna,61°48′34″N,06°40′54″W,DK.FO.HS,,,,,
OY,County of Hvalba,Hvalbiar Kommuna,61°36′11″N,06°57′04″W,DK.FO.HV,,,,,
OY,County of Hvannasund,Hvannasunds Kommuna,62°17′52″N,06°31′12″W,DK.FO.HN,,,,,
OY,County of Klaksvík,Klaksvíkar Kommuna,62°13′26″N,06°34′43″W,DK.FO.KL,,,,,
OY,County of Kunoy,Kunoyar Kommuna,62°17′32″N,06°40′13″W,DK.FO.KO,,,,,
OY,County of Kvívík,Kvívíkar Kommuna,62°07′14″N,07°04′04″W,DK.FO.KV,,,,,
OY,County of Nes,Nes Kommuna,62°04′47″N,06°43′28″W,DK.FO.NE,,,,,
OY,County of Porkeri,Porkeris Kommuna,61°28′59″N,06°44′36″W,DK.FO.PO,,,,,
OY,County of Runavík,Runavíkar Kommuna,62°06′34″N,06°43′09″W,DK.FO.RU,,,,,
OY,County of Sandur,Sands Kommuna,61°50′10″N,06°48′38″W,DK.FO.SA,,,,,
OY,County of Sjóv,Sjóvar Kommuna,62°06′46″N,06°45′23″W,DK.FO.SJ,,,,,
OY,County of Skálavík,Skálavíkar Kommuna,61°50′01″N,06°39′33″W,DK.FO.SL,,,,,
OY,County of Skopun,Skopunar Kommuna,61°54′11″N,06°52′29″W,DK.FO.SK,,,,,
OY,County of Skúvoy,Skúvoyar Kommuna,61°46′27″N,06°48′17″W,DK.FO.SO,,,,,
OY,County of Sørvágur,Sørvágs Kommuna,62°04′11″N,07°18′55″W,DK.FO.SV,,,,,
OY,County of Sumba,Sumbiar Kommuna,61°24′21″N,06°42′19″W,DK.FO.SU,,,,,
OY,County of Sundini,Sunda Kommuna,62°12′05″N,06°59′40″W,DK.FO.SN,,,,,
OY,County of Tórshavn,Tórshavnar Kommuna,62°00′00″N,06°47′00″W,DK.FO.TO,,,,,
OY,County of Tvøroyri,Tvøroyrar Kommuna,61°33′21″N,06°48′12″W,DK.FO.TV,,,,,
OY,County of Vágar,Vágs Kommuna,62°03′04″N,07°11′38″W,DK.FO.VA,,,,,
OY,County of Vágur,Vágs Kommuna,61°28′23″N,06°48′35″W,DK.FO.VU,,,,,
OY,County of Vestmanna,Vestmanna Kommuna,62°09′23″N,07°09′59″W,DK.FO.VM,,,,,
OY,County of Viðareiði,Viðareiðis Kommuna,62°21′35″N,06°31′58″W,DK.FO.VI,,,,,
Capital Region of Denmark ► Region Hovedstaden,,,,,,,,,,
OZ,County of Albertslund,Albertslund Kommune,55°39′00''N,12°21'00''E,DK.HS.AB,,,,,
OZ,County of Allerød,Allerød Kommune,55°52′00″N,12°22′00″E,DK.HS.AL,,,,,
OZ,County of Ballerup,Ballerup Kommune,55°44′00″N,12°22′00″E,DK.HS.BA,,,,,
OZ,County of Bornholm (Excluding the Ertholmene Islands),Bornholms Regionskommune,55°05′00″N,14°43′00″E,DK.HS.BO,,,,,
OZ,County of Brøndby,Brøndby Kommune,55°39′17″N,12°24′59″E,DK.HS.BR,,,,,
OZ,County of Dragør,Dragør Kommune,55°35′39″N,12°40′13″E,DK.HS.DR,,,,,
OZ,County of Egedal,Egedal Kommune,55°46′07″N,12°12′46″E,DK.HS.EG,,,,,
OZ,County of Fredensborg,Fredensborg Kommune,55°58′00″N,12°24′00″E,DK.HS.FB,,,,,
OZ,County of Frederiksberg,Frederiksberg Kommune,55°40′00″N,12°32′00″E,DK.HS.FR,,,,,
OZ,County of Frederikssund,Frederikssund Kommune,55°50′13″N,12°03′55″E,DK.HS.FS,,,,,
OZ,County of Furesø,Furesø Kommune,55°47′44″N,12°22′27″E,DK.HS.FU,,,,,
OZ,County of Gentofte,Gentofte Kommune,55°45′02″N,12°33′07″E,DK.HS.GE,,,,,
OZ,County of Gladsaxe,Gladsaxe Kommune,55°44′00″N,12°29′00″E,DK.HS.GX,,,,,
OZ,County of Glostrup,Glostrup Kommune,55°40′00″N,12°24′00″E,DK.HS.GL,,,,,
OZ,County of Gribskov,Gribskov Kommune,56°03′00″N,12°13′00″E,DK.HS.GR,,,,,
OZ,County of Halsnæs (Excluding Hessel Island),Halsnæs Kommune,56°02′12″N,12°12′08″E,DK.HS.HA,,,,,
OZ,County of Helsingør,Helsingør Kommune,56°02′05″N,12°36′40″E,DK.HS.HE,,,,,
OZ,County of Herlev,Herlev Kommune,55°43′00″N,12°25′00″E,DK.HS.HR,,,,,
OZ,County of Hillerød,Hillerød Kommune,55°56′00″N,12°19′00″E,DK.HS.HI,,,,,
OZ,County of Høje-Taastrup,Høje-Taastrup Kommune,55°64'77''N,12°27'00''E,DK.HS.HT,,,,,
OZ,County of Hørsholm,Hørsholm Kommune,55°53′00″N,12°30′00″E,DK.HS.HO,,,,,
OZ,County of Hvidovre,Hvidovre Kommune,55°39′00″N,12°29′00″E,DK.HS.HV,,,,,
OZ,County of Ishøj,Ishøj Kommune,55°37′00″N,12°19′00″E,DK.HS.IS,,,,,
OZ,County of Copenhagen,Københavns Kommune,55°40′31″N,12°34′13″E,DK.HS.KO,,,,,
OZ,County of Lyngby-Taarbæk,Lyngby-Taarbæk Kommune,55°47′00″N,12°30′00″E,DK.HS.LT,,,,,
OZ,County of Rødovre,Rødovre Kommune,55°40′53″N,12°27′18″E,DK.HS.RO,,,,,
OZ,County of Rudersdal,Rudersdal Kommune,55°49′00″N,12°31′00″E,DK.HS.RU,,,,,
OZ,County of Tårnby,Tårnby Kommune,55°38′00″N,12°36′00″E,DK.HS.TA,,,,,
OZ,County of Vallensbæk,Vallensbæk Kommune,55°38′00″N,12°22′00″E,DK.HS.VA,,,,,
Exceptional Territories of the Capital Region of Denmark,,,,,,,,,,
OZ,Christians Islands,Ertholmene (Christiansø og Frederiksø),55°19′12″N,15°11′16″E,DK.DX.EH,,,,,
OZ,Hessel Island,Hesselø,56°11′43″N,11°43′49″E,DK.DX.HE,,,,,
Region of Central Jutland ► Region Midtjylland,,,,,,,,,,
OZ,County of Århus,Århus Kommune,56°15′72″N,10°21′07″E,DK.MJ.AR,,,,,
OZ,County of Favrskov,Favrskov Kommune,56°36′06″N,09°06′07″E,DK.MJ.FA,,,,,
OZ,County of Hedensted,Hedensted Kommune,55°46′00″N,09°41′00″E,DK.MJ.HD,,,,,
OZ,County of Herning,Herning Kommune,56°08′00″N,08°59′00″E,DK.MJ.HE,,,,,
OZ,County of Holstebro,Holstebro Kommune,56°22′00″N,08°37′00″E,DK.MJ.HL,,,,,
OZ,County of Horsens,Horsens Kommune,55°52′00″N,09°50′00″E,DK.MJ.HO,,,,,
OZ,County of Ikast-Brande,Ikast-Brande Kommune,56°08′27″N,09°09′06″E,DK.MJ.IB,,,,,
OZ,County of Lemvig,Lemvig Kommune,56°33′00″N,08°19′00″E,DK.MJ.LE,,,,,
OZ,County of Norddjurs,Norddjurs Kommune,56°30′00″N,10°48′00″E,DK.MJ.NJ,,,,,
OZ,County of Odder,Odder Kommune,55°58′34″N,10°09′01″E,DK.MJ.OD,,,,,
OZ,County of Randers,Randers Kommune,56°27′35″N,10°02′10″E,DK.MJ.RA,,,,,
OZ,County of Ringkøbing-Skjern,Ringkøbing-Skjern Kommune,56°10′00″N,09°30′00″E,DK.MJ.RS,,,,,
OZ,County of Samsø,Samsø Kommune,55°52′00″N,10°37′00″E,DK.MJ.SA,,,,,
OZ,County of Silkeborg,Silkeborg Kommune,56°10′42″N,09°33′05″E,DK.MJ.SI,,,,,
OZ,County of Skanderborg,Skanderborg Kommune,56°02′00″N,09°56′00″E,DK.MJ.SB,,,,,
OZ,County of Skive,Skive Kommune,56°33′51″N,09°01′50″E,DK.MJ.SK,,,,,
OZ,County of Struer,Struer Kommune,56°33′15″N,08°37′30″E,DK.MJ.ST,,,,,
OZ,County of Syddjurs,Syddjurs Kommune,56°18′00″N,10°29′00″E,DK.MJ.SJ,,,,,
OZ,County of Viborg,Viborg Kommune,56°26′00″N,09°24′00″E,DK.MJ.VI,,,,,
Exceptional Territories of the Region of Central Jutland,,,,,,,,,,
OZ,Anholt Island,Anholt,56°42′00″N,11°34′00″E,DK.DX.AN,,,,,
Region of North Jutland ► Region Nordjylland,,,,,,,,,,
OZ,County of Aalborg,Aalborg Kommune,57°02′47″N,09°55′09″E,DK.NJ.AL,,,,,
OZ,County of Brønderslev,Brønderslev Kommune,57°16′06″N,09°56′45″E,DK.NJ.BR,,,,,
OZ,County of Frederikshavn,Frederikshavn Kommune,57°26′28″N,10°32′23″E,DK.NJ.FR,,,,,
OZ,County of Hjørring,Hjørring Kommune,57°28′00″N,09°59′00″E,DK.NJ.HJ,,,,,
OZ,County of Jammerbugt,Jammerbugt Kommune,57°08′00″N,09°34′00″E,DK.NJ.JA,,,,,
OZ,County of Læsø,Læsø Kommune,57°16′00″N,11°00′00″E,DK.NJ.LS,,,,,
OZ,County of Mariagerfjord,Mariagerfjord Kommune,56°41′00″N,09°56′00″E,DK.NJ.MF,,,,,
OZ,County of Morsø,Morsø Kommune,56°47′00″N,08°43′00″E,DK.NJ.MO,,,,,
OZ,County of Rebild,Rebild Kommune,56°42′00″N,09°37′00″E,DK.NJ.RE,,,,,
OZ,County of Thisted,Thisted Kommune,57°07′00″N,08°37′00″E,DK.NJ.TH,,,,,
OZ,County of Vesthimmerland,Vesthimmerlands Kommune,56°42′00″N,09°30′00″E,DK.NJ.VH,,,,,
Region of Zealand ► Region Sjælland,,,,,,,,,,
OZ,County of Faxe,Faxe Kommune,55°20′00″N,11°58′00″E,DK.SJ.FA,,,,,
OZ,County of Greve,Greve Kommune,55°35′02″N,12°17′43″E,DK.SJ.GR,,,,,
OZ,County of Guldborgsund,Guldborgsund Kommune,54°46′11″N,11°52′57″E,DK.SJ.GU,,,,,
OZ,County of Holbæk,Holbæk Kommune,55°43′00″N,11°43′00″E,DK.SJ.HO,,,,,
OZ,County of Kalundborg,Kalundborg Kommune,55°41′00″N,11°06′00″E,DK.SJ.KA,,,,,
OZ,County of Køge,Køge Kommune,55°27′00″N,12°11′00″E,DK.SJ.KO,,,,,
OZ,County of Lejre,Lejre Kommune,55°36′16″N,11°58′30″E,DK.SJ.LE,,,,,
OZ,County of Lolland,Lolland Kommune,54°46′10″N,11°25′28″E,DK.SJ.LO,,,,,
OZ,County of Næstved,Næstved Kommune,55°14′00″N,11°46′00″E,DK.SJ.NS,,,,,
OZ,County of Odsherred,Odsherred Kommune,55°54′00″N,11°35′00″E,DK.SJ.OD,,,,,
OZ,County of Ringsted,Ringsted Kommune,55°27′00″N,11°49′00″E,DK.SJ.RI,,,,,
OZ,County of Roskilde,Roskilde Kommune,55°39′00″N,12°05′00″E,DK.SJ.RO,,,,,
OZ,County of Slagelse,Slagelse Kommune,55°24′17″N,11°22′25″E,DK.SJ.SL,,,,,
OZ,County of Solrød,Solrød Kommune,55°32′11″N,12°10′51″E,DK.SJ.SR,,,,,
OZ,County of Sorø,Sorø Kommune,55°26′00″N,11°34′00″E,DK.SJ.SO,,,,,
OZ,County of Stevns,Stevns Kommune,55°18′00″N,12°23′00″E,DK.SJ.ST,,,,,
OZ,County of Vordingborg,Vordingborg Kommune,55°00′30″N,11°54′37″E,DK.SJ.VO,,,,,
Region of Southern Denmark ► Region Syddanmark,,,,,,,,,,
OZ,County of Aabenraa,Aabenraa Kommune,55°02′00″N,09°26′00″E,DK.SD.AB,,,,,
OZ,County of Ærø,Ærø Kommune,54°53′30″N,10°24′45″E,DK.SD.AE,,,,,
OZ,County of Assens,Assens Kommune,55°16′00″N,09°54′00″E,DK.SD.AS,,,,,
OZ,County of Billund,Billund Kommune,55°43′51″N,09°06′55″E,DK.SD.BI,,,,,
OZ,County of Esbjerg,Esbjerg Kommune,55°29′00″N,08°27′00″E,DK.SD.ES,,,,,
OZ,County of Faaborg-Midtfyn,Faaborg-Midtfyn Kommune,55°06′00″N,10°14′00″E,DK.SD.FM,,,,,
OZ,County of Fanø,Fanø Kommune,55°25′07″N,08°23′47″E,DK.SD.FA,,,,,
OZ,County of Fredericia,Fredericia Kommune,55°35′00″N,09°46′00″E,DK.SD.FR,,,,,
OZ,County of Haderslev,Haderslev Kommune,55°15′00″N,09°30′00″E,DK.SD.HA,,,,,
OZ,County of Kerteminde,Kerteminde Kommune,55°27′00″N,10°40′00″E,DK.SD.KE,,,,,
OZ,County of Kolding,Kolding Kommune,55°29′30″N,09°30′00″E,DK.SD.KO,,,,,
OZ,County of Langeland,Langeland Kommune,54°56′00″N,10°43′00″E,DK.SD.LA,,,,,
OZ,County of Middelfart,Middelfart Kommune,55°30′00″N,09°45′00″E,DK.SD.MI,,,,,
OZ,County of Nordfyn,Nordfyns Kommune,55°31′20″N,10°13′20″E,DK.SD.NF,,,,,
OZ,County of Nyborg,Nyborg Kommune,55°18′00″N,10°47′00″E,DK.SD.NY,,,,,
OZ,County of Odense,Odense Kommune,55°23′45″N,10°23′18″E,DK.SD.OD,,,,,
OZ,County of Sønderborg,Sønderborg Kommune,54°55′00″N,09°47′00″E,DK.SD.SO,,,,,
OZ,County of Svendborg,Svendborg Kommune,55°03′35″N,10°36′30″E,DK.SD.SV,,,,,
OZ,County of Tønder,Tønder Kommune,54°56′34″N,08°51′50″E,DK.SD.TO,,,,,
OZ,County of Varde,Varde Kommune,55°38′00″N,08°29′00″E,DK.SD.VA,,,,,
OZ,County of Vejen,Vejen Kommune,55°29′00″N,09°09′00″E,DK.SD.VE,,,,,
OZ,County of Vejle,Vejle Kommune,55°43′00″N,09°32′00″E,DK.SD.VL,,,,,
Kingdom of the Netherlands ► Koninkrijk der Nederlanden,,,,,,,,,,
PA,Province of Drenthe,Provincie Drenthe,53°00′00″N,06°33′00″E,EU.NL.DR,,,,,
PA,Province of Flevoland,Provincie Flevoland,52°31′00″N,05°29′00″E,EU.NL.FL,,,,,
PA,Province of Friesland,Provincie Friesland,53°12′00″N,05°48′00″E,EU.NL.FR,,,,,
PA,Province of Gelderland,Provincie Gelderland,51°59′00″N,05°55′00″E,EU.NL.GE,,,,,
PA,Province of Groningen,Provincie Groningen,53°13′00″N,06°33′00″E,EU.NL.GR,,,,,
PA,Province of Limburg,Provincie Limburg,50°51′00″N,05°41′00″E,EU.NL.LI,,,,,
PA,Province of North Brabant,Provincie Noord-Brabant,51°42′00″N,05°19′00″E,EU.NL.NB,,,,,
PA,Province of North Holland,Provincie Noord-Holland,52°22′49″N,04°38′26″E,EU.NL.NH,,,,,
PA,Province of Overijssel,Provincie Overijssel,52°30′00″N,06°05′00″E,EU.NL.OV,,,,,
PA,Province of Utrecht,Provincie Utrecht,52°05′27″N,05°07′19″E,EU.NL.UT,,,,,
PA,Province of Zealand,Provincie Zeeland,51°30′00″N,03°37′00″E,EU.NL.ZL,,,,,
PA,Province of South Holland,Provincie Zuid-Holland,52°05′00″N,04°19′00″E,EU.NL.ZH,,,,,
Russian Federation (European Part) ► Российская Федерация (Европейская Часть),,,,,,,,,,
Federal City of Saint Petersburg ► Город Федерального Значения Санкт-Петербург,,,,,,,,,,
R1A,Borough of Admiralty,Адмиралтейский Район,59°54′36″N,30°17′32″E,RU.SP.AD,,,,,
R1A,Borough of Vasilyevsky Ostrov,Василеостровский Район,59°56′40″N,30°15′30″E,RU.SP.VO,,,,,
R1A,Borough of Vyborg,Выборгский Район,60°04′13″N,30°14′57″E,RU.SP.VY,,,,,
R1A,Borough of Kalinin,Калининский Район,59°59′56″N,30°24′05″E,RU.SP.KA,,,,,
R1A,Borough of Kirov,Кировский Район,59°52′21″N,30°14′07″E,RU.SP.KI,,,,,
R1A,Borough of Kolpino,Колпинский Район,59°46′17″N,30°37′14″E,RU.SP.KO,,,,,
R1A,Borough of Krasnaya Gvardiya,Красногвардейский Район,59°59′27″N,30°32′07″E,RU.SP.KG,,,,,
R1A,Borough of Krasnoye Selo,Красносельский Район,59°47′48″N,30°07′22″E,RU.SP.KS,,,,,
R1A,Borough of Kronshtadt,Кронштадтский Район,59°59′41″N,29°46′01″E,RU.SP.KR,,,,,
R1A,Borough of Kurort,Курортный Район,60°08′56″N,29°58′16″E,RU.SP.KU,,,,,
R1A,Borough of Moscow,Московский Район,59°50′09″N,30°19′21″E,RU.SP.MO,,,,,
R1A,Borough of Neva,Невский Район,59°52′52″N,30°27′16″E,RU.SP.NE,,,,,
R1A,Borough of Petrograd,Петроградский Район,59°58′01″N,30°17′30″E,RU.SP.PG,,,,,
R1A,Borough of Petrodvorets,Петродворцовый Район,59°52′28″N,29°51′25″E,RU.SP.PD,,,,,
R1A,Borough of Primorye,Приморский Район,60°01′19″N,29°59′12″E,RU.SP.PR,,,,,
R1A,Borough of Pushkin,Пушкинский Район,59°44′16″N,30°25′27E,RU.SP.PU,,,,,
R1A,Borough of Frunze,Фрунзенский Район,59°52′14″N,30°23′30″E,RU.SP.FR,,,,,
R1A,Borough of Centre,Центральный Район,59°56′15″N,30°21′34″E,RU.SP.CE,,,,,
Province of Leningrad ► Ленинградская Область,,,,,,,,,,
R1C,County of Boksitogorsk,Бокситогорский Район,59°28′00″N,33°51′00″E,RU.LO.BO,,,,,
R1C,County of Volosovo,Волосовский Район,59°27′00″N,29°29′00″E,RU.LO.VO,,,,,
R1C,County of Volkhov,Волховский Район,59°55′00″N,32°21′00″E,RU.LO.VL,,,,,
R1C,County of Vsevolozhsk,Всеволожский Район,60°01′00″N,30°41′00″E,RU.LO.VS,,,,,
R1C,County of Vyborg (Excluding the Exceptional Island Territories),Выборгский Район (Исключая Нижеуказанные Острова),60°42′33″N,28°44′39″E,RU.LO.VY,,,,,
R1C,County of Gatchina,Гатчинский Район,59°34′00″N,30°08′00″E,RU.LO.GA,,,,,
R1C,Township of Sosnovy Bor,Город Сосновый Бор,59°53′00″N,29°06′00″E,RU.LO.SB,,,,,
R1C,County of Kingisepp (Excluding the Exceptional Island Territories),Кингисеппский Район (Исключая Нижеуказанные Острова),59°22′00″N,28°36′00″E,RU.LO.KS,,,,,
R1C,County of Kirishi,Киришский Район,59°27′00″N,32°01′00″E,RU.LO.KI,,,,,
R1C,County of Kirovsk,Кировский Район,59°52′00″N,30°59′00″E,RU.LO.KR,,,,,
R1C,County of Lodeynoye Pole,Лодейнопольский Район,60°44′00″N,33°33′00″E,RU.LO.LP,,,,,
R1C,County of Lomonosov,Ломоносовский Район,59°55′00″N,29°46′00″E,RU.LO.LM,,,,,
R1C,County of Luga,Лужский Район,58°44′00″N,29°51′00″E,RU.LO.LU,,,,,
R1C,County of Podporozhye,Подпорожский Район,60°55′00″N,34°10′00″E,RU.LO.PO,,,,,
R1C,County of Priozersk,Приозерский Район,61°02′00″N,30°07′00″E,RU.LO.PR,,,,,
R1C,County of Slantsy,Сланцевский Район,59°07′00″N,28°05′00″E,RU.LO.SL,,,,,
R1C,County of Tikhvin,Тихвинский Район,59°38′00″N,33°30′00″E,RU.LO.TI,,,,,
R1C,County of Tosno,Тосненский Район,59°33′00″N,30°54′00″E,RU.LO.TO,,,,,
Exceptional Island Territories of the Province of Leningrad,,,,,,,,,,
RI1C,Bolshoy Tyuters Island (Suur-Tytärsaari),Остров Большой Тютерс,59°51′09″N,27°12′02″E,RU.DX.BT,,,,,
RI1C,Bolshoy Fiskar Archipelago (Kiuskeri),Архипелаг Большой Фискар (Включая Остров Увалень),60°24′27″N,27°56′30″E,RU.DX.BF,,,,,
RI1C,Virgin Islands (Lensiviri),Острова Виргины (Острова Северный Виргин и Южный Виргин),59°56′42″N,26°51′45″E,RU.DX.VI,,,,,
RI1C,Gogland Island (Suursaari),Остров Гогланд,60°02′45″N,26°59′24″E,RU.DX.GO,,,,,
RI1C,Kopytin Island (Kinnari),"Остров Копытин (Включая о-ва Долгий Риф, Зубец, Малый Копытин, Смолистые и др.)",60°25′47″N,27°42′06″E,RU.DX.KO,,,,,
RI1C,Maly Island (Peninsaari),Остров Малый,60°01′35″N,28°00′21″E,RU.DX.MA,,,,,
RI1C,Maly Vysotsky Island (Ravansaari),Остров Малый Высоцкий (Арендуется Финляндией до 2013 года),60°38′22″N,28°33′58″E,RU.DX.MV,,,,,
RI1C,Maly Tyuters Island (Pien-Tytärsaari),Остров Малый Тютерс,59°48′37″N,26°54′44″E,RU.DX.MT,,,,,
RI1C,Moshchny Island (Lavansaari),Остров Мощный,60°00′19″N,27°50′02″E,RU.DX.MO,,,,,
RI1C,Nerva Island (Narvi),Остров Нерва,60°14′40″N,27°57′25″E,RU.DX.NR,,,,,
RI1C,Rodsher Island (Rödskär),Остров Родшер,59°58′03″N,26°40′50″E,RU.DX.RO,,,,,
RI1C,Seskar Island (Seiskari),Остров Сескар (Включая Остров Кокор),60°01′01″N,28°23′18″E,RU.DX.SK,,,,,
RI1C,Sommers Island (Someri),Остров Соммерс (Включая Остров Малый Соммерс),60°12′24″N,27°38′31″E,RU.DX.SM,,,,,
RI1C,Khallikarti Island (Halli Karti),Остров Халликарти,60°18′41″N,27°39′54″E,RU.DX.HA,,,,,
Republic of Karelia ► Республика Карелия ► Karjalan Tazavaldu ► Karjalan Tasavalta ► Karjalan Tazovaldkund,,,,,,,,,,
R1N,County of Belomorsk (Sorokka),Беломорский Район (Belomorskin Piiri),64°29′24″N,34°39′01″E,RU.KL.BM,,,,,
R1N,County of Kalevala (Uhtua),Калевальский Национальный Район (Kalevalan Kansallinen Piiri),65°12′00″N,31°10′00″E,RU.KL.KA,,,,,
R1N,County of Kem (Kemi),Кемский Район (Kemin Piiri),64°57′00″N,34°36′00″E,RU.KL.KE,,,,,
R1N,County of Kondopoga (Kontupohja),Кондопожский Район (Kontupohjan Piiri),62°12′00″N,34°16′00″E,RU.KL.KO,,,,,
R1N,Township of Kostomuksha (Kostamus),Город Костомукша (Kostamuksen Kaupunkipiirikunta),64°35′00″N,30°36′00″E,RU.KL.KS,,,,,
R1N,County of Lakhdenpokhya (Lahdenpohja),Лахденпохский Район (Lahdenpohjan Piiri),61°31′00″N,30°12′00″E,RU.KL.LA,,,,,
R1N,County of Loukhi (Louhi),Лоухский Район (Louhen Piiri),66°04′00″N,33°02′00″E,RU.KL.LO,,,,,
R1N,County of Medvezhyegorsk (Karhumäki),Медвежьегорский Район (Karhumäen Piiri),62°55′00″N,34°27′00″E,RU.KL.ME,,,,,
R1N,County of Muyezersky (Mujejärvi),Муезерский Район (Mujejärven Piiri),63°57′00″N,31°59′00″E,RU.KL.MU,,,,,
R1N,County of Olonets (Aunus),Олонецкий Национальный Район (Aunuksen Kansallinen Piiri),60°59′00″N,32°58′00″E,RU.KL.OL,,,,,
R1N,Township of Petrozavodsk (Petroskoi),Город Петрозаводск (Petroskoin Kaupunkipiirikunta),61°47′00″N,34°21′00″E,RU.KL.PE,,,,,
R1N,County of Pitkyaranta (Pitkäranta),Питкярантский Район (Pitkärannan Piiri),61°34′00″N,31°29′00″E,RU.KL.PI,,,,,
R1N,County of Prionezhsky (Äänisen  Rannalla),Прионежский Район (Äänisenrannan Piiri),61°49′05″N,34°04′39″E,RU.KL.PO,,,,,
R1N,County of Pryazha (Prääsä),Пряжинский Национальный Район (Prääsän Kansallinen Piiri),61°41′00″N,33°36′00″E,RU.KL.PR,,,,,
R1N,County of Pudozh (Puudoži),Пудожский Район (Puudožin Piiri),61°48′00″N,36°32′00″E,RU.KL.PU,,,,,
R1N,County of Segezha (Sekee),Сегежский Район (Sekeen Piiri),63°44′00″N,34°19′00″E,RU.KL.SE,,,,,
R1N,County of Sortavala (Sortavala),Сортавальский Район (Sortavalan Piiri),61°42′00″N,30°40′00″E,RU.KL.SO,,,,,
R1N,County of Suoyarvi (Suojärvi),Суоярвский Район (Suojärven Piiri),62°05′00″N,32°22′00″E,RU.KL.SU,,,,,
Province of Arkhangelsk ► Архангельская Область,,,,,,,,,,
R1O,Township of Arkhangelsk,Город Архангельск,64°33′00″N,40°32′00″E,RU.AR.AR,,,,,
R1O,County of Velsk,Вельский Район,61°04′00″N,42°06′00″E,RU.AR.VE,,,,,
R1O,County of Verkhnyaya Toyma,Верхнетоемский Район,62°15′00″N,45°01′00″E,RU.AR.VT,,,,,
R1O,County of Vilegodsk,Вилегодский Район,61°07′00″N,47°59′00″E,RU.AR.VL,,,,,
R1O,County of Vinogradov,Виноградовский Район,62°51′00″N,42°45′00″E,RU.AR.VG,,,,,
R1O,County of Kargopol ,Каргопольский Район,61°30′00″N,38°56′00″E,RU.AR.KA,,,,,
R1O,County of Konosha,Коношский Район,60°58′00″N,40°14′00″E,RU.AR.KO,,,,,
R1O,Township of Koryazhma,Город Коряжма,61°18′00″N,47°10′00″E,RU.AR.KZ,,,,,
R1O,Township of Kotlas,Город Котлас,61°15′00″N,46°39′00″E,RU.AR.KT,,,,,
R1O,County of Kotlas,Котласский Район,61°14′00″N,46°54′00″E,RU.AR.KR,,,,,
R1O,County of Krasnoborsk,Красноборский Район,61°33′00″N,45°56′00″E,RU.AR.KB,,,,,
R1O,County of Lena,Ленский Район,62°10′00″N,49°06′00″E,RU.AR.LE,,,,,
R1O,County of Leshukonskoye,Лешуконский Район,64°54′00″N,45°46′00″E,RU.AR.LK,,,,,
R1O,County of Mezen,Мезенский Район,65°51′00″N,44°14′00″E,RU.AR.ME,,,,,
R1O,Township of Mirny (Closed Administrative-Territorial Formation),Город Мирный (ЗАТО),62°45′37″N,40°20′07″E,RU.AR.MI,,,,,
R1O,Township of Novodvinsk,Город Новодвинск,64°25′00″N,40°49′00″E,RU.AR.ND,,,,,
R1O,County of Nyandoma,Няндомский Район,61°40′00″N,40°12′00″E,RU.AR.NA,,,,,
R1O,County of Onega,Онежский Район,63°55′00″N,38°05′00″E,RU.AR.ON,,,,,
R1O,County of Pinega,Пинежский Район,64°04′00″N,44°27′00″E,RU.AR.PI,,,,,
R1O,County of Plesetsk,Плесецкий Район,62°42′30″N,40°17′48″E,RU.AR.PL,,,,,
R1O,County of Primorye (Excluding the Exceptional Island Territories),Приморский Район (Исключая Нижеуказанные Острова),64°25′02″N,40°27′55″E,RU.AR.PM,,,,,
R1O,Township of Severodvinsk,Город Северодвинск,64°34′00″N,39°51′00″E,RU.AR.SD,,,,,
R1O,County of Ustya,Устьянский Район,61°05′00″N,43°09′00″E,RU.AR.US,,,,,
R1O,County of Kholmogory,Холмогорский Район,64°13′30″N,41°39′00″E,RU.AR.KH,,,,,
R1O,County of Shenkursk,Шенкурский Район,62°06′00″N,42°54′00″E,RU.AR.SK,,,,,
Exceptional Island Territories of the Province of Arkhangelsk: Novaya Zemlya Archipelago ► Муниципальное Образование «Новая Земля» (Архипелаг Новая Земля),,,,,,,,,,
RI1O,Severny Island (Including the Adjacent Islands),Северный Остров (Включая прилегающие острова),75°30′00″N,60°00′00″E,RU.DX.SE,,,,,
RI1O,Yuzhny Island (Including the Adjacent Islands),Южный Остров (Включая прилегающие острова),72°00′00″N,54°00′00″E,RU.DX.YU,,,,,
Exceptional Island Territories of the Province of Arkhangelsk: County of Primorye (Solovetsky Rural Settlement) ► Приморский Район (Соловецкое Сельское Поселение),,,,,,,,,,
RI1O,Solovetsky Islands,Соловецкие Острова (Соловецкое Сельское Поселение),65°01′00″N,35°44′00″E,RU.DX.SO,,,,,
Exceptional Island Territories of the Province of Arkhangelsk: Franz Josef Land Archipelago and Victoria Island ► Архипелаг Земля Франца-Иосифа и Остров Виктория,,,,,,,,,,
RI1O,Alexandra Land,Земля Александры (Включая мелкие прилегающие острова),80°38′38″N,46°49′49″E,RU.FJ.AL,,,,,
RI1O,Arthur Island,Остров Артура (Включая мелкие прилегающие острова),81°08′00″N,50°41′00″E,RU.FJ.AR,,,,,
RI1O,Bruce Island,"Остров Брюса (Включая о-ва Белл, Мейбел, Тома, Уиндуорд и др.)",80°09′30″N,49°57′27″E,RU.FJ.BR,,,,,
RI1O,Victoria Island,Остров Виктория,80°09′00″N,36°46′00″E,RU.FJ.VI,,,,,
RI1O,Wilczek Land,"Земля Вильчека (Включая о-ва Дауэс, Горбунова, Клагенфурт, Тилло, и др.)",80°35′00″N,60°30′00″E,RU.FJ.WI,,,,,
RI1O,Wiener Neustadt Island,Остров Винер-Нёйштадт (Включая мелкие прилегающие острова),80°48′06″N,58°31′13″E,RU.FJ.WN,,,,,
RI1O,Hall Island,"Остров Галля (Включая о-ва Бергхауз, Броунова, Нюкомба, и др.)",80°19′10″N,57°59′05″E,RU.FJ.HA,,,,,
RI1O,Prince George Land,Земля Георга (Включая остров Давида и другие мелкие прилегающие острова),80°29′13″N,49°19′43″E,RU.FJ.PG,,,,,
RI1O,Hohenlohe Island,Остров Гогенлоэ (Включая о-ва Октябрята и другие мелкие прилегающие острова),81°36′03″N,58°30′01″E,RU.FJ.HO,,,,,
RI1O,Graham Bell Island,"Остров Греэм-Белл (Включая о-ва Перламутровый, Трёхлучевой, Удачный и др.)",80°51′59″N,64°17′21″E,RU.FJ.GB,,,,,
RI1O,Greely Island,"Остров Грили (Включая о-ва Брош, Кейна, Куна, Угольной Копи и др.)",81°06′16″N,58°17′52″E,RU.FJ.GR,,,,,
RI1O,Hooker Island,"Остров Гукера (Включая о-ва Ли-Смита, Мей, Ньютона, Скотт-Келти, Этеридж и др.)",80°14′00″N,53°02′00″E,RU.FJ.HK,,,,,
RI1O,Jackson Island,"Остров Джексона (Включая о-ва Александра, Кверини, Клинг, Оммани, Харли и др.)",81°13′47″N,56°37′44″E,RU.FJ.JA,,,,,
RI1O,Karl Alexander Island,"Остров Карла-Александра (Включая о-ва Кобург, Соловьёва, Торупа, Чичагова,  и др.)",81°22′12″N,57°20′24″E,RU.FJ.KA,,,,,
RI1O,La Ronciere Island,Остров Ла-Ронсьер (Включая остров Гедж и другие мелкие прилегающие острова),80°58′56″N,60°59′39″E,RU.FJ.LR,,,,,
RI1O,Luigi Island,Остров Луиджи (Включая мелкие прилегающие острова),80°47′30″N,54°57′26″E,RU.FJ.LU,,,,,
RI1O,MacClintok Island,"Остров Мак-Клинтока (Включая о-ва Алджер, Брейди, Люрики, Огорд, и др.)",80°09′27″N,56°29′08″E,RU.FJ.MC,,,,,
RI1O,Nansen Island,"Остров Нансена (Включая о-ва Блисса, Брайса, Бромидж, Кётлица, Уилтона и др.)",80°28′53″N,54°07′03″E,RU.FJ.NA,,,,,
RI1O,Northbrook Island,"Остров Нортбрук (Включая о-ва Новый, Робертсона, Юрия Кучиева и др.)",79°59′15″N,50°58′04″E,RU.FJ.NB,,,,,
RI1O,Payer Island,"Остров Пайера (Включая о-ва Аполлонова, Столичка, Рифы Миловзорова и др.)",81°08′58″N,57°30′41″E,RU.FJ.PY,,,,,
RI1O,Rainer Island,"Остров Райнера (Включая о-ва Беккера, Гофмана, Иванова, Рифы Лесгафта и др.)",81°21′31″N,58°59′29″E,RU.FJ.RA,,,,,
RI1O,Rudolf Island,Остров Рудольфа (Включая мелкие прилегающие острова),81°46′02″N,58°33′36″E,RU.FJ.RU,,,,,
RI1O,Salm Island,"Остров Сальм (Включая о-ва Бисерные, Вильчека, Гохштеттера, Ламон, Литке и др.)",80°04′00″N,59°16′00″E,RU.FJ.SA,,,,,
RI1O,Salisbury Island,"Остров Солсбери (Включая о-ва Елизаветы, Иеске, Кучина и др.)",80°54′09″N,56°14′08″E,RU.FJ.SB,,,,,
RI1O,Heiss Island,Остров Хейса (Включая о-ва Комсомольские и другие мелкие прилегающие острова),80°34′29″N,57°41′41″E,RU.FJ.HE,,,,,
RI1O,Ziegler Island,Остров Циглера (Включая остров Угольной Копи и другие прилегающие острова),80°57′51″N,58°02′45″E,RU.FJ.ZG,,,,,
RI1O,Champ Island,Остров Чамп (Включая мелкие прилегающие острова),80°40′26″N,56°14′13″E,RU.FJ.CH,,,,,
RI1O,White Land Islands,"Острова Белая Земля (Включая о-ва Аделаиды, Ева-Лив, Фреден и др.)",81°38′06″N,62°26′35″E,RU.FJ.WL,,,,,
Nenets Autonomous District ► Ненецкий Автономный Округ ► Ненёцие Автономной Окрук,,,,,,,,,,
R1P,Rural Settlement of Andeg,МО «Андегский Сельсовет» ,67°53′23″N,53°12′57″E,RU.NO.AN,,,,,
R1P,Rural Settlement of Velikovisochnoye,МО «Великовисочный Сельсовет»,67°15′21″N,52°01′56″E,RU.NO.VE,,,,,
R1P,Urban Settlement of Iskateley,МО «Городское Поселение «Рабочий Поселок Искателей»,67°40′31″N,53°06′55″E,RU.NO.IS,,,,,
R1P,Rural Settlement of Kanin,МО «Канинский Сельсовет»,66°36′06″N,44°40′29″E,RU.NO.KA,,,,,
R1P,Rural Settlement of Kara,МО «Карский Сельсовет»,69°14′55″N,64°55′33″E,RU.NO.KR,,,,,
R1P,Rural Settlement of Kolguyev (RI1P - Kolguyev Island),МО «Колгуевский Сельсовет» (RI1P - Остров Колгуев),69°05′41″N,49°06′22″E,RU.NO.KO,,,,,
R1P,Rural Settlement of Kotkino,МО «Коткинский Сельсовет»,67°01′52″N,51°08′03″E,RU.NO.KT,,,,,
R1P,Rural Settlement of Malaya Zemlya,МО «Малоземельский Сельсовет»,67°58′54″N,52°57′32″E,RU.NO.MZ,,,,,
R1P,Township of Naryan-Mar,МО «Городской Округ «Город Нарьян-Мар»,67°38′29″N,53°02′26″E,RU.NO.NM,,,,,
R1P,Rural Settlement of Oma,МО «Омский Сельсовет»,66°38′38″N,46°29′30″E,RU.NO.OM,,,,,
R1P,Rural Settlement of Pesha,МО «Пешский Сельсовет»,66°45′11″N,47°45′46″E,RU.NO.PE,,,,,
R1P,Rural Settlement of Amderma,МО «Посёлок Амдерма»,69°45′35″N,61°39′59″E,RU.NO.AM,,,,,
R1P,Rural Settlement of Primorye-Kuya,МО «Приморско-Куйский Сельсовет»,67°50′07″N,53°36′07″E,RU.NO.PK,,,,,
R1P,Rural Settlement of Pustozersky,МО «Пустозерский Сельсовет»,67°35′04″N,52°10′51″E,RU.NO.PU,,,,,
R1P,Rural Settlement of Telviska,МО «Тельвисочный Сельсовет»,67°38′01″N,52°53′26″E,RU.NO.TE,,,,,
R1P,Rural Settlement of Timan,МО «Тиманский Сельсовет»,67°39′33″N,49°02′08″E,RU.NO.TI,,,,,
R1P,Rural Settlement of Khorey-Ver,МО «Хорей-Верский Сельсовет»,67°25′17″N,58°02′52″E,RU.NO.KV,,,,,
R1P,Rural Settlement of Khoseda-Khard,МО «Хоседа-Хардский Сельсовет»,66°50′26″N,59°31′41″E,RU.NO.KK,,,,,
R1P,Rural Settlement of Shoyna,МО «Шоинский Сельсовет»,67°52′39″N,44°09′14″E,RU.NO.SH,,,,,
R1P,Rural Settlement of Yushar (Excluding Vaygach Island),МО «Юшарский Сельсовет» (Исключая Остров Вайгач),68°45′42″N,61°24′46″E,RU.NO.YU,,,,,
Exceptional Island Territories of the Nenets Autonomous District,,,,,,,,,,
RI1P,Vaygach Island,Остров Вайгач,70°01′00″N,59°33′00″E,RU.DX.VA,,,,,
RI1P,Nenets Nature Reserve,"Ненецкий Заповедник (Включая о-ва Гуляевские Кошки, Долгий, Матвеев и др.)",69°16′24″N,59°05′34″E,RU.DX.NE,,,,,
Province of Vologda ► Вологодская Область,,,,,,,,,,
R1Q,County of Babayevo,Бабаевский Район,59°23′00″N,35°57′00″E,RU.VO.BB,,,,,
R1Q,County of Babushkino,Бабушкинский Район,59°45′24″N,43°08′05″E,RU.VO.BA,,,,,
R1Q,County of Belozersk,Белозерский Район,60°02′00″N,37°47′00″E,RU.VO.BE,,,,,
R1Q,County of Vashki,Вашкинский Район,60°15′44″N,37°58′45″E,RU.VO.VA,,,,,
R1Q,County of Veliky Ustyug,Великоустюгский Район,60°46′00″N,46°18′00″E,RU.VO.VU,,,,,
R1Q,County of Verkhovazhye,Верховажский Район,60°44′00″N,42°03′00″E,RU.VO.VE,,,,,
R1Q,County of Vozhega,Вожегодский Район,60°28′00″N,40°12′00″E,RU.VO.VZ,,,,,
R1Q,Township of Vologda,Город Вологда,59°13′00″N,39°54′00″E,RU.VO.GV,,,,,
R1Q,County of Vologda,Вологодский Район,59°17′29″N,39°40′06″E,RU.VO.VR,,,,,
R1Q,County of Vytegra,Вытегорский Район,61°00′00″N,36°27′00″E,RU.VO.VY,,,,,
R1Q,County of Gryazovets,Грязовецкий Район,58°53′00″N,40°15′00″E,RU.VO.GR,,,,,
R1Q,County of Kaduy,Кадуйский Район,59°12′00″N,37°10′00″E,RU.VO.KA,,,,,
R1Q,County of Kirillov,Кирилловский Район,59°52′00″N,38°23′00″E,RU.VO.KI,,,,,
R1Q,County of Kichmengsky Gorodok,Кичменгско-Городецкий Район,59°59′27″N,45°48′53″E,RU.VO.KG,,,,,
R1Q,County of Mezhdurechye,Междуреченский Район,59°22′27″N,41°02′00″E,RU.VO.MR,,,,,
R1Q,County of Nikolsk,Никольский Район,59°32′00″N,45°27′00″E,RU.VO.NI,,,,,
R1Q,County of Nyuksenitsa,Нюксенский Район,60°24′40″N,44°14′04″E,RU.VO.NU,,,,,
R1Q,County of Sokol,Сокольский Район,59°28′00″N,40°07′00″E,RU.VO.SO,,,,,
R1Q,County of Syamzha,Сямженский Район,60°01′23″N,41°03′30″E,RU.VO.SM,,,,,
R1Q,County of Tarnoga,Тарногский Район,60°30′00″N,43°33′00″E,RU.VO.TA,,,,,
R1Q,County of Totma,Тотемский Район,59°59′00″N,42°46′00″E,RU.VO.TO,,,,,
R1Q,County of Ustye-Kubena,Усть-Кубинский Район,59°37′57″N,39°43′48″E,RU.VO.UK,,,,,
R1Q,County of Ustyuzhna,Устюженский Район,58°50′00″N,36°26′00″E,RU.VO.US,,,,,
R1Q,County of Kharovsk,Харовский Район,59°57′00″N,40°12′00″E,RU.VO.KH,,,,,
R1Q,County of Chagodoshcha,Чагодощенский Район,59°10′00″N,35°20′00″E,RU.VO.CH,,,,,
R1Q,Township of Cherepovets,Город Череповец,59°08′00″N,37°55′00″E,RU.VO.GC,,,,,
R1Q,County of Cherepovets,Череповецкий Район,59°09′20″N,37°33′20″E,RU.VO.CR,,,,,
R1Q,County of Sheksna,Шекснинский Район,59°13′00″N,38°30′00″E,RU.VO.SH,,,,,
Province of Novgorod ► Новгородская Область,,,,,,,,,,
R1T,County of Batetsky,Батецкий Район,58°38′24″N,30°18′36″E,RU.NV.BA,,,,,
R1T,County of Borovichi,Боровичский Район,58°24′00″N,33°54′00″E,RU.NV.BO,,,,,
R1T,County of Valday,Валдайский Район,57°58′00″N,33°15′00″E,RU.NV.VA,,,,,
R1T,Township of Veliky Novgorod,Город Великий Новгород,58°31′00″N,31°17′00″E,RU.NV.VN,,,,,
R1T,County of Volot,Волотовский Район,57°55′40″N,30°42′09″E,RU.NV.VO,,,,,
R1T,County of Demyansk,Демянский Район,57°39′00″N,32°28′00″E,RU.NV.DE,,,,,
R1T,County of Kresttsy,Крестецкий Район,58°15′17″N,32°30′41″E,RU.NV.KR,,,,,
R1T,County of Lyubytino,Любытинский Район,58°48′40″N,33°23′30″E,RU.NV.LU,,,,,
R1T,County of Malaya Vishera,Маловишерский Район,58°51′00″N,32°13′00″E,RU.NV.MV,,,,,
R1T,County of Maryovo,Марёвский Район,57°19′00″N,32°05′00″E,RU.NV.MA,,,,,
R1T,County of Moshenskoye,Мошенской Район,58°31′00″N,34°34′00″E,RU.NV.MO,,,,,
R1T,County of Novgorod,Новгородский Район,58°22′38″N,31°00′22″E,RU.NV.NO,,,,,
R1T,County of Okulovka,Окуловский Район,58°23′00″N,33°18′00″E,RU.NV.OK,,,,,
R1T,County of Parfino,Парфинский Район,57°58′00″N,31°39′00″E,RU.NV.PA,,,,,
R1T,County of Pestovo,Пестовский Район,58°36′00″N,35°49′00″E,RU.NV.PE,,,,,
R1T,County of Poddorye,Поддорский Район,57°28′00″N,31°07′00″E,RU.NV.PO,,,,,
R1T,County of Soltsy,Солецкий Район,58°07′00″N,30°19′00″E,RU.NV.SO,,,,,
R1T,County of Staraya Russa,Старорусский Район,57°59′00″N,31°21′00″E,RU.NV.SR,,,,,
R1T,County of Khvoynaya,Хвойнинский Район,58°54′00″N,34°30′00″E,RU.NV.KH,,,,,
R1T,County of Kholm,Холмский Район,57°09′00″N,31°11′00″E,RU.NV.KM,,,,,
R1T,County of Chudovo,Чудовский Район,59°07′41″N,31°39′33″E,RU.NV.CH,,,,,
R1T,County of Shimsk,Шимский Район,58°12′36″N,30°42′54″E,RU.NV.SH,,,,,
Province of Pskov ► Псковская Область,,,,,,,,,,
R1W,County of Bezhanitsy,Бежаницкий Район,56°58′00″N,29°53′00″E,RU.PS.BE,,,,,
R1W,Township of Velikiye Luki,Город Великие Луки,56°21′00″N,30°31′00″E,RU.PS.VL,,,,,
R1W,County of Velikiye Luki,Великолукский Район,56°13′36″N,30°30′43″E,RU.PS.VR,,,,,
R1W,County of Gdov,Гдовский Район,58°45′00″N,27°49′00″E,RU.PS.GD,,,,,
R1W,County of Dedovichi,Дедовичский Район,57°33′00″N,29°57′00″E,RU.PS.DE,,,,,
R1W,County of Dno,Дновский Район,57°50′00″N,29°58′00″E,RU.PS.DN,,,,,
R1W,County of Krasnogorodsk,Красногородский Район,56°49′44″N,28°16′51″E,RU.PS.KG,,,,,
R1W,County of Kunya,Куньинский Район,56°17′00″N,30°58′00″E,RU.PS.KU,,,,,
R1W,County of Loknya,Локнянский Район,56°50′00″N,30°09′00″E,RU.PS.LO,,,,,
R1W,County of Nevel,Невельский Район,56°01′00″N,29°56′00″E,RU.PS.NE,,,,,
R1W,County of Novorzhev,Новоржевский Район,57°02′00″N,29°20′00″E,RU.PS.NR,,,,,
R1W,County of Novosokolniki,Новосокольнический Район,56°20′00″N,30°09′00″E,RU.PS.NS,,,,,
R1W,County of Opochka,Опочецкий Район,56°43′00″N,28°39′00″E,RU.PS.OP,,,,,
R1W,County of Ostrov,Островский Район,57°20′00″N,28°21′00″E,RU.PS.OS,,,,,
R1W,County of Palkino,Палкинский Район,57°32′00″N,28°01′00″E,RU.PS.PA,,,,,
R1W,County of Pechory,Печорский Район,57°49′00″N,27°36′00″E,RU.PS.PE,,,,,
R1W,County of Plyussa,Плюсский Район,58°25′44″N,29°21′36″E,RU.PS.PL,,,,,
R1W,County of Porkhov,Порховский Район,57°46′00″N,29°33′00″E,RU.PS.PO,,,,,
R1W,Township of Pskov,Город Псков,57°49′00″N,28°20′00″E,RU.PS.GP,,,,,
R1W,County of Pskov,Псковский Район,57°56′36″N,28°13′37″E,RU.PS.PR,,,,,
R1W,County of Pustoshka,Пустошкинский Район,56°20′00″N,29°22′00″E,RU.PS.PU,,,,,
R1W,County of Pushkinskiye Gory,Пушкиногорский Район,57°01′00″N,28°55′00″E,RU.PS.PG,,,,,
R1W,County of Pytalovo,Пыталовский Район,57°04′00″N,27°55′00″E,RU.PS.PY,,,,,
R1W,County of Sebezh,Себежский Район,56°17′00″N,28°29′00″E,RU.PS.SE,,,,,
R1W,County of Strugi Krasnyye,Стругокрасненский Район,58°16′20″N,29°06′30″E,RU.PS.SK,,,,,
R1W,County of Usvyaty,Усвятский Район,55°44′55″N,30°45′20″E,RU.PS.US,,,,,
Province of Murmansk ► Мурманская Область,,,,,,,,,,
R1Z,Township of Aleksandrovsk (Closed Administrative-Territorial Formation),Город Александровск (ЗАТО),69°11′56″N,33°26′52″E,RU.MU.AL,,,,,
R1Z,Township of Apatity,Город Апатиты,67°34′03″N,33°23′36″E,RU.MU.AP,,,,,
R1Z,Township of Vidyayevo (Closed Administrative-Territorial Formation),Город Видяево (ЗАТО),69°19′18″N,32°48′23″E,RU.MU.VI,,,,,
R1Z,Township of Zaozyorsk (Closed Administrative-Territorial Formation),Город Заозёрск (ЗАТО),69°24′00″N,32°27′00″E,RU.MU.ZO,,,,,
R1Z,County of Kandalaksha,Кандалакшский Район,67°09′25″N,32°24′42″E,RU.MU.KA,,,,,
R1Z,Township of Kirovsk,Город Кировск,67°36′51″N,33°40′18″E,RU.MU.KI,,,,,
R1Z,County of Kovdor,Ковдорский Район,67°33′34″N,30°28′00″E,RU.MU.KO,,,,,
R1Z,County of Kola,Кольский Район,68°52′59″N,33°01′19″E,RU.MU.KL,,,,,
R1Z,County of Lovozero,Ловозерский Район,68°02′00″N,35°00′42″E,RU.MU.LO,,,,,
R1Z,Township of Monchegorsk,Город Мончегорск,67°56′22″N,32°54′56″E,RU.MU.MG,,,,,
R1Z,Township of Murmansk,Город Мурманск,68°58′00″N,33°05′00″E,RU.MU.MU,,,,,
R1Z,Township of Olenegorsk,Город Оленегорск,68°09′00″N,33°17′00″E,RU.MU.OG,,,,,
R1Z,Township of Ostrovnoy (Closed Administrative-Territorial Formation),Город Островной (ЗАТО),68°03′11″N,39°30′47″E,RU.MU.OS,,,,,
R1Z,County of Pechenga,Печенгский Район,69°33′14″N,31°13′36″E,RU.MU.PE,,,,,
R1Z,Township of Polyarnye Zori,Город Полярные Зори,67°21′57″N,32°29′53″E,RU.MU.PZ,,,,,
R1Z,Township of Severomorsk (Closed Administrative-Territorial Formation),Город Североморск (ЗАТО),69°04′09″N,33°25′00″E,RU.MU.SM,,,,,
R1Z,County of Tersky,Терский Район,66°40′53″N,34°20′44″E,RU.MU.TE,,,,,
Province of Kaliningrad ► Калининградская Область,,,,,,,,,,
R2F,County of Bagrationovsk (Preußisch Eylau),Багратионовский Район,54°23′00″N,20°38′00″E,RU.KA.BG,,,,,
R2F,County of Baltiysk (Pillau),Балтийский Район,54°39′00″N,19°55′00″E,RU.KA.BA,,,,,
R2F,County of Gvardeysk (Tapiau),Гвардейский Район,54°39′00″N,21°04′00″E,RU.KA.GV,,,,,
R2F,County of Guryevsk (Neuhausen),Гурьевский Район,54°46′00″N,20°36′00″E,RU.KA.GU,,,,,
R2F,County of Gusev (Gumbinnen),Гусевский Район,54°35′00″N,22°12′00″E,RU.KA.GS,,,,,
R2F,County of Zelenogradsk (Cranz),Зеленоградский Район,54°57′00″N,20°29′00″E,RU.KA.ZG,,,,,
R2F,Township of Kaliningrad (Königsberg),Город Калининград,54°43′00″N,20°30′00″E,RU.KA.KA,,,,,
R2F,County of Krasnoznamensk (Lasdehnen),Краснознаменский Район,54°57′00″N,22°30′00″E,RU.KA.KZ,,,,,
R2F,Township of Ladushkin (Ludwigsort),Город Ладушкин,54°34′00″N,20°10′00″E,RU.KA.LA,,,,,
R2F,Township of Mamonovo (Heiligenbeil),Город Мамоново,54°28′00″N,19°56′00″E,RU.KA.MA,,,,,
R2F,County of Neman (Ragnit),Неманский Район,55°02′00″N,22°02′00″E,RU.KA.NE,,,,,
R2F,County of Nesterov (Stallupönen),Нестеровский Район,54°38′00″N,22°34′00″E,RU.KA.NS,,,,,
R2F,County of Ozyorsk (Darkehmen),Озёрский Район,54°25′00″N,22°01′00″E,RU.KA.OZ,,,,,
R2F,Township of Pionersky (Neukuhren),Город Пионерский,54°57′00″N,20°13′00″E,RU.KA.PI,,,,,
R2F,County of Polessk (Labiau),Полесский Район,54°52′00″N,21°06′00″E,RU.KA.PO,,,,,
R2F,County of Pravdinsk (Friedland),Правдинский Район,54°27′00″N,21°01′00″E,RU.KA.PR,,,,,
R2F,County of Svetlogorsk (Rauschen),Светлогорский Район,54°56′00″N,20°09′00″E,RU.KA.SG,,,,,
R2F,Township of Svetly (Zimmerbude),Город Светлый,54°41′00″N,20°08′00″E,RU.KA.SV,,,,,
R2F,County of Slavsk (Heinrichswalde),Славский Район,55°03′00″N,21°40′00″E,RU.KA.SL,,,,,
R2F,Township of Sovetsk (Tilsit),Город Советск,55°05′00″N,21°53′00″E,RU.KA.SO,,,,,
R2F,County of Chernyakhovsk (Insterburg),Черняховский Район,54°38′00″N,21°49′00″E,RU.KA.CH,,,,,
R2F,Township of Yantarny (Palmnicken),Город Янтарный,54°52′22″N,19°56′26″E,RU.KA.YA,,,,,
Federal City of Moscow ► Город Федерального Значения Москва,,,,,,,,,,
R3A,Borough of East,Восточный Административный Округ,55°49′08″N,37°51′59″E,RU.MA.EA,,,,,
R3A,Borough of West,Западный Административный Округ,55°43′36″N, 37°26′54″E,RU.MA.WE,,,,,
R3A,Borough of Zelenograd,Зеленоградский Административный Округ,55°59′52″N,37°11′25″E,RU.MA.ZE,,,,,
R3A,Borough of Novomoskovsk,Новомосковский Административный Округ,55°30′00″N,37°34′00″E,RU.MA.NM,,,,,
R3A,Borough of North,Северный Административный Округ,55°48′37″N,37°33′45″E,RU.MA.NO,,,,,
R3A,Borough of North-East,Северо-Восточный Административный Округ,55°49′44″N,37°39′20″E,RU.MA.NE,,,,,
R3A,Borough of North-West,Северо-Западный Административный Округ,55°51′00″N,37°25′48″E,RU.MA.NW,,,,,
R3A,Borough of Troitsk,Троицкий Административный Округ,55°28′00″N,37°18′00″E,RU.MA.TR,,,,,
R3A,Borough of Centre,Центральный Административный Округ,55°44′57″N,37°35′26″E,RU.MA.CE,,,,,
R3A,Borough of South-East,Юго-Восточный Административный Округ,55°41′25″N,37°47′22″E,RU.MA.SE,,,,,
R3A,Borough of South-West,Юго-Западный Административный Округ,55°37′08″N,37°30′28″E,RU.MA.SW,,,,,
R3A,Borough of South,Южный Административный Округ,55°37′24″N,37°32′20″E,RU.MA.SO,,,,,
Province of Moscow ► Московская Область,,,,,,,,,,
R3D,Township of Balashikha,Город Балашиха,55°48′00″N,37°57′00″E,RU.MO.BA,,,,,
R3D,Township of Bronnitsy,Город Бронницы,55°25′00″N,38°18′00″E,RU.MO.BR,,,,,
R3D,Township of Vlasikha (Closed Administrative-Territorial Formation),Посёлок Власиха (ЗАТО),55°41′06″N,37°11′30″E,RU.MO.VL,,,,,
R3D,County of Volokolamsk,Волоколамский Район,56°02′00″N,35°57′00″E,RU.MO.VO,,,,,
R3D,County of Voskresensk,Воскресенский Район,55°19′00″N,38°41′00″E,RU.MO.VS,,,,,
R3D,Township of Voskhod (Closed Administrative-Territorial Formation),Посёлок Восход (ЗАТО),55°58′27″N,36°27′26″E,RU.MO.VD,,,,,
R3D,Township of Dzerzhinsky,Город Дзержинский,55°38′00″N,37°51′00″E,RU.MO.DZ,,,,,
R3D,County of Dmitrov,Дмитровский Район,56°21′00″N,37°32′00″E,RU.MO.DM,,,,,
R3D,Township of Dolgoprudny,Город Долгопрудный,55°56′00″N,37°30′00″E,RU.MO.DP,,,,,
R3D,Township of Domodedovo,Город Домодедово,55°26′00″N,37°45′00″E,RU.MO.DO,,,,,
R3D,Township of Dubna,Город Дубна,56°45′00″N,37°09′00″E,RU.MO.DU,,,,,
R3D,County of Yegoryevsk,Егорьевский Район,55°22′00″N,39°01′00″E,RU.MO.YE,,,,,
R3D,Township of Zheleznodorozhny,Город Железнодорожный,55°45′00″N,38°01′00″E,RU.MO.ZD,,,,,
R3D,Township of Zhukovsky,Город Жуковский,55°36′04″N,38°06′58″E,RU.MO.ZH,,,,,
R3D,County of Zaraysk,Зарайский Район,54°45′55″N,38°53′01″E,RU.MO.ZA,,,,,
R3D,"Township of Zvyozdny Gorodok (Star City, Closed ATF)",Звёздный Городок (ЗАТО),55°53′00″N,38°06′00″E,RU.MO.ZG,,,,,
R3D,Township of Zvenigorod,Город Звенигород,55°44′00″N,36°51′00″E,RU.MO.ZV,,,,,
R3D,Township of Ivanteyevka,Город Ивантеевка,55°58′12″N,37°55′12″E,RU.MO.IV,,,,,
R3D,County of Istra,Истринский Район,55°55′00″N,36°52′00″E,RU.MO.IS,,,,,
R3D,County of Kashira,Каширский Район,54°50′00″N,38°09′00″E,RU.MO.KS,,,,,
R3D,Township of Klimovsk,Город Климовск,55°22′00″N,37°32′00″E,RU.MO.KL,,,,,
R3D,County of Klin,Клинский Район,56°20′02″N,36°42′45″E,RU.MO.KN,,,,,
R3D,County of Kolomna,Коломенский Район,55°12′38″N,38°46′38″E,RU.MO.KR,,,,,
R3D,Township of Kolomna,Город Коломна,55°05′00″N,38°47′00″E,RU.MO.GK,,,,,
R3D,Township of Korolyov,Город Королёв,55°55′00″N,37°49′00″E,RU.MO.KO,,,,,
R3D,Township of Kotelniki,Город Котельники,55°39′00″N,37°52′00″E,RU.MO.KT,,,,,
R3D,Township of Krasnoarmeysk,Город Красноармейск,56°06′00″N,38°08′00″E,RU.MO.KA,,,,,
R3D,County of Krasnogorsk,Красногорский Район,55°49′00″N,37°20′00″E,RU.MO.KG,,,,,
R3D,Township of Krasnoznamensk (Closed Administrative-Territorial Formation),Город Краснознаменск (ЗАТО),55°36′00″N,37°02′00″E,RU.MO.KZ,,,,,
R3D,County of Lenin,Ленинский Район,55°33′02″N,37°42′39″E,RU.MO.LE,,,,,
R3D,Township of Lobnya,Город Лобня,56°01′00″N,37°29′00″E,RU.MO.LO,,,,,
R3D,Township of Losino-Petrovsky,Город Лосино-Петровский,55°52′00″N,38°12′00″E,RU.MO.LP,,,,,
R3D,County of Lotoshino,Лотошинский Район,56°13′48″N,35°38′12″E,RU.MO.LT,,,,,
R3D,County of Lukhovitsy,Луховицкий Район,54°59′00″N,39°02′00″E,RU.MO.LU,,,,,
R3D,Township of Lytkarino,Город Лыткарино,55°35′00″N,37°53′00″E,RU.MO.LY,,,,,
R3D,County of Lyubertsy,Люберецкий Район,55°40′00″N,37°55′00″E,RU.MO.LB,,,,,
R3D,County of Mozhaysk,Можайский Район,55°30′00″N,36°02′00″E,RU.MO.MZ,,,,,
R3D,Township of Molodyozhny (Closed Administrative-Territorial Formation),Посёлок Молодёжный (ЗАТО),55°19′40″N,36°47′10″E,RU.MO.ML,,,,,
R3D,County of Mytishchi,Мытищинский Район,55°55′00″N,37°44′00″E,RU.MO.MY,,,,,
R3D,County of Naro-Fominsk,Наро-Фоминский Район,55°23′00″N,36°44′00″E,RU.MO.NF,,,,,
R3D,County of Noginsk,Ногинский Район,55°51′00″N,38°26′00″E,RU.MO.NO,,,,,
R3D,County of Odintsovo,Одинцовский Район,55°40′00″N,37°17′00″E,RU.MO.OD,,,,,
R3D,County of Ozyory,Озёрский Район,54°51′00″N,38°33′00″E,RU.MO.OZ,,,,,
R3D,Township of Orekhovo-Zuyevo,Город Орехово-Зуево,55°48′00″N,38°58′00″E,RU.MO.GO,,,,,
R3D,County of Orekhovo-Zuyevo,Орехово-Зуевский Район,55°44′54″N,37°40′56″E,RU.MO.OR,,,,,
R3D,County of Pavlovsky Posad,Павлово-Посадский Район,55°47′00″N,38°39′00″E,RU.MO.PP,,,,,
R3D,Township of Podolsk,Город Подольск,55°25′47″N,37°32′40″E,RU.MO.GP,,,,,
R3D,County of Podolsk,Подольский Район,55°19′39″N,37°31′04″E,RU.MO.PR,,,,,
R3D,Township of Protvino,Город Протвино,54°52′00″N,37°13′00″E,RU.MO.PT,,,,,
R3D,County of Pushkino,Пушкинский Район,56°01′00″N,37°51′00″E,RU.MO.PU,,,,,
R3D,Township of Pushchino,Город Пущино,54°50′00″N,37°37′00″E,RU.MO.PS,,,,,
R3D,County of Ramenskoye,Раменский Район,55°34′00″N,38°13′00″E,RU.MO.RA,,,,,
R3D,Township of Reutov,Город Реутов,55°46′00″N,37°52′00″E,RU.MO.RE,,,,,
R3D,Township of Roshal,Город Рошаль,55°40′00″N,39°53′00″E,RU.MO.RO,,,,,
R3D,County of Ruza,Рузский Район,55°42′00″N,36°12′00″E,RU.MO.RU,,,,,
R3D,County of Sergiyev Posad,Сергиево-Посадский Район,56°18′00″N,38°08′00″E,RU.MO.SP,,,,,
R3D,County of Serebryanye Prudy,Серебряно-Прудский Район,54°27′00″N,38°44′00″E,RU.MO.SE,,,,,
R3D,Township of Serpukhov,Город Серпухов,54°55′00″N,37°24′00″E,RU.MO.GS,,,,,
R3D,County of Serpukhov,Серпуховский Район,55°05′21″N,37°01′01″E,RU.MO.SR,,,,,
R3D,County of Solnechnogorsk,Солнечногорский Район,56°11′04″N,36°59′42″E,RU.MO.SG,,,,,
R3D,County of Stupino,Ступинский Район,54°54′00″N,38°04′00″E,RU.MO.ST,,,,,
R3D,County of Taldom,Талдомский Район,56°44′00″N,37°32′00″E,RU.MO.TA,,,,,
R3D,Township of Fryazino,Город Фрязино,55°57′00″N,38°03′00″E,RU.MO.FR,,,,,
R3D,Township of Khimki,Город Химки,55°54′00″N,37°27′00″E,RU.MO.KH,,,,,
R3D,Township of Chernogolovka,Город Черноголовка,56°00′53″N,38°23′23″E,RU.MO.CG,,,,,
R3D,County of Chekhov,Чеховский Район,55°08′53″N,37°28′37″E,RU.MO.CH,,,,,
R3D,County of Shatura,Шатурский Район,55°34′00″N,39°32′00″E,RU.MO.SA,,,,,
R3D,County of Shakhovskaya,Шаховской Район,56°01′58″N,35°30′31″E,RU.MO.SH,,,,,
R3D,County of Shchyolkovo,Щёлковский Район,55°55′00″N,38°00′00″E,RU.MO.SO,,,,,
R3D,Township of Elektrogorsk,Город Электрогорск,55°53′00″N,38°47′00″E,RU.MO.EG,,,,,
R3D,Township of Elektrostal,Город Электросталь,55°48′00″N,38°27′00″E,RU.MO.ES,,,,,
R3D,Township of Yubileyny,Город Юбилейный,55°56′00″N,37°51′00″E,RU.MO.YU,,,,,
Province of Oryol ► Орловская Область,,,,,,,,,,
R3E,County of Bolkhov,Болховский Район,53°27′00″N,36°00′00″E,RU.OR.BO,,,,,
R3E,County of Verkhovye,Верховский Район,52°48′52″N,37°14′01″E,RU.OR.VE,,,,,
R3E,County of Glazunovka,Глазуновский Район,52°29′55″N,36°19′41″E,RU.OR.GZ,,,,,
R3E,County of Dmitrovsk,Дмитровский Район,52°30′00″N,35°09′00″E,RU.OR.DM,,,,,
R3E,County of Dolgoye,Должанский Район,52°03′30″N,37°31′28″E,RU.OR.DO,,,,,
R3E,County of Zalegoshch,Залегощенский Район,52°54′03″N,36°53′13″E,RU.OR.ZA,,,,,
R3E,County of Znamenskoye,Знаменский Район, 53°17′00″N,35°41′00″E,RU.OR.ZN,,,,,
R3E,County of Kolpny,Колпнянский Район,52°13′17″N,37°01′53″E,RU.OR.KO,,,,,
R3E,County of Korsakovo,Корсаковский Район,52°27′35″N,35°54′04″E,RU.OR.KS,,,,,
R3E,County of Krasnaya Zarya,Краснозоренский Район,52°46′59″N,37°40′58″E,RU.OR.KZ,,,,,
R3E,County of Kromy,Кромской Район,52°41′23″N,35°46′03″E,RU.OR.KR,,,,,
R3E,County of Livny,Ливенский Район,52°25′00″N,37°36′00″E,RU.OR.LR,,,,,
R3E,Township of Livny,Город Ливны,52°25′00″N,37°36′00″E,RU.OR.GL,,,,,
R3E,County of Maloarkhangelsk,Малоархангельский Район,52°24′00″N,36°30′00″E,RU.OR.MA,,,,,
R3E,Township of Mtsensk,Город Мценск,53°17′00″N,36°34′00″E,RU.OR.GM,,,,,
R3E,County of Mtsensk,Мценский Район,53°17′00″N,36°34′00″E,RU.OR.MR,,,,,
R3E,County of Novoderevenkovsky,Новодеревеньковский Район, 52°51′23″N,37°26′35″E,RU.OR.ND,,,,,
R3E,County of Novosil,Новосильский Район,52°58′00″N,37°03′00″E,RU.OR.NS,,,,,
R3E,Township of Oryol,Город Орёл, 52°58′00″N,36°05′00″E,RU.OR.GO,,,,,
R3E,County of Oryol,Орловский Район, 52°58′00″N,36°05′00″E,RU.OR.OR,,,,,
R3E,County of Pokrovskoye,Покровский Район,52°36′44″N,36°52′05″E,RU.OR.PO,,,,,
R3E,County of Sverdlov,Свердловский Район,52°40′11″N,36°22′26″E,RU.OR.SV,,,,,
R3E,County of Soskovo,Сосковский Район,52°44′57″N,35°22′40″E,RU.OR.SO,,,,,
R3E,County of Trosna,Троснянский Район,52°26′47″N,35°46′44″E,RU.OR.TR,,,,,
R3E,County of Uritsky,Урицкий Район,52°58′09″N,35°43′37″E,RU.OR.UR,,,,,
R3E,County of Khotynets,Хотынецкий Район,53°07′48″N,35°24′00″E,RU.OR.KH,,,,,
R3E,County of Shablykino,Шаблыкинский Район,52°51′15″N,35°11′50″E,RU.OR.SH,,,,,
Province of Lipetsk ► Липецкая Область,,,,,,,,,,
R3G,County of Volovo,Воловский Район,52°01′08″N,37°52′55″E,RU.LP.VO,,,,,
R3G,County of Gryazi,Грязинский Район,52°30′00″N,39°56′00″E,RU.LP.GR,,,,,
R3G,County of Dankov,Данковский Район,53°15′00″N,39°09′00″E,RU.LP.DA,,,,,
R3G,County of Dobrinka,Добринский Район, 52°09′47″N,40°27′58″E,RU.LP.DB,,,,,
R3G,County of Dobroye,Добровский Район,52°51′37″N,39°48′34″E,RU.LP.DO,,,,,
R3G,County of Dolgorukovo,Долгоруковский Район,52°18′32″N,38°20′18″E,RU.LP.DR,,,,,
R3G,Township of Yelets,Город Елец,52°37′00″N,38°28′00″E,RU.LP.GY,,,,,
R3G,County of Yelets,Елецкий Район,52°37′00″N,38°28′00″E,RU.LP.YR,,,,,
R3G,County of Zadonsk,Задонский Район, 52°23′00″N,38°55′00″E,RU.LP.ZA,,,,,
R3G,County of Izmalkovo,Измалковский Район, 52°41′21″N,37°58′47″E,RU.LP.IZ,,,,,
R3G,County of Krasnoye,Краснинский Район,52°51′48″N,38°47′24″E,RU.LP.KR,,,,,
R3G,County of Lebedyan,Лебедянский Район,53°00′42″N,39°07′41″E,RU.LP.LE,,,,,
R3G,County of Lev Tolstoy,Лев-Толстовский Район,53°12′25″N,39°27′03″E,RU.LP.LT,,,,,
R3G,Township of Lipetsk,Город Липецк,52°37′00″N,39°36′00″E,RU.LP.GL,,,,,
R3G,County of Lipetsk,Липецкий Район,52°37′00″N,39°36′00″E,RU.LP.LR,,,,,
R3G,County of Stanovoye,Становлянский Район,52°45′57″N,38°20′47″E,RU.LP.ST,,,,,
R3G,County of Terbuny,Тербунский Район,52°08′20″N,38°16′44″E,RU.LP.TR,,,,,
R3G,County of Usman,Усманский Район,52°03′00″N,39°44′00″E,RU.LP.US,,,,,
R3G,County of Khlevnoye,Хлевенский Район,52°12′04″N,39°05′31″E,RU.LP.KH,,,,,
R3G,County of Chaplygin,Чаплыгинский Район,53°15′00″N,39°58′00″E,RU.LP.CH,,,,,
Province of Tver ► Тверская Область,,,,,,,,,,
R3I,County of Andreapol,Андреапольский Район,56°39′00″N,32°16′00″E,RU.TV.AN,,,,,
R3I,Township of Bezhetsk,Город Бежецк,57°47′00″N,36°42′00″E,RU.TV.GB,,,,,
R3I,County of Bezhetsk,Бежецкий Район,57°54′28″N,36°50′30″E,RU.TV.BR,,,,,
R3I,County of Bely,Бельский Район,55°50′00″N,32°56′00″E,RU.TV.BE,,,,,
R3I,County of Bologoye,Бологовский Район,57°51′39″N,33°40′32″E,RU.TV.BG,,,,,
R3I,Township of Bologoye,Город Бологое,57°52′00″N,34°03′00″E,RU.TV.BO,,,,,
R3I,County of Vesyegonsk,Весьегонский Район,58°39′00″N,37°16′00″E,RU.TV.VE,,,,,
R3I,County of Vyshny Volochyok,Вышневолоцкий Район,57°36′57″N,34°24′41″E,RU.TV.GV,,,,,
R3I,Township of Vyshny Volochyok,Город Вышний Волочёк,57°35′00″N,34°34′00″E,RU.TV.VR,,,,,
R3I,County of Zharkovsky,Жарковский Район,55°50′38″N,32°15′46″E,RU.TV.ZH,,,,,
R3I,County of Zapadnaya Dvina,Западнодвинский Район,56°16′00″N,32°05′00″E,RU.TV.ZD,,,,,
R3I,County of Zubtsov,Зубцовский Район,56°10′00″N,34°35′00″E,RU.TV.ZU,,,,,
R3I,County of Kalinin,Калининский Район,56°54′45″N,36°13′52″E,RU.TV.KA,,,,,
R3I,County of Kalyazin,Калязинский Район,57°14′00″N,37°51′00″E,RU.TV.KZ,,,,,
R3I,Township of Kashin,Город Кашин,57°21′00″N,37°37′00″E,RU.TV.GK,,,,,
R3I,County of Kashin,Кашинский Район,57°18′10″N,37°09′03″E,RU.TV.KR,,,,,
R3I,County of Kesova Gora,Кесовогорский Район,57°35′00″N,37°17′00″E,RU.TV.KG,,,,,
R3I,County of Kimry,Кимрский Район,56°57′36″N,37°31′12″E,RU.TV.KI,,,,,
R3I,Township of Kimry,Город Кимры,56°52′00″N,37°21′00″E,RU.TV.KM,,,,,
R3I,Township of Konakovo,Город Конаково,56°42′00″N,36°46′00″E,RU.TV.KO,,,,,
R3I,County of Konakovo,Конаковский Район,56°37′40″N,36°12′19″E,RU.TV.KN,,,,,
R3I,County of Krasny Kholm,Краснохолмский Район,58°03′00″N,37°01′00″E,RU.TV.KK,,,,,
R3I,County of Kuvshinovo,Кувшиновский Район,57°02′00″N,34°10′00″E,RU.TV.KU,,,,,
R3I,County of Lesnoye,Лесной Район,58°16′58″N,35°31′16″E,RU.TV.LE,,,,,
R3I,County of Likhoslavl,Лихославльский Район,57°07′00″N,35°28′00″E,RU.TV.LS,,,,,
R3I,County of Maksatikha,Максатихинский Район,57°47′48″N,35°53′04″E,RU.TV.MA,,,,,
R3I,County of Molokovo,Молоковский Район,58°10′00″N,36°46′00″E,RU.TV.MO,,,,,
R3I,Township of Nelidovo,Город Нелидово,56°13′00″N,32°47′00″E,RU.TV.GN,,,,,
R3I,County of Nelidovo,Нелидовский Район,56°14′39″N,32°22′30″E,RU.TV.NR,,,,,
R3I,County of Olenino,Оленинский Район,56°12′15″N,33°28′39″E,RU.TV.OL,,,,,
R3I,Township of Ostashkov,Город Осташков,57°09′00″N,33°06′00″E,RU.TV.GO,,,,,
R3I,County of Ostashkov,Осташковский Район,57°18′42″N,32°46′35″E,RU.TV.OR,,,,,
R3I,County of Peno,Пеновский Район,56°56′30″N,32°44′07″E,RU.TV.PE,,,,,
R3I,County of Rameshki,Рамешковский Район,57°20′41″N,36°02′37″E,RU.TV.RA,,,,,
R3I,Township of Rzhev,Город Ржев,56°15′56″N,34°19′39″E,RU.TV.GR,,,,,
R3I,County of Rzhev,Ржевский Район,56°12′42″N,34°10′44″E,RU.TV.RR,,,,,
R3I,County of Sandovo,Сандовский Район,58°27′00″N,36°24′00″E,RU.TV.SA,,,,,
R3I,County of Selizharovo,Селижаровский Район,56°51′00″N,33°27′00″E,RU.TV.SE,,,,,
R3I,County of Sonkovo,Сонковский Район,57°46′00″N,37°09′00″E,RU.TV.SO,,,,,
R3I,County of Spirovo,Спировский Район,57°25′08″N,34°59′27″E,RU.TV.SP,,,,,
R3I,County of Staritsa,Старицкий Район,36°31′00″N,34°56′00″E,RU.TV.ST,,,,,
R3I,Township of Tver,Город Тверь,56°51′28″N,35°55′18″E,RU.TV.TV,,,,,
R3I,Township of Torzhok,Город Торжок,57°02′00″N,34°58′00″E,RU.TV.GT,,,,,
R3I,County of Torzhok,Торжокский Район,56°42′00″N,34°54′30″E,RU.TV.TR,,,,,
R3I,County of Toropets,Торопецкий Район,56°30′00″N,31°38′00″E,RU.TV.TO,,,,,
R3I,County of Udomlya,Удомельский Район,57°55′00″N,34°31′26″E,RU.TV.UR,,,,,
R3I,Township of Udomlya,Город Удомля,57°53′00″N,35°01′00″E,RU.TV.GU,,,,,
R3I,County of Firovo,Фировский Район,57°29′00″N,33°42′09″E,RU.TV.FI,,,,,
Province of Smolensk ► Смоленская Область,,,,,,,,,,
R3L,County of Velizh,Велижский Район,55°36′00″N,31°12′00″E,RU.SM.VE,,,,,
R3L,County of Vyazma,Вяземский Район,55°12′00″N,34°15′00″E,RU.SM.VZ,,,,,
R3L,County of Gagarin,Гагаринский Район,55°33′00″N,35°00′00″E,RU.SM.GA,,,,,
R3L,County of Glinka,Глинковский Район,54°39′06″N,32°52′26″E,RU.SM.GL,,,,,
R3L,County of Demidov,Демидовский Район,55°16′00″N,31°31′00″E,RU.SM.DE,,,,,
R3L,Township of Desnogorsk,Город Десногорск,54°09′00″N,33°17′00″E,RU.SM.DG,,,,,
R3L,County of Dorogobuzh,Дорогобужский Район,54°55′12″N,33°18′28″E,RU.SM.DO,,,,,
R3L,County of Dukhovshchina,Духовщинский Район,55°12′00″N,32°25′00″E,RU.SM.DU,,,,,
R3L,County of Yelnya,Ельнинский Район,54°34′00″N,33°10′00″E,RU.SM.YE,,,,,
R3L,County of Yershichi,Ершичский Район,53°40′24″N,32°45′33″E,RU.SM.YR,,,,,
R3L,County of Kardymovo,Кардымовский Район,54°52′48″N,32°26′42″E,RU.SM.KA,,,,,
R3L,County of Krasny,Краснинский Район,54°33′36″N,31°26′06″E,RU.SM.KR,,,,,
R3L,County of Monastyrshchina,Монастырщинский Район,54°21′00″N,31°50′00″E,RU.SM.MO,,,,,
R3L,County of Novodugino,Новодугинский Район,55°37′50″N,34°17′53″E,RU.SM.ND,,,,,
R3L,County of Pochinok,Починковский Район,54°24′00″N,32°27′00″E,RU.SM.PO,,,,,
R3L,County of Roslavl,Рославльский Район,53°57′00″N,32°51′00″E,RU.SM.RO,,,,,
R3L,County of Rudnya,Руднянский Район,54°57′00″N,31°04′00″E,RU.SM.RU,,,,,
R3L,County of Safonovo,Сафоновский Район,55°06′00″N,33°15′00″E,RU.SM.SA,,,,,
R3L,Township of Smolensk,Город Смоленск,54°47′00″N,32°03′00″E,RU.SM.GS,,,,,
R3L,County of Smolensk,Смоленский Район,54°46′12″N,31°41′23″E,RU.SM.SR,,,,,
R3L,County of Sychyovka,Сычёвский Район,55°50′00″N,34°17′00″E,RU.SM.SY,,,,,
R3L,County of Tyomkino,Тёмкинский Район,55°04′39″N,35°00′43″E,RU.SM.TM,,,,,
R3L,County of Ugra,Угранский Район,54°46′00″N,34°20′00″E,RU.SM.UG,,,,,
R3L,County of Khislavichi,Хиславичский Район,54°11′00″N,32°09′00″E,RU.SM.KH,,,,,
R3L,County of Kholm-Zhirkovsky,Холм-Жирковский Район,55°31′00″N,33°28′00″E,RU.SM.KZ,,,,,
R3L,County of Shumyachi,Шумячский Район,53°51′00″N,32°25′00″E,RU.SM.SH,,,,,
R3L,County of Yartsevo,Ярцевский Район,55°04′00″N,32°41′00″E,RU.SM.YA,,,,,
Province of Yaroslavl ► Ярославская Область,,,,,,,,,,
R3M,County of Bolshoye Selo,Большесельский Район,57°43′24″N,38°56′38″E,RU.YR.BS,,,,,
R3M,County of Borisoglebsky,Борисоглебский Район,57°16′00″N,39°09′00″E,RU.YR.BG,,,,,
R3M,County of Breytovo,Брейтовский Район,58°18′00″N,37°52′00″E,RU.YR.BR,,,,,
R3M,County of Gavrilov-Yam,Гаврилов-Ямский Район,57°18′00″N,39°51′00″E,RU.YR.GY,,,,,
R3M,County of Danilov,Даниловский Район,58°11′00″N,40°11′00″E,RU.YR.DA,,,,,
R3M,County of Lyubim,Любимский Район,58°21′00″N,40°42′00″E,RU.YR.LU,,,,,
R3M,County of Myshkin,Мышкинский Район,57°47′00″N,38°27′00″E,RU.YR.MY,,,,,
R3M,County of Nekouz,Некоузский Район,57°54′41″N,37°59′42″E,RU.YR.NE,,,,,
R3M,County of Nekrasovskoye,Некрасовский Район,57°40′00″N,40°22′00″E,RU.YR.NK,,,,,
R3M,County of Pervomaysky,Первомайский Район,58°25′00″N,40°19′00″E,RU.YR.PM,,,,,
R3M,Township of Pereslavl-Zalessky,Город Переславль-Залесский,56°44′17″N,38°51′22″E,RU.YR.PZ,,,,,
R3M,County of Pereslavl,Переславский Район,57°01′43″N,38°20′58″E,RU.YR.PE,,,,,
R3M,County of Poshekhonye,Пошехонский Район,58°30′00″N,39°07′00″E,RU.YR.PO,,,,,
R3M,County of Rostov,Ростовский Район,57°11′00″N,39°25′00″E,RU.YR.RO,,,,,
R3M,Township of Rybinsk,Город Рыбинск,58°03′00″N,38°50′00″E,RU.YR.GR,,,,,
R3M,County of Rybinsk,Рыбинский Район,58°00′00″N,39°10′00″E,RU.YR.RR,,,,,
R3M,County of Tutayev,Тутаевский Район,57°53′00″N,39°32′00″E,RU.YR.TU,,,,,
R3M,County of Uglich,Угличский Район,57°32′00″N,38°20′00″E,RU.YR.UG,,,,,
R3M,Township of Yaroslavl,Город Ярославль,57°37′00″N,39°51′00″E,RU.YR.YG,,,,,
R3M,County of Yaroslavl,Ярославский Район,57°41′00″N,39°53′00″E,RU.YR.YR,,,,,
Province of Kostroma ► Костромская Область,,,,,,,,,,
R3N,County of Antropovo,Антроповский Район,58°24′00″N,43°01′00″E,RU.KS.AN,,,,,
R3N,Township of Buy,Город Буй,58°29′00″N,41°31′00″E,RU.KS.GB,,,,,
R3N,County of Buy,Буйский Район,58°29′00″N,41°31′00″E,RU.KS.BR,,,,,
R3N,Township of Volgorechensk,Город Волгореченск,57°26′00″N,41°10′00″E,RU.KS.VR,,,,,
R3N,County of Vokhma,Вохомский Район,58°55′41″N,46°45′36″E,RU.KS.VO,,,,,
R3N,Township of Galich,Город Галич,58°23′00″N,42°21′00″E,RU.KS.GG,,,,,
R3N,County of Galich,Галичский Район,58°23′00″N,42°21′00″E,RU.KS.GR,,,,,
R3N,County of Kady,Кадыйский Район,57°46′51″N,43°11′18″E,RU.KS.KA,,,,,
R3N,County of Kologriv,Кологривский Район,58°50′00″N,44°20′00″E,RU.KS.KO,,,,,
R3N,Township of Kostroma,Город Кострома,57°46′00″N,40°56′00″E,RU.KS.GK,,,,,
R3N,County of Kostroma,Костромской Район,57°46′00″N,40°56′00″E,RU.KS.KR,,,,,
R3N,County of Krasnoselsky,Красносельский Район,57°31′00″N,41°14′00″E,RU.KS.KS,,,,,
R3N,County of Makaryev,Макарьевский Район,57°53′00″N,43°48′00″E,RU.KS.MA,,,,,
R3N,Township of Manturovo,Город Мантурово,58°20′00″N,44°46′00″E,RU.KS.GM,,,,,
R3N,County of Manturovo,Мантуровский Район,58°20′00″N,44°46′00″E,RU.KS.MR,,,,,
R3N,County of Mezha,Межевской Район,58°43′59″N,45°01′22″E,RU.KS.ME,,,,,
R3N,County of Neya,Нейский Район,58°17′00″N,43°52′00″E,RU.KS.NA,,,,,
R3N,County of Nerekhta,Нерехтский Район,57°27′00″N,40°35′00″E,RU.KS.NE,,,,,
R3N,County of Oktyabrsky,Октябрьский Район,58°58′35″N,47°01′14″E,RU.KS.OK,,,,,
R3N,County of Ostrovskoye,Островский Район,57°47′59″N,42°14′39″E,RU.KS.OS,,,,,
R3N,County of Pavino,Павинский Район,59°06′47″N,46°08′14″E,RU.KS.PA,,,,,
R3N,County of Parfenyevo,Парфеньевский Район,58°28′56″N,43°24′33″E,RU.KS.PF,,,,,
R3N,County of Ponazyryovo,Поназырёвский Район, 58°21′00″N,46°18′00″E,RU.KS.PO,,,,,
R3N,County of Pyshchug,Пыщугский Район, 58°53′01″N,45°42′35″E,RU.KS.PY,,,,,
R3N,County of Soligalich,Солигаличский Район,59°05′00″N,42°17′00″E,RU.KS.SO,,,,,
R3N,County of Sudislavl,Судиславский Район,57°53′00″N,41°42′00″E,RU.KS.SD,,,,,
R3N,County of Susanino,Сусанинский Район,58°08′48″N,41°35′02″E,RU.KS.SU,,,,,
R3N,County of Chukhloma,Чухломский Район,58°45′00″N,42°42′00″E,RU.KS.CH,,,,,
R3N,County of Sharya,Шарьинский Район,58°22′00″N,45°30′00″E,RU.KS.SR,,,,,
R3N,Township of Sharya,Город Шарья,58°22′00″N,45°30′00″E,RU.KS.GS,,,,,
Province of Tula ► Тульская Область,,,,,,,,,,
R3P,County of Aleksin,Алексинский Район,54°30′00″N,37°04′00″E,RU.TL.AL,,,,,
R3P,County of Arsenyevo,Арсеньевский Район,53°44′24″N,36°39′15″E,RU.TL.AR,,,,,
R3P,County of Belyov,Белёвский Район,53°48′00″N,36°08′00″E,RU.TL.BE,,,,,
R3P,County of Bogoroditsk,Богородицкий Район,53°46′00″N,38°08′00″E,RU.TL.BO,,,,,
R3P,County of Venyov,Венёвский Район,54°21′00″N,38°16′00″E,RU.TL.VE,,,,,
R3P,County of Volovo,Воловский Район, 53°33′20″N,38°01′20″E,RU.TL.VO,,,,,
R3P,Township of Donskoy,Город Донской,53°58′01″N,38°18′45″E,RU.TL.DO,,,,,
R3P,County of Dubna,Дубенский Район,54°09′23″N,36°57′27″E,RU.TL.DU,,,,,
R3P,County of Yefremov,Ефремовский Район,53°08′57″N,38°04′57″E,RU.TL.YE,,,,,
R3P,County of Zaoksky,Заокский Район,54°44′06″N,37°24′02″E,RU.TL.ZA,,,,,
R3P,County of Kamenka,Каменский Район,53°15′56″N,37°42′05″E,RU.TL.KA,,,,,
R3P,County of Kimovsk,Кимовский Район, 53°58′00″N,38°32′00″E,RU.TL.KI,,,,,
R3P,County of Kireyevsk,Киреевский Район, 53°56′00″N,37°56′00″E,RU.TL.KR,,,,,
R3P,County of Kurkino,Куркинский Район,53°26′12″N,38°40′11″E,RU.TL.KU,,,,,
R3P,County of Leninsky,Ленинский Район,54°17′31″N,37°27′40″E,RU.TL.LE,,,,,
R3P,Township of Novogurovsky,Посёлок Новогуровский,54°28′00″N,37°20′00″E,RU.TL.NG,,,,,
R3P,Township of Novomoskovsk,Город Новомосковск,54°02′00″N,38°16′00″E,RU.TL.NM,,,,,
R3P,County of Odoyev,Одоевский Район,53°56′32″N,36°41′59″E,RU.TL.OD,,,,,
R3P,County of Plavsk,Плавский Район, 53°42′00″N,37°18′00″E,RU.TL.PL,,,,,
R3P,Township of Slavny (Closed Administrative-Territorial Formation),Посёлок Славный (ЗАТО),53°32′46″N,36°28′27″E,RU.TL.SL,,,,,
R3P,County of Suvorov,Суворовский Район,54°07′00″N,36°30′00″E,RU.TL.SU,,,,,
R3P,County of Tyoploye-Ogarevo,Тёпло-Огаревский Район, 53°36′39″N,37°35′39″E,RU.TL.TO,,,,,
R3P,Township of Tula,Город Тула,54°12′00″N,37°37′00″E,RU.TL.TU,,,,,
R3P,County of Uzlovaya,Узловский Район,53°58′45″N,38°09′36″E,RU.TL.UZ,,,,,
R3P,County of Chern,Чернский Район, 53°27′00″N,36°54′36″E,RU.TL.CH,,,,,
R3P,County of Shchyokino,Щёкинский Район,54°00′00″N,37°31′00″E,RU.TL.SH,,,,,
R3P,County of Yasnogorsk,Ясногорский Район,54°29′00″N,37°42′00″E,RU.TL.YA,,,,,
Province of Voronezh ► Воронежская Область,,,,,,,,,,
R3Q,County of Anna,Аннинский Район,51°29′00″N,40°25′00″E,RU.VR.AN,,,,,
R3Q,County of Bobrov,Бобровский Район,51°05′00″N,40°02′00″E,RU.VR.BO,,,,,
R3Q,County of Boguchar,Богучарский Район,49°56′00″N,40°33′00″E,RU.VR.BR,,,,,
R3Q,Township of Borisoglebsk,Город Борисоглебск,51°22′00″N,42°05′00″E,RU.VR.BG,,,,,
R3Q,County of Buturlinovka,Бутурлиновский Район,50°59′00″N,40°36′00″E,RU.VR.BU,,,,,
R3Q,County of Verkhny Mamon,Верхнемамонский Район,50°09′45″N,40°22′31″E,RU.VR.VM,,,,,
R3Q,County of Verkhnyaya Khava,Верхнехавский Район,51°50′20″N,39°56′30″E,RU.VR.VK,,,,,
R3Q,County of Vorobyovka,Воробьевский Район, 50°38′39″N,40°56′43″E,RU.VR.VB,,,,,
R3Q,Township of Voronezh,Город Воронеж,51°40′18″N,39°12′38″E,RU.VR.VO,,,,,
R3Q,County of Gribanovsky,Грибановский Район, 51°27′00″N,41°58′00″E,RU.VR.GR,,,,,
R3Q,County of Kalach,Калачеевский Район,50°26′00″N,41°00′00″E,RU.VR.KA,,,,,
R3Q,County of Kamenka,Каменский Район, 50°42′00″N,39°25′00″E,RU.VR.KM,,,,,
R3Q,County of Kantemirovka,Кантемировский Район, 49°41′00″N,39°51′00″E,RU.VR.KT,,,,,
R3Q,County of Kashirskoye,Каширский Район,51°25′42″N,39°37′13″E,RU.VR.KS,,,,,
R3Q,County of Liski,Лискинский Район,50°59′00″N,39°31′00″E,RU.VR.LI,,,,,
R3Q,County of Nizhnedevitsk,Нижнедевицкий Район,51°31′45″N,38°22′39″E,RU.VR.ND,,,,,
R3Q,Township of Novovoronezh,Город Нововоронеж, 51°19′00″N,39°13′00″E,RU.VR.NV,,,,,
R3Q,County of Novaya Usman,Новоусманский Район,51°37′50″N,39°24′10″E,RU.VR.NU,,,,,
R3Q,County of Novokhopyorsk,Новохопёрский Район,51°06′00″N,41°37′00″E,RU.VR.NH,,,,,
R3Q,County of Olkhovatka,Ольховатский Район,50°17′10″N,39°17′52″E,RU.VR.OL,,,,,
R3Q,County of Ostrogozhsk,Острогожский Район,50°52′00″N,39°04′00″E,RU.VR.OS,,,,,
R3Q,County of Pavlovsk,Павловский Район, 50°27′00″N,40°04′00″E,RU.VR.PV,,,,,
R3Q,County of Panino,Панинский Район,51°36′00″N,40°6′00″E,RU.VR.PA,,,,,
R3Q,County of Petropavlovka,Петропавловский Район,50°05′49″N,40°52′40″E,RU.VR.PP,,,,,
R3Q,County of Povorino,Поворинский Район,51°12′00″N,42°15′00″E,RU.VR.PO,,,,,
R3Q,County of Podgorensky,Подгоренский Район,50°24′16″N,39°39′00″E,RU.VR.PG,,,,,
R3Q,County of Ramon,Рамонский Район,51°55′00″N,39°20′00″E,RU.VR.RA,,,,,
R3Q,County of Repyovka,Репьевский Район,51°04′40″N,38°38′00″E,RU.VR.RE,,,,,
R3Q,County of Rossosh,Россошанский Район,50°12′00″N,39°35′00″E,RU.VR.RO,,,,,
R3Q,County of Semiluki,Семилукский Район,51°41′00″N,39°02′00″E,RU.VR.SE,,,,,
R3Q,County of Talovaya,Таловский Район, 51°07′00″N,40°43′00″E,RU.VR.TA,,,,,
R3Q,County of Ternovka,Терновский Район,51°40′35″N,41°37′51″E,RU.VR.TE,,,,,
R3Q,County of Khokholsky,Хохольский Район,51°33′47″N,38°46′12″E,RU.VR.KH,,,,,
R3Q,County of Ertil,Эртильский Район,51°50′00″N,40°48′00″E,RU.VR.ER,,,,,
Province of Tambov ► Тамбовская Область,,,,,,,,,,
R3R,County of Bondari,Бондарский Район,52°57′00″N,42°04′00″E,RU.TB.BO,,,,,
R3R,County of Gavrilovka,Гавриловский Район,52°52′23″N,42°46′46″E,RU.TB.GA,,,,,
R3R,County of Zherdevka,Жердевский Район,51°50′00″N,41°28′00″E,RU.TB.ZH,,,,,
R3R,County of Znamenka,Знаменский Район,52°24′57″N,41°26′28″E,RU.TB.ZN,,,,,
R3R,County of Inzhavino,Инжавинский Район,52°19′00″N,42°30′00″E,RU.TB.IN,,,,,
R3R,Township of Kirsanov,Город Кирсанов,52°39′00″N,42°44′00″E,RU.TB.GK,,,,,
R3R,County of Kirsanov,Кирсановский Район,52°39′40″N,42°44′40″E,RU.TB.KR,,,,,
R3R,Township of Kotovsk,Город Котовск,52°35′00″N,41°30′00″E,RU.TB.KO,,,,,
R3R,Township of Michurinsk,Город Мичуринск,52°53′32″N,40°29′34″E,RU.TB.GM,,,,,
R3R,County of Michurinsk,Мичуринский Район,52°51′43″N,40°25′36″E,RU.TB.MR,,,,,
R3R,County of Mordovo,Мордовский Район,52°05′15″N,40°46′47″E,RU.TB.MD,,,,,
R3R,Township of Morshansk,Город Моршанск,53°27′00″N,41°48′00″E,RU.TB.MG,,,,,
R3R,County of Morshansk,Моршанский Район,53°27′30″N,41°48′30″E,RU.TB.MO,,,,,
R3R,County of Muchkapsky,Мучкапский Район,51°10′00″N,42°30′00″E,RU.TB.MU,,,,,
R3R,County of Nikiforovka,Никифоровский Район,52°53′04″N,40°47′22″E,RU.TB.NI,,,,,
R3R,County of Pervomaysky,Первомайский Район,53°14′33″N,40°17′12″E,RU.TB.PM,,,,,
R3R,County of Petrovskoye,Петровский Район,52°38′00″N,40°15′43″E,RU.TB.PE,,,,,
R3R,County of Pichayevo,Пичаевский Район,53°14′06″N,42°12′06″E,RU.TB.PI,,,,,
R3R,Township of Rasskazovo,Город Рассказово,52°40′00″N,41°53′00″E,RU.TB.GR,,,,,
R3R,County of Rasskazovo,Рассказовский Район,52°47′41″N,42°03′00″E,RU.TB.RR,,,,,
R3R,County of Rzhaksa,Ржаксинский Район,52°08′14″N,42°01′23″E,RU.TB.RZ,,,,,
R3R,County of Sampur,Сампурский Район,52°22′37″N,41°40′15″E,RU.TB.SA,,,,,
R3R,County of Sosnovka,Сосновский Район,53°14′13″N,41°22′14″E,RU.TB.SO,,,,,
R3R,County of Staroyuryevo,Староюрьевский Район,53°19′10″N,40°42′30″E,RU.TB.SY,,,,,
R3R,Township of Tambov,Город Тамбов,52°43′00″N,41°26′00″E,RU.TB.GT,,,,,
R3R,County of Tambov,Тамбовский Район,52°35′11″N,41°19′30″E,RU.TB.TR,,,,,
R3R,County of Tokaryevka,Токарёвский Район,51°59′35″N,41°09′40″E,RU.TB.TO,,,,,
R3R,Township of Uvarovo,Город Уварово,51°59′00″N,42°16′00″E,RU.TB.GU,,,,,
R3R,County of Uvarovo,Уваровский Район,51°50′18″N,41°57′57″E,RU.TB.UR,,,,,
R3R,County of Umyot,Умётский Район,52°33′42″N,42°58′33″E,RU.TB.UM,,,,,
Province of Ryazan ► Рязанская Область,,,,,,,,,,
R3S,County of Yermish,Ермишинский Район,54°46′00″N,42°16′00″E,RU.RA.YE,,,,,
R3S,County of Zakharovo,Захаровский Район,54°21′59″N,39°16′45″E,RU.RA.ZA,,,,,
R3S,County of Kadom,Кадомский Район,54°34′00″N,42°28′00″E,RU.RA.KA,,,,,
R3S,Township of Kasimov,Город Касимов,54°56′00″N,41°21′00″E,RU.RA.GK,,,,,
R3S,County of Kasimov,Касимовский Район,55°03′00″N,41°09′00″E,RU.RA.KR,,,,,
R3S,County of Klepiki,Клепиковский Район,55°08′00″N,40°10′00″E,RU.RA.KL,,,,,
R3S,County of Korablino,Кораблинский Район,53°55′00″N,40°01′00″E,RU.RA.KO,,,,,
R3S,County of Miloslavskoye,Милославский Район,53°34′27″N,39°26′23″E,RU.RA.MS,,,,,
R3S,County of Mikhaylov,Михайловский Район,54°14′00″N,39°02′00″E,RU.RA.MI,,,,,
R3S,County of Novoderevensky,Новодеревенский Район,53°28′00″N,40°12′00″E,RU.RA.ND,,,,,
R3S,County of Pitelino,Пителинский Район,54°34′50″N,41°48′48″E,RU.RA.PI,,,,,
R3S,County of Pronsk,Пронский Район,54°07′10″N,39°35′31″E,RU.RA.PR,,,,,
R3S,County of Putyatino,Путятинский Район,54°18′46″N,40°08′22″E,RU.RA.PU,,,,,
R3S,County of Rybnoye,Рыбновский Район,54°44′00″N,39°31′00″E,RU.RA.RY,,,,,
R3S,County of Ryazhsk,Ряжский Район,53°43′00″N,40°04′00″E,RU.RA.RZ,,,,,
R3S,Township of Ryazan,Город Рязань,54°37′00″N,39°43′00″E,RU.RA.GR,,,,,
R3S,County of Ryazan,Рязанский Район,54°36′14″N,40°02′46″E,RU.RA.RR,,,,,
R3S,County of Sapozhok,Сапожковский Район,53°56′37″N,40°40′57″E,RU.RA.SZ,,,,,
R3S,County of Sarai,Сараевский Район,53°43′19″N,40°59′29″E,RU.RA.SA,,,,,
R3S,Township of Sasovo,Город Сасово,54°21′00″N,41°55′00″E,RU.RA.GS,,,,,
R3S,County of Sasovo,Сасовский Район,54°21′20″N,41°55′20″E,RU.RA.SR,,,,,
R3S,Township of Skopin,Город Скопин,53°49′00″N,39°33′00″E,RU.RA.SG,,,,,
R3S,County of Skopin,Скопинский Район,53°47′24″N,39°14′43″E,RU.RA.SK,,,,,
R3S,County of Spassk,Спасский Район,54°24′00″N,40°23′00″E,RU.RA.SP,,,,,
R3S,County of Starozhilovo,Старожиловский Район,54°13′42″N,39°54′41″E,RU.RA.ST,,,,,
R3S,County of Ukholovo,Ухоловский Район,53°47′32″N,40°29′09″E,RU.RA.UK,,,,,
R3S,County of Chuchkovo,Чучковский Район,54°15′00″N,41°27′00″E,RU.RA.CH,,,,,
R3S,County of Shatsk,Шацкий Район,54°02′00″N,41°42′00″E,RU.RA.SH,,,,,
R3S,County of Shilovo,Шиловский Район,54°19′20″N,40°52′30″E,RU.RA.SL,,,,,
Province of Nizhny Novgorod ► Нижегородская Область,,,,,,,,,,
R3T,County of Ardatov,Ардатовский Район,55°14′18″N,43°05′47″E,RU.NN.AD,,,,,
R3T,Township of Arzamas,Город Арзамас,55°24′00″N,43°49′00″E,RU.NN.GA,,,,,
R3T,County of Arzamas,Арзамасский Район,55°22′45″N,43°47′31″E,RU.NN.AR,,,,,
R3T,County of Balakhna,Балахнинский Район,56°24′15″N,43°42′58″E,RU.NN.BA,,,,,
R3T,County of Bogorodsk,Богородский Район,56°05′59″N,43°30′26″E,RU.NN.BG,,,,,
R3T,County of Bolshoye Boldino,Большеболдинский Район,55°00′14″N,45°18′35″E,RU.NN.BB,,,,,
R3T,County of Bolshoye Murashkino,Большемурашкинский Район,55°46′51″N,44°46′15″E,RU.NN.BM,,,,,
R3T,County of Bor,Борский Район,56°21′37″N,44°03′33″E,RU.NN.BO,,,,,
R3T,County of Buturlino,Бутурлинский Район,55°33′55″N,44°54′02″E,RU.NN.BU,,,,,
R3T,County of Vad,Вадский Район,55°31′25″N,44°12′50″E,RU.NN.VD,,,,,
R3T,County of Varnavino,Варнавинский Район,57°24′10″N,45°05′32″E,RU.NN.VR,,,,,
R3T,County of Vacha,Вачский Район,55°48′00″N,42°46′20″E,RU.NN.VA,,,,,
R3T,County of Vetluga,Ветлужский Район,57°59′00″N,45°06′00″E,RU.NN.VE,,,,,
R3T,County of Voznesenskoye,Вознесенский Район,54°53′30″N,42°46′30″E,RU.NN.VZ,,,,,
R3T,County of Volodarsk,Володарский Район,56°13′53″N,42°57′28″E,RU.NN.VO,,,,,
R3T,County of Vorotynets,Воротынский Район,56°03′00″N,45°51′00″E,RU.NN.VT,,,,,
R3T,County of Voskresenskoye,Воскресенский Район,56°50′09″N,45°25′43″E,RU.NN.VS,,,,,
R3T,County of Vyksa,Выксунский Район,55°20′31″N,42°05′44″E,RU.NN.VY,,,,,
R3T,County of Gagino,Гагинский Район,55°14′03″N,45°02′37″E,RU.NN.GG,,,,,
R3T,County of Gorodets,Городецкий Район,56°36′56″N,43°21′29″E,RU.NN.GO,,,,,
R3T,County of Dalneye Konstantinovo,Дальнеконстантиновский Район,55°48′37″N,44°06′43″E,RU.NN.DK,,,,,
R3T,Township of Dzerzhinsk,Город Дзержинск,56°14′00″N,43°27′00″E,RU.NN.DZ,,,,,
R3T,County of Diveyevo,Дивеевский Район,55°02′45″N,43°13′57″E,RU.NN.DI,,,,,
R3T,County of Knyaginino,Княгининский Район,55°49′00″N,45°02′00″E,RU.NN.KN,,,,,
R3T,County of Koverino,Ковернинский Район,57°07′31″N,43°48′51″E,RU.NN.KV,,,,,
R3T,County of Krasnye Baki,Краснобаковский Район,57°07′47″N,45°09′22″E,RU.NN.KB,,,,,
R3T,County of Krasnooktyabrsky,Краснооктябрьский Район,55°23′52″N,45°36′50″E,RU.NN.KO,,,,,
R3T,County of Kstovo,Кстовский Район,56°09′06″N,44°11′44″E,RU.NN.KS,,,,,
R3T,County of Kulebaki,Кулебакский Район,55°20′05″N,42°25′17″E,RU.NN.KU,,,,,
R3T,County of Lukoyanov,Лукояновский Район,54°53′37″N,44°17′48″E,RU.NN.LU,,,,,
R3T,County of Lyskovo,Лысковский Район,56°05′04″N,45°03′45″E,RU.NN.LS,,,,,
R3T,County of Navashino,Навашинский Район,55°31′06″N,42°50′05″E,RU.NN.NA,,,,,
R3T,Township of Nizhny Novgorod,Город Нижний Новгород,56°19′00″N,44°00′00″E,RU.NN.NN,,,,,
R3T,County of Pavlovo,Павловский Район,55°59′00″N,43°00′00″E,RU.NN.PA,,,,,
R3T,County of Pervomaysk,Первомайский Район,55°01′13″N,43°50′03″E,RU.NN.PM,,,,,
R3T,County of Perevoz,Перевозский Район,55°36′00″N,44°33′00″E,RU.NN.PE,,,,,
R3T,County of Pilna,Пильнинский Район,55°33′00″N,45°55′00″E,RU.NN.PI,,,,,
R3T,County of Pochinki,Починковский Район,54°45′55″N,44°53′27″E,RU.NN.PO,,,,,
R3T,Township of Sarov (Closed Administrative-Territorial Formation),Город Саров (ЗАТО),54°56′00″N,43°19′00″E,RU.NN.SA,,,,,
R3T,County of Semyonov,Семёновский Район,57°02′32″N,44°52′32″E,RU.NN.SM,,,,,
R3T,County of Sergach,Сергачский Район,55°32′00″N,45°28′00″E,RU.NN.SG,,,,,
R3T,County of Sechenovo,Сеченовский Район,55°13′28″N,45°53′26″E,RU.NN.SE,,,,,
R3T,County of Sokolskoye,Сокольский Район,57°08′39″N,43°09′45″E,RU.NN.SK,,,,,
R3T,County of Sosnovskoye,Сосновский Район,55°48′04″N,43°09′46″E,RU.NN.SO,,,,,
R3T,County of Spasskoye,Спасский Район,55°48′34″N,45°34′24″E,RU.NN.SP,,,,,
R3T,County of Tonkino,Тонкинский Район,57°22′19″N,46°27′35″E,RU.NN.TN,,,,,
R3T,County of Tonshayevo,Тоншаевский Район,57°44′19″N,47°01′05″E,RU.NN.TO,,,,,
R3T,County of Uren,Уренский Район,57°29′03″N,45°58′13″E,RU.NN.UR,,,,,
R3T,County of Chkalovsk,Чкаловский Район,56°49′55″N,43°12′46″E,RU.NN.CH,,,,,
R3T,County of Sharanga,Шарангский Район,57°10′17″N,46°32′25″E,RU.NN.SR,,,,,
R3T,County of Shatki,Шатковский Район,55°11′00″N,44°09′00″E,RU.NN.ST,,,,,
R3T,County of Shakhunya,Шахунский Район,58°01′19″N,46°19′10″E,RU.NN.SH,,,,,
Province of Ivanovo ► Ивановская Область,,,,,,,,,,
R3U,County of Verkhny Landekh,Верхне-Ландеховский Район,56°50′00″N,42°35′00″E,RU.IV.VL,,,,,
R3U,Township of Vichuga,Город Вичуга,57°12′00″N,41°55′00″E,RU.IV.GV,,,,,
R3U,County of Vichuga,Вичугский Район,57°16′03″N,41°52′22″E,RU.IV.VR,,,,,
R3U,County of Gavrilov Posad,Гаврилово-Посадский Район,56°34′00″N,40°07′00″E,RU.IV.GP,,,,,
R3U,County of Zavolzhsk,Заволжский Район,57°29′00″N,42°08′00″E,RU.IV.ZV,,,,,
R3U,Township of Ivanovo,Город Иваново,57°00′00″N,40°59′00″E,RU.IV.GI,,,,,
R3U,County of Ivanovo,Ивановский Район,57°03′39″N,41°05′42″E,RU.IV.IR,,,,,
R3U,County of Ilyinsky,Ильинский Район,56°58′00″N,39°45′00″E,RU.IV.IL,,,,,
R3U,Township of Kineshma,Город Кинешма,57°27′00″N,42°09′00″E,RU.IV.GK,,,,,
R3U,County of Kineshma,Кинешемский Район,57°22′16″N,42°06′33″E,RU.IV.KR,,,,,
R3U,County of Komsomolsk,Комсомольский Район,57°02′00″N,40°23′00″E,RU.IV.KO,,,,,
R3U,Township of Kokhma,Город Кохма,56°56′00″N,41°05′00″E,RU.IV.KH,,,,,
R3U,County of Lezhnevo,Лежневский Район,56°46′00″N,40°53′00″E,RU.IV.LE,,,,,
R3U,County of Lukh,Лухский Район,57°00′00″N,42°15′00″E,RU.IV.LU,,,,,
R3U,County of Palekh,Палехский Район,56°48′00″N,41°51′00″E,RU.IV.PA,,,,,
R3U,County of Pestyaki,Пестяковский Район,56°42′45″N,42°40′26″E,RU.IV.PE,,,,,
R3U,County of Privolzhsk,Приволжский Район,57°23′00″N,41°17′00″E,RU.IV.PV,,,,,
R3U,County of Puchezh,Пучежский Район,56°59′00″N,43°10′00″E,RU.IV.PU,,,,,
R3U,County of Rodniki,Родниковский Район,57°06′00″N,41°44′00″E,RU.IV.RO,,,,,
R3U,County of Savino,Савинский Район,56°35′26″N,41°12′47″E,RU.IV.SA,,,,,
R3U,Township of Teykovo,Город Тейково,56°51′00″N,40°33′00″E,RU.IV.GT,,,,,
R3U,County of Teykovo,Тейковский Район,56°48′15″N,40°30′28″E,RU.IV.TR,,,,,
R3U,County of Furmanov,Фурмановский Район,57°15′00″N,41°06′00″E,RU.IV.FU,,,,,
R3U,County of Shuya,Шуйский Район,56°53′35″N,41°31′29″E,RU.IV.GS,,,,,
R3U,Township of Shuya,Город Шуя,56°51′00″N,41°22′00″E,RU.IV.SR,,,,,
R3U,County of Yuzha,Южский Район,56°35′00″N,42°01′00″E,RU.IV.YU,,,,,
R3U,County of Yuryevets,Юрьевецкий Район,57°19′00″N,43°06′00″E,RU.IV.YR,,,,,
Province of Vladimir ► Владимирская Область,,,,,,,,,,
R3V,County of Aleksandrov,Александровский Район,56°24′00″N,38°43′00″E,RU.VL.AL,,,,,
R3V,Township of Vladimir,Город Владимир,56°08′00″N,40°25′00″E,RU.VL.VL,,,,,
R3V,County of Vyazniki,Вязниковский Район,56°14′00″N,42°10′00″E,RU.VL.VZ,,,,,
R3V,County of Gorokhovets,Гороховецкий Район,56°12′00″N,42°42′00″E,RU.VL.GO,,,,,
R3V,Township of Gus-Khrustalny,Город Гусь-Хрустальный,55°37′00″N,40°39′00″E,RU.VL.GG,,,,,
R3V,County of Gus-Khrustalny,Гусь-Хрустальный Район,55°27′00″N,40°37′00″E,RU.VL.GR,,,,,
R3V,County of Kameshkovo,Камешковский Район,56°21′00″N,41°00′00″E,RU.VL.KA,,,,,
R3V,County of Kirzhach,Киржачский Район,56°09′00″N,38°52′00″E,RU.VL.KI,,,,,
R3V,Township of Kovrov,Город Ковров,56°21′00″N,41°19′00″E,RU.VL.GK,,,,,
R3V,County of Kovrov,Ковровский Район,56°22′00″N,41°28′00″E,RU.VL.KR,,,,,
R3V,County of Kolchugino,Кольчугинский Район,56°18′00″N,39°23′00″E,RU.VL.KO,,,,,
R3V,County of Melenki,Меленковский Район,55°20′00″N,41°38′00″E,RU.VL.ME,,,,,
R3V,Township of Murom,Город Муром,55°34′00″N,42°01′00″E,RU.VL.GM,,,,,
R3V,County of Murom,Муромский Район,55°31′31″N,41°58′41″E,RU.VL.MR,,,,,
R3V,County of Petushki,Петушинский Район,55°56′00″N,39°28′00″E,RU.VL.PE,,,,,
R3V,Township of Raduzhny (Closed Administrative-Territorial Formation),Город Радужный (ЗАТО),56°00′00″N,40°20′00″E,RU.VL.RA,,,,,
R3V,County of Selivanovo,Селивановский Район,55°52′00″N,41°46′00″E,RU.VL.SE,,,,,
R3V,County of Sobinka,Собинский Район,55°59′00″N,40°01′00″E,RU.VL.SO,,,,,
R3V,County of Sudogda,Судогодский Район,55°57′00″N,40°52′00″E,RU.VL.SD,,,,,
R3V,County of Suzdal,Суздальский Район,56°26′00″N,40°26′00″E,RU.VL.SU,,,,,
R3V,County of Yuryev-Polsky,Юрьев-Польский Район,56°30′00″N,39°41′00″E,RU.VL.YP,,,,,
Province of Kursk ► Курская Область,,,,,,,,,,
R3W,County of Belaya,Беловский Район,51°07′00″N,35°32′50″E,RU.KU.BE,,,,,
R3W,County of Bolshoye Soldatskoye,Большесолдатский Район,51°21′00″N,35°30′27″E,RU.KU.BS,,,,,
R3W,County of Glushkovo,Глушковский Район,51°20′00″N,34°38′00″E,RU.KU.GU,,,,,
R3W,County of Gorshechnoye,Горшеченский Район,51°31′11″N,38°01′46″E,RU.KU.GO,,,,,
R3W,County of Dmitriyev,Дмитриевский Район,52°07′00″N,35°04′00″E,RU.KU.DM,,,,,
R3W,Township of Zheleznogorsk,Город Железногорск,52°20′00″N,35°22′00″E,RU.KU.GZ,,,,,
R3W,County of Zheleznogorsk,Железногорский Район,52°26′01″N,35°33′13″E,RU.KU.ZR,,,,,
R3W,County of Zolotukhino,Золотухинский Район,52°04′58″N,36°22′32″E,RU.KU.ZO,,,,,
R3W,County of Kastornoye,Касторенский Район,51°49′00″N,38°08′00″E,RU.KU.KA,,,,,
R3W,County of Konyshevka,Конышевский Район,51°50′36″N,35°17′32″E,RU.KU.KO,,,,,
R3W,County of Korenevo,Кореневский Район,51°24′29″N,34°53′53″E,RU.KU.KN,,,,,
R3W,Township of Kursk,Город Курск,51°43′00″N,36°11′00″E,RU.KU.GK,,,,,
R3W,County of Kursk,Курский Район,51°43′50″N,36°11′50″E,RU.KU.KR,,,,,
R3W,Township of Kurchatov,Город Курчатов,51°40′00″N,35°39′00″E,RU.KU.KG,,,,,
R3W,County of Kurchatov,Курчатовский Район,51°37′19″N,35°28′52″E,RU.KU.KV,,,,,
R3W,Township of Lgov,Город Льгов,51°40′00″N,35°16′00″E,RU.KU.GL,,,,,
R3W,County of Lgov,Льговский Район, 51°38′06″N,35°11′45″E,RU.KU.LR,,,,,
R3W,County of Manturovo,Мантуровский Район,58°20′25″N,44°45′21″E,RU.KU.MA,,,,,
R3W,County of Medvenka,Медвенский Район,51°24′59″N,36°06′46″E,RU.KU.ME,,,,,
R3W,County of Oboyan,Обоянский Район,51°13′00″N,36°15′00″E,RU.KU.OB,,,,,
R3W,County of Oktyabrsky,Октябрьский Район,51°39′00″N,35°55′00″E,RU.KU.OK,,,,,
R3W,County of Ponyri,Поныровский Район,52°19′00″N,36°18′00″E,RU.KU.PO,,,,,
R3W,County of Pristen,Пристенский Район,51°14′02″N,36°41′53″E,RU.KU.PR,,,,,
R3W,County of Rylsk,Рыльский Район,51°34′00″N,34°41′00″E,RU.KU.RY,,,,,
R3W,County of Sovetsky,Советский Район,51°50′28″N,37°43′07″E,RU.KU.SO,,,,,
R3W,County of Solntsevo,Солнцевский Район,51°24′55″N,36°45′07″E,RU.KU.SL,,,,,
R3W,County of Sudzha,Суджанский Район,51°12′00″N,35°16′00″E,RU.KU.SU,,,,,
R3W,County of Tim,Тимский Район,51°37′17″N,37°07′24″E,RU.KU.TI,,,,,
R3W,County of Fatezh,Фатежский Район,52°06′00″N,35°52′00″E,RU.KU.FA,,,,,
R3W,County of Khomutovka,Хомутовский Район,51°55′06″N,34°33′35″E,RU.KU.KH,,,,,
R3W,County of Cheremisinovo,Черемисиновский Район,51°53′12″N,37°15′13″E,RU.KU.CH,,,,,
R3W,County of Shchigry,Щигровский Район,51°53′09″N,36°44′02″E,RU.KU.SR,,,,,
R3W,Township of Shchigry,Город Щигры,51°52′52″N,36°54′11″E,RU.KU.GS,,,,,
Province of Kaluga ► Калужская Область,,,,,,,,,,
R3X,County of Babynino,Бабынинский Район,54°23′07″N,35°44′58″E,RU.KG.BA,,,,,
R3X,County of Baryatino,Барятинский Район,54°18′36″N,34°30′57″E,RU.KG.BR,,,,,
R3X,County of Borovsk,Боровский Район,55°12′00″N,36°29′00″E,RU.KG.BO,,,,,
R3X,County of Dzerzhinsky,Дзержинский Район,54°48′00″N,35°56′00″E,RU.KG.DZ,,,,,
R3X,County of Duminichi,Думиничский Район,53°55′00″N,35°06′00″E,RU.KG.DU,,,,,
R3X,County of Zhizdra,Жиздринский Район,53°45′01″N,34°44′10″E,RU.KG.ZD,,,,,
R3X,County of Zhukov,Жуковский Район,55°02′00″N,36°45′00″E,RU.KG.ZH,,,,,
R3X,County of Iznoski,Износковский Район,54°59′20″N,35°19′00″E,RU.KG.IZ,,,,,
R3X,Township of Kaluga,Город Калуга,54°32′00″N,36°16′00″E,RU.KG.KA,,,,,
R3X,County of Kirov,Кировский Район,54°05′00″N,34°18′00″E,RU.KG.KI,,,,,
R3X,County of Kozelsk,Козельский Район,54°02′00″N,35°47′00″E,RU.KG.KO,,,,,
R3X,County of Kuybyshev,Куйбышевский Район,54°00′50″N,33°56′37″E,RU.KG.KU,,,,,
R3X,County of Lyudinovo,Людиновский Район,53°52′00″N,34°28′00″E,RU.KG.LU,,,,,
R3X,County of Maloyaroslavets,Малоярославецкий Район,55°00′00″N,36°28′00″E,RU.KG.MY,,,,,
R3X,County of Medyn,Медынский Район,54°58′00″N,35°52′00″E,RU.KG.ME,,,,,
R3X,County of Meshchovsk,Мещовский Район,54°19′00″N,35°17′00″E,RU.KG.MS,,,,,
R3X,County of Mosalsk,Мосальский Район,54°29′00″N,34°59′00″E,RU.KG.MO,,,,,
R3X,Township of Obninsk,Город Обнинск,55°06′00″N,36°37′00″E,RU.KG.OB,,,,,
R3X,County of Peremyshl,Перемышльский Район,54°15′24″N,36°09′30″E,RU.KG.PE,,,,,
R3X,County of Spas-Demensk,Спас-Деменский Район,54°25′00″N,34°02′00″E,RU.KG.SD,,,,,
R3X,County of Sukhinichi,Сухиничский Район,54°06′00″N,35°21′00″E,RU.KG.SU,,,,,
R3X,County of Tarusa,Тарусский Район,54°43′00″N,37°11′00″E,RU.KG.TA,,,,,
R3X,County of Ulyanovo,Ульяновский Район,53°43′08″N,35°32′08″E,RU.KG.UL,,,,,
R3X,County of Ferzikovo,Ферзиковский Район,54°31′00″N,36°46′00″E,RU.KG.FE,,,,,
R3X,County of Khvastovichi,Хвастовичский Район, 53°28′03″N,35°05′19″E,RU.KG.KH,,,,,
R3X,County of Yukhnov,Юхновский Район,54°45′00″N,35°14′00″E,RU.KG.YU,,,,,
Province of Bryansk ► Брянская Область,,,,,,,,,,
R3Y,County of Brasovo,Брасовский Район,52°33′20″N,34°33′30″E,RU.BR.BS,,,,,
R3Y,Township of Bryansk,Город Брянск,53°15′00″N,34°22′00″E,RU.BR.GB,,,,,
R3Y,County of Bryansk,Брянский Район,53°15′45″N,34°17′45″E,RU.BR.BR,,,,,
R3Y,County of Vygonichi,Выгоничский Район,53°05′00″N,34°04′00″E,RU.BR.VY,,,,,
R3Y,County of Gordeyevka,Гордеевский Район,52°57′30″N,31°58′37″E,RU.BR.GO,,,,,
R3Y,County of Dubrovka,Дубровский Район,53°41′29″N,33°30′42″E,RU.BR.DU,,,,,
R3Y,County of Dyatkovo,Дятьковский Район,53°36′00″N,34°20′00″E,RU.BR.DT,,,,,
R3Y,County of Zhiryatino,Жирятинский Район,53°13′33″N,33°43′45″E,RU.BR.ZR,,,,,
R3Y,County of Zhukovka,Жуковский Район,53°32′00″N,33°44′00″E,RU.BR.ZH,,,,,
R3Y,County of Zlynka,Злынковский Район,52°26′00″N,31°44′00″E,RU.BR.ZL,,,,,
R3Y,County of Karachev,Карачевский Район,53°07′00″N,34°59′00″E,RU.BR.KA,,,,,
R3Y,County of Kletnya,Клетнянский Район,53°23′00″N,33°12′00″E,RU.BR.KL,,,,,
R3Y,County of Klimovo,Климовский Район,52°22′59″N,32°11′24″E,RU.BR.KM,,,,,
R3Y,County of Klintsy,Клинцовский Район,52°48′11″N,32°19′06″E,RU.BR.KR,,,,,
R3Y,Township of Klintsy,Город Клинцы,52°45′10″N,32°14′10″E,RU.BR.GK,,,,,
R3Y,County of Komarichi,Комаричский Район,52°25′00″N,34°48′00″E,RU.BR.KO,,,,,
R3Y,County of Krasnaya Gora,Красногорский Район,53°00′00″N,31°36′00″E,RU.BR.KG,,,,,
R3Y,County of Mglin,Мглинский Район,53°03′00″N,32°51′00″E,RU.BR.MG,,,,,
R3Y,County of Navlya,Навлинский Район,52°49′41″N,34°29′56″E,RU.BR.NA,,,,,
R3Y,Township of Novozybkov,Город Новозыбков,52°32′00″N,31°56′00″E,RU.BR.GN,,,,,
R3Y,County of Novozybkov,Новозыбковский Район,52°35′51″N,31°52′38″E,RU.BR.NR,,,,,
R3Y,County of Pogar,Погарский Район,52°33′00″N,33°15′00″E,RU.BR.PG,,,,,
R3Y,County of Pochep,Почепский Район,52°56′00″N,33°27′00″E,RU.BR.PO,,,,,
R3Y,County of Rognedino,Рогнединский Район,53°48′00″N,33°33′37″E,RU.BR.RO,,,,,
R3Y,County of Sevsk,Севский Район,52°09′00″N,34°29′38″E,RU.BR.SV,,,,,
R3Y,Township of Seltso,Город Сельцо,53°22′12″N,34°06′00″E,RU.BR.SE,,,,,
R3Y,Township of Starodub,Город Стародуб,52°35′00″N,32°46′00″E,RU.BR.GS,,,,,
R3Y,County of Starodub,Стародубский Район, 52°36′32″N,32°43′01″E,RU.BR.SR,,,,,
R3Y,County of Suzemka,Суземский Район,52°19′11″N,34°04′44″E,RU.BR.SZ,,,,,
R3Y,County of Surazh,Суражский Район,53°01′00″N,32°24′00″E,RU.BR.SU,,,,,
R3Y,County of Trubchevsk,Трубчевский Район,52°35′00″N,33°46′00″E,RU.BR.TR,,,,,
R3Y,County of Unecha,Унечский Район,52°51′00″N,32°41′00″E,RU.BR.UN,,,,,
R3Y,Township of Fokino,Город Фокино,53°27′00″N,34°25′00″E,RU.BR.FO,,,,,
Province of Belgorod ► Белгородская Область,,,,,,,,,,
R3Z,County of Alekseyevka,Алексеевский Район,50°38′00″N,38°41′00″E,RU.BO.AL,,,,,
R3Z,Township of Belgorod,Город Белгород,50°36′00″N,36°36′00″E,RU.BO.GB,,,,,
R3Z,County of Belgorod,Белгородский Район,50°18′48″N,36°19′20″E,RU.BO.BR,,,,,
R3Z,County of Borisovka,Борисовский Район,50°36′15″N,36°00′56″E,RU.BO.BS,,,,,
R3Z,County of Valuyki,Валуйский Район,50°11′00″N,38°07′00″E,RU.BO.VA,,,,,
R3Z,County of Veydelevka,Вейделевский Район,50°09′13″N,38°27′00″E,RU.BO.VE,,,,,
R3Z,County of Volokonovka,Волоконовский Район,50°29′02″N, 37°52′17″E,RU.BO.VO,,,,,
R3Z,County of Grayvoron,Грайворонский Район,50°29′00″N,35°40′00″E,RU.BO.GV,,,,,
R3Z,Township of Gubkin,Город Губкин,51°17′00″N,37°33′00″E,RU.BO.GU,,,,,
R3Z,County of Ivnya,Ивнянский Район,51°03′00″N,36°07′00″E,RU.BO.IV,,,,,
R3Z,County of Korocha,Корочанский Район,50°49′00″N,37°12′00″E,RU.BO.KO,,,,,
R3Z,County of Krasnoye,Красненский Район,50°55′48″N,38°40′57″E,RU.BO.KR,,,,,
R3Z,County of Krasnogvardeysky,Красногвардейский Район,50°39′00″N,38°24′00″E,RU.BO.KG,,,,,
R3Z,County of Krasnaya Yaruga,Краснояружский Район,50°48′00″N,35°39′00″E,RU.BO.KY,,,,,
R3Z,County of Novy Oskol,Новооскольский Район,50°46′00″N,37°52′00″E,RU.BO.NO,,,,,
R3Z,County of Prokhorovka,Прохоровский Район,51°02′00″N,36°44′00″E,RU.BO.PR,,,,,
R3Z,County of Rakitnoye,Ракитянский Район,50°50′00″N,35°49′00″E,RU.BO.RA,,,,,
R3Z,County of Rovenki,Ровеньской Район,49°54′00″N,38°54′00″E,RU.BO.RO,,,,,
R3Z,Township of Stary Oskol,Город Старый Оскол,51°18′00″N,37°50′00″E,RU.BO.SO,,,,,
R3Z,County of Chernyanka,Чернянский Район,50°56′00″N,37°48′00″E,RU.BO.CH,,,,,
R3Z,County of Shebekino,Шебекинский Район,50°25′00″N,36°54′00″E,RU.BO.SH,,,,,
R3Z,County of Yakovlevo,Яковлевский Район,50°47′00″N,36°29′00″E,RU.BO.YA,,,,,
Province of Volgograd ► Волгоградская Область,,,,,,,,,,
R4A,County of Alekseyevskaya,Алексеевский Район,50°17′26″N,42°11′05″E,RU.VG.AL,,,,,
R4A,County of Bykovo,Быковский Район,49°45′52″N,45°23′29″E,RU.VG.BY,,,,,
R4A,Township of Volgograd,Город Волгоград,48°42′00″N,44°29′00″E,RU.VG.VG,,,,,
R4A,Township of Volzhsky,Город Волжский,48°47′00″N,44°46′00″E,RU.VG.VO,,,,,
R4A,County of Gorodishche,Городищенский Район,48°48′00″N,44°29′00″E,RU.VG.GO,,,,,
R4A,County of Danilovka,Даниловский Район,50°22′00″N,44°07′00″E,RU.VG.DA,,,,,
R4A,County of Dubovka,Дубовский Район,49°03′00″N,44°50′00″E,RU.VG.DU,,,,,
R4A,County of Yelan,Еланский Район,50°56′46″N,43°44′11″E,RU.VG.YE,,,,,
R4A,County of Zhirnovsk,Жирновский Район,50°59′00″N,44°46′00″E,RU.VG.ZH,,,,,
R4A,County of Ilovlya,Иловлинский Район,49°18′10″N,43°59′02″E,RU.VG.IL,,,,,
R4A,County of Kalach,Калачёвский Район,48°41′00″N,43°32′00″E,RU.VG.KA,,,,,
R4A,Township of Kamyshin,Город Камышин,50°05′00″N ,45°24′00″E,RU.VG.GK,,,,,
R4A,County of Kamyshin,Камышинский Район,50°05′00″N ,45°24′00″E,RU.VG.KR,,,,,
R4A,County of Kikvidze,Киквидзенский Район,50°44′27″N,43°03′07″E,RU.VG.KI,,,,,
R4A,County of Kletskaya,Клетский Район,49°18′53″N,43°03′43″E,RU.VG.KL,,,,,
R4A,County of Kotelnikovo,Котельниковский Район,47°38′00″N,43°08′00″E,RU.VG.KO,,,,,
R4A,County of Kotovo,Котовский Район,50°19′00″N,44°48′00″E,RU.VG.KT,,,,,
R4A,County of Kumylzhenskaya,Кумылженский Район,49°53′00″N,42°36′00″E,RU.VG.KU,,,,,
R4A,County of Leninsk,Ленинский Район,48°42′00″N,45°12′00″E,RU.VG.LE,,,,,
R4A,Township of Mikhaylovka,Город Михайловка,50°04′00″N,43°14′00″E,RU.VG.GM,,,,,
R4A,County of Mikhaylovka,Михайловский Район,50°04′00″N,43°14′00″E,RU.VG.MR,,,,,
R4A,County of Nekhayevskaya,Нехаевский Район,50°24′31″N,41°44′58″E,RU.VG.NE,,,,,
R4A,County of Nikolayevsk,Николаевский Район,50°01′00″N,45°27′00″E,RU.VG.NI,,,,,
R4A,County of Novoanninsky,Новоаннинский Район,50°31′00″N,42°40′00″E,RU.VG.NA,,,,,
R4A,County of Novonikolayevsky,Новониколаевский Район,50°58′00″N,42°22′00″E,RU.VG.NN,,,,,
R4A,County of Oktyabrsky,Октябрьский Район,47°58′00″N,43°38′37″E,RU.VG.OK,,,,,
R4A,County of Olkhovka,Ольховский Район,49°51′16″N,44°33′48″E,RU.VG.OL,,,,,
R4A,County of Pallasovka,Палласовский Район,50°03′00″N,46°53′00″E,RU.VG.PA,,,,,
R4A,County of Rudnya,Руднянский Район,50°47′53″N,44°33′36″E,RU.VG.RU,,,,,
R4A,County of Svetly Yar,Светлоярский Район,48°28′30″N,44°46′11″E,RU.VG.SY,,,,,
R4A,County of Serafimovich,Серафимовичский Район,49°35′00″N ,42°44′00″E ,RU.VG.SE,,,,,
R4A,County of Srednyaya Akhtuba,Среднеахтубинский Район,48°42′40″N,44°51′50″E,RU.VG.SA,,,,,
R4A,County of Staraya Poltavka,Старополтавский Район,50°28′43″N,46°28′56″E,RU.VG.SP,,,,,
R4A,County of Surovikino,Суровикинский Район,48°36′00″N,42°51′00″E,RU.VG.SU,,,,,
R4A,Township of Uryupinsk,Город Урюпинск,50°48′00″N,42°01′00″E,RU.VG.GU,,,,,
R4A,County of Uryupinsk,Урюпинский Район,50°48′00″N,42°01′00″E,RU.VG.UR,,,,,
R4A,Township of Frolovo,Город Фролово,49°46′00″N,43°39′00″E,RU.VG.GF,,,,,
R4A,County of Frolovo,Фроловский Район,49°46′00″N,43°39′00″E,RU.VG.FR,,,,,
R4A,County of Chernyshkovsky,Чернышковский Район,48°25′16″N,42°14′00″E,RU.VG.CH,,,,,
Province of Saratov ► Саратовская Область,,,,,,,,,,
R4C,County of Aleksandrov Gay,Александрово-Гайский Район, 50°08′00″N,48°33′00″E,RU.SA.AG,,,,,
R4C,County of Arkadak,Аркадакский Район, 51°56′00″N,43°30′00″E,RU.SA.AR,,,,,
R4C,County of Atkarsk,Аткарский Район, 51°52′00″N,45°00′00″E,RU.SA.AT,,,,,
R4C,County of Bazarny Karabulak,Базарно-Карабулакский Район, 52°16′20″N,46°24′50″E,RU.SA.BK,,,,,
R4C,County of Balakovo,Балаковский Район,52°00′00″N,47°48′00″E,RU.SA.BA,,,,,
R4C,County of Balashov,Балашовский Район,51°33′00″N,43°10′00″E,RU.SA.BS,,,,,
R4C,County of Baltay,Балтайский Район,52°27′56″N,46°37′57″E,RU.SA.BT,,,,,
R4C,County of Volsk,Вольский Район,52°03′00″N,47°23′00″E,RU.SA.VO,,,,,
R4C,County of Voskresenskoye,Воскресенский Район,51°49′31″N,46°56′01″E,RU.SA.VS,,,,,
R4C,County of Dergachi,Дергачёвский Район,51°13′00″N,48°45′00″E,RU.SA.DE,,,,,
R4C,County of Dukhovnitskoye,Духовницкий Район,52°29′00″N,48°12′00″E,RU.SA.DU,,,,,
R4C,County of Yekaterinovka,Екатериновский Район,52°03′00″N,44°21′00″E,RU.SA.YK,,,,,
R4C,County of Yershov,Ершовский Район,51°21′00″N,48°17′00″E,RU.SA.YE,,,,,
R4C,County of Ivanteyevka,Ивантеевский Район,52°16′00″N,49°05′00″E,RU.SA.IV,,,,,
R4C,County of Kalininsk,Калининский Район,51°30′00″N,44°27′00″E,RU.SA.KL,,,,,
R4C,County of Krasnoarmeysk,Красноармейский Район, 51°01′00″N,45°42′00″E,RU.SA.KA,,,,,
R4C,County of Krasny Kut,Краснокутский Район, 50°57′00″N,46°58′00″E,RU.SA.KK,,,,,
R4C,County of Krasnopartizansky,Краснопартизанский Район,51°45′00″N,48°51′00″E,RU.SA.KP,,,,,
R4C,County of Lysye Gory,Лысогорский Район,51°31′45″N,44°48′20″E,RU.SA.LG,,,,,
R4C,County of Marx,Марксовский Район,51°42′00″N,46°45′00″E,RU.SA.MA,,,,,
R4C,Township of Mikhaylovsky (Closed Administrative-Territorial Formation),Посёлок Михайловский (ЗАТО),51°47′39″N,48°34′46″E,RU.SA.MI,,,,,
R4C,County of Novye Burasy,Новобурасский Район,52°07′51″N,46°04′44″E,RU.SA.NB,,,,,
R4C,County of Novouzensk,Новоузенский Район,50°27′00″N,48°09′00″E,RU.SA.NU,,,,,
R4C,County of Ozinki,Озинский Район,51°12′00″N,49°42′00″E,RU.SA.OZ,,,,,
R4C,County of Perelyub,Перелюбский Район,51°51′44″N,50°21′11″E,RU.SA.PL,,,,,
R4C,County of Petrovsk,Петровский Район,52°19′00″N,45°23′00″E,RU.SA.PE,,,,,
R4C,County of Piterka,Питерский Район,50°40′00″N,47°26′00″E,RU.SA.PI,,,,,
R4C,County of Pugachyov,Пугачёвский Район,52°01′00″N,48°48′00″E,RU.SA.PU,,,,,
R4C,County of Rovnoye,Ровенский Район,50°46′20″N,46°03′34″E,RU.SA.RO,,,,,
R4C,County of Romanovka,Романовский Район,51°45′11″N,42°45′02″E,RU.SA.RM,,,,,
R4C,County of Rtishchevo,Ртищевский Район,52°15′00″N,43°47′00″E,RU.SA.RT,,,,,
R4C,County of Samoylovka,Самойловский Район,51°10′41″N,43°41′50″E,RU.SA.SM,,,,,
R4C,Township of Saratov,Город Саратов,51°32′00″N,46°00′00″E,RU.SA.GS,,,,,
R4C,County of Saratov,Саратовский Район,51°32′00″N,46°00′00″E,RU.SA.SR,,,,,
R4C,Township of Svetly (Closed Administrative-Territorial Formation),Город Светлый (ЗАТО),51°40′37″N,45°37′35″E,RU.SA.SV,,,,,
R4C,County of Sovetskoye,Советский Район,51°23′00″N,46°50′35″E,RU.SA.SO,,,,,
R4C,County of Tatishchevo,Татищевский Район,51°40′00″N,45°35′00″E,RU.SA.TA,,,,,
R4C,County of Turki,Турковский Район,51°59′03″N,43°16′17″E,RU.SA.TU,,,,,
R4C,County of Fyodorovka,Фёдоровский Район, 51°14′19″N,47°30′39″E,RU.SA.FO,,,,,
R4C,County of Khvalynsk,Хвалынский Район,52°29′00″N,48°06′00″E,RU.SA.KH,,,,,
R4C,Township of Shikhany (Closed Administrative-Territorial Formation),Город Шиханы (ЗАТО),52°07′00″N,47°12′00″E,RU.SA.SH,,,,,
R4C,County of Engels,Энгельсский Район,51°28′00″N,46°07′00″E,RU.SA.EN,,,,,
Province of Penza ► Пензенская Область,,,,,,,,,,
R4F,County of Bashmakovo,Башмаковский Район,53°12′47″N,43°02′11″E,RU.PE.BA,,,,,
R4F,County of Bekovo,Бековский Район,52°27′54″N,43°42′36″E,RU.PE.BK,,,,,
R4F,County of Belinsky,Белинский Район,52°58′00″N,43°25′00″E,RU.PE.BE,,,,,
R4F,County of Bessonovka,Бессоновский Район,53°18′30″N,45°02′31″E,RU.PE.BS,,,,,
R4F,County of Vadinsk,Вадинский Район,53°41′30″N,43°03′00″E,RU.PE.VA,,,,,
R4F,County of Gorodishche,Городищенский Район,53°16′00″N,45°42′00″E,RU.PE.GO,,,,,
R4F,Township of Zarechny,Город Заречный (ЗАТО),53°12′00″N,45°10′00″E,RU.PE.ZR,,,,,
R4F,County of Zemetchino,Земетчинский Район,53°29′00″N,42°36′00″E,RU.PE.ZE,,,,,
R4F,County of Issa,Иссинский Район,53°52′03″N,44°51′34″E,RU.PE.IS,,,,,
R4F,County of Kamenka,Каменский Район,53°11′00″N,44°03′00″E,RU.PE.KA,,,,,
R4F,County of Kameshkir,Камешкирский Район,52°51′57″N,46°05′36″E,RU.PE.KS,,,,,
R4F,County of Kolyshley,Колышлейский Район,52°42′01″N,44°32′04″E,RU.PE.KO,,,,,
R4F,Township of Kuznetsk,Город Кузнецк,53°07′00″N,46°36′00″E,RU.PE.GK,,,,,
R4F,County of Kuznetsk,Кузнецкий Район,53°07′00″N,46°36′00″E,RU.PE.KR,,,,,
R4F,County of Lopatino,Лопатинский Район,52°37′14″N,45°48′37″E,RU.PE.LO,,,,,
R4F,County of Lunino,Лунинский Район,53°35′03″N,45°13′09″E,RU.PE.LU,,,,,
R4F,County of Malaya Serdoba,Малосердобинский Район,52°27′58″N,44°57′17″E,RU.PE.MS,,,,,
R4F,County of Mokshan,Мокшанский Район,53°26′23″N,44°36′38″E,RU.PE.MO,,,,,
R4F,County of Narovchat,Наровчатский Район,53°52′52″N,43°41′48″E,RU.PE.NA,,,,,
R4F,County of Neverkino,Неверкинский Район,52°47′17″N,46°43′55″E,RU.PE.NE,,,,,
R4F,County of Nizhny Lomov,Нижнеломовский Район,53°32′00″N,43°41′00″E,RU.PE.NL,,,,,
R4F,County of Nikolsk,Никольский Район,53°43′00″N,46°05′00″E,RU.PE.NI,,,,,
R4F,County of Pachelma,Пачелмский Район,53°19′46″N,43°18′46″E,RU.PE.PA,,,,,
R4F,Township of Penza,Город Пенза,53°12′00″N,45°00′00″E,RU.PE.GP,,,,,
R4F,County of Penza,Пензенский Район,52°48′56″N,45°03′05″E,RU.PE.PR,,,,,
R4F,County of Serdobsk,Сердобский Район,52°28′00″N,44°13′00″E,RU.PE.SE,,,,,
R4F,County of Sosnovoborsk,Сосновоборский Район,53°17′49″N,46°15′05″E,RU.PE.SB,,,,,
R4F,County of Spassk,Спасский Район,53°56′00″N,43°11′00″E,RU.PE.SP,,,,,
R4F,County of Tamala,Тамалинский Район,52°32′30″N,43°15′00″E,RU.PE.TA,,,,,
R4F,County of Shemysheyka,Шемышейский Район,52°53′30″N,45°23′30″E,RU.PE.SH,,,,,
Province of Samara ► Самарская Область,,,,,,,,,,
R4H,County of Alekseyevka,Алексеевский Район,52°35′03″N,51°16′07″E,RU.SR.AL,,,,,
R4H,County of Bezenchuk,Безенчукский Район,52°58′55″N,49°26′09″E,RU.SR.BE,,,,,
R4H,County of Bogatoye,Богатовский Район,53°03′37″N,51°20′15″E,RU.SR.BO,,,,,
R4H,County of Bolshaya Glushitsa,Большеглушицкий Район,52°24′11″N,50°28′16″E,RU.SR.BG,,,,,
R4H,County of Bolshaya Chernigovka,Большечерниговский Район,52°05′37″N,50°51′51″E,RU.SR.BC,,,,,
R4H,County of Borskoye,Борский Район,53°01′59″N,51°42′22″E,RU.SR.BR,,,,,
R4H,County of Volga,Волжский Район,53°11′00″N,50°07′00″E,RU.SR.VO,,,,,
R4H,Township of Zhigulyovsk,Город Жигулевск,53°24′00″N,49°30′00″E,RU.SR.ZH,,,,,
R4H,County of Yelkhovka,Елховский Район,53°52′00″N,50°17′00″E,RU.SR.YE,,,,,
R4H,County of Isakly,Исаклинский Район,54°08′04″N,51°31′54″E,RU.SR.IS,,,,,
R4H,County of Kamyshla,Камышлинский Район,54°06′00″N,52°08′00″E,RU.SR.KM,,,,,
R4H,Township of Kinel,Город Кинель,53°14′00″N,50°37′00″E,RU.SR.GK,,,,,
R4H,County of Kinel,Кинельский Район,53°14′00″N,50°37′00″E,RU.SR.KR,,,,,
R4H,County of Kinel-Cherkassy,Кинель-Черкасский Район,53°27′00″N,51°26′00″E,RU.SR.KC,,,,,
R4H,County of Klyavlino,Клявлинский Район,54°15′40″N,52°01′40″E,RU.SR.KL,,,,,
R4H,County of Koshki,Кошкинский Район,54°12′16″N,50°27′57″E,RU.SR.KO,,,,,
R4H,County of Krasnoarmeyskoye,Красноармейский Район,52°42′57″N,50°01′29″E,RU.SR.KA,,,,,
R4H,County of Krasny Yar,Красноярский Район,53°29′47″N,50°23′18″E,RU.SR.KY,,,,,
R4H,County of Neftegorsk,Нефтегорский Район,52°48′00″N,51°10′00″E,RU.SR.NG,,,,,
R4H,Township of Novokuybyshevsk,Город Новокуйбышевск,53°06′00″N,49°55′00″E,RU.SR.NK,,,,,
R4H,Township of Oktyabrsk,Город Октябрьск,53°10′00″N,48°40′00″E,RU.SR.OK,,,,,
R4H,Township of Otradny,Город Отрадный,53°22′00″N,51°21′00″E,RU.SR.OT,,,,,
R4H,County of Pestravka,Пестравский Район,52°24′00″N,49°57′00″E,RU.SR.PE,,,,,
R4H,Township of Pokhvistnevo,Город Похвистнево,53°39′00″N,52°08′00″E,RU.SR.GP,,,,,
R4H,County of Pokhvistnevo,Похвистневский Район,53°39′00″N,52°08′00″E,RU.SR.PR,,,,,
R4H,County of Privolzhye,Приволжский Район,52°51′08″N,48°35′34″E,RU.SR.PV,,,,,
R4H,Township of Samara,Город Самара,53°11′00″N,50°07′00″E,RU.SR.SA,,,,,
R4H,County of Sergiyevsk,Сергиевский Район,53°50′00″N,51°20′00″E,RU.SR.SE,,,,,
R4H,County of Stavropol,Ставропольский Район,53°31′00″N,49°25′00″E,RU.SR.ST,,,,,
R4H,County of Syzran,Сызранский Район,53°17′00″N,48°05′00″E,RU.SR.SR,,,,,
R4H,Township of Syzran,Город Сызрань,53°10′00″N,48°28′00″E,RU.SR.GS,,,,,
R4H,Township of Togliatti,Город Тольятти,53°31′00″N,49°25′00″E,RU.SR.TO,,,,,
R4H,County of Khvorostyanka,Хворостянский Район,52°36′39″N,48°57′37″E,RU.SR.KH,,,,,
R4H,Township of Chapayevsk,Город Чапаевск,52°59′00″N,49°43′00″E,RU.SR.CH,,,,,
R4H,County of Chelno-Vershiny,Челно-Вершинский Район,54°24′56″N,51°04′41″E,RU.SR.CV,,,,,
R4H,County of Shentala,Шенталинский Район,54°26′05″N,51°28′05″E,RU.SR.SH,,,,,
R4H,County of Shigony,Шигонский Район,53°23′11″N,48°40′42″E,RU.SR.SG,,,,,
Province of Ulyanovsk ► Ульяновская Область,,,,,,,,,,
R4L,County of Bazarny Syzgan,Базарносызганский Район,53°45′07″N,46°45′37″E,RU.UL.BS,,,,,
R4L,County of Barysh,Барышский Район,53°39′00″N,47°07′00″E,RU.UL.BA,,,,,
R4L,County of Veshkayma,Вешкаймский Район,54°03′00″N,47°08′00″E,RU.UL.VE,,,,,
R4L,Township of Dimitrovgrad,Город Димитровград,54°14′00″N,49°35′00″E,RU.UL.DG,,,,,
R4L,County of Inza,Инзенский Район,53°51′00″N,46°21′00″E,RU.UL.IN,,,,,
R4L,County of Karsun,Карсунский Район,54°11′50″N,46°59′06″E,RU.UL.KA,,,,,
R4L,County of Kuzovatovo,Кузоватовский Район,53°32′47″N,47°41′01″E,RU.UL.KU,,,,,
R4L,County of Mayna,Майнский Район,54°06′48″N,47°36′41″E,RU.UL.MA,,,,,
R4L,County of Melekess,Мелекесский Район,54°12′00″N,49°24′00″E,RU.UL.ME,,,,,
R4L,County of Nikolayevka,Николаевский Район,53°07′32″N,47°12′21″E,RU.UL.NI,,,,,
R4L,County of Novaya Malykla,Новомалыклинский Район,54°12′23″N,49°56′09″E,RU.UL.NM,,,,,
R4L,County of Novospasskoye,Новоспасский Район,53°08′45″N,47°45′30″E,RU.UL.NS,,,,,
R4L,Township of Novoulyanovsk,Город Новоульяновск,54°09′00″N,48°23′00″E,RU.UL.NU,,,,,
R4L,County of Pavlovka,Павловский Район,52°45′00″N,47°27′00″E,RU.UL.PA,,,,,
R4L,County of Radishchevo,Радищевский Район,52°51′00″N,47°53′00″E,RU.UL.RA,,,,,
R4L,County of Sengiley,Сенгилеевский Район,54°01′37″N,48°19′58″E,RU.UL.SE,,,,,
R4L,County of Staraya Kulatka,Старокулаткинский Район,52°43′00″N,47°37′00″E,RU.UL.SK,,,,,
R4L,County of Staraya Mayna,Старомайнский Район,54°36′32″N,48°55′41″E,RU.UL.SM,,,,,
R4L,County of Surskoye,Сурский Район,54°28′00″N,46°44′00″E,RU.UL.SU,,,,,
R4L,County of Terenga,Тереньгульский Район,53°43′02″N,48°22′02″E,RU.UL.TE,,,,,
R4L,Township of Ulyanovsk,Город Ульяновск,54°19′00″N,48°23′00″E,RU.UL.GU,,,,,
R4L,County of Ulyanovsk,Ульяновский Район,54°23′06″N,48°16′44″E,RU.UL.UR,,,,,
R4L,County of Tsilninskoye,Цильнинский Район,54°35′55″N,48°08′54″E,RU.UL.TS,,,,,
R4L,County of Cherdakly,Чердаклинский Район,54°20′00″N,48°50′00″E,RU.UL.CH,,,,,
Province of Kirov ► Кировская Область,,,,,,,,,,
R4N,County of Arbazh,Арбажский Район,57°41′00″N,48°18′00″E,RU.KI.AR,,,,,
R4N,County of Afanasyevo,Афанасьевский Район,58°51′46″N,53°15′11″E,RU.KI.AF,,,,,
R4N,County of Belaya Kholunitsa,Белохолуницкий Район,58°50′00″N,50°51′00″E,RU.KI.BK,,,,,
R4N,County of Bogorodskoye,Богородский Район,57°49′52″N,50°45′30″E,RU.KI.BO,,,,,
R4N,County of Verkhnyaya Kama,Верхнекамский Район,59°20′14″N,52°14′44″E,RU.KI.VK,,,,,
R4N,County of Verkhoshizhemye,Верхошижемский Район,58°00′39″N,49°06′05″E,RU.KI.VS,,,,,
R4N,Township of Vyatskiye Polyany,Город Вятские Поляны,56°13′06″N,51°04′07″E,RU.KI.GV,,,,,
R4N,County of Vyatskiye Polyany,Вятскополянский Район,56°15′00″N,51°17′00″E,RU.KI.VR,,,,,
R4N,County of Darovskoy,Даровской Район,58°46′12″N,47°57′29″E,RU.KI.DA,,,,,
R4N,County of Zuyevka,Зуевский Район,58°24′12″N,51°07′49″E,RU.KI.ZU,,,,,
R4N,County of Kiknur,Кикнурский Район,57°18′15″N,47°12′28″E,RU.KI.KN,,,,,
R4N,County of Kilmez,Кильмезский Район,56°56′30″N,51°04′00″E,RU.KI.KL,,,,,
R4N,Township of Kirov,Город Киров,58°36′00″N,49°39′00″E,RU.KI.KI,,,,,
R4N,Township of Kirovo-Chepetsk,Город Кирово-Чепецк,58°33′00″N,50°01′00″E,RU.KI.KC,,,,,
R4N,County of Kirovo-Chepetsk,Кирово-Чепецкий Район,58°15′05″N,49°34′11″E,RU.KI.KR,,,,,
R4N,Township of Kotelnich,Город Котельнич,58°18′00″N,48°20′00″E,RU.KI.GK,,,,,
R4N,County of Kotelnich,Котельничский Район, 58°19′45″N,48°22′27″E,RU.KI.KO,,,,,
R4N,County of Kumeny,Куменский Район,58°06′12″N,49°54′35″E,RU.KI.KU,,,,,
R4N,County of Lebyazhye,Лебяжский Район,57°24′34″N,49°32′22″E,RU.KI.LE,,,,,
R4N,County of Luza,Лузский Район,60°37′00″N,47°17′00″E,RU.KI.LU,,,,,
R4N,County of Malmyzh,Малмыжский Район,56°31′00″N,50°40′00″E,RU.KI.MA,,,,,
R4N,County of Murashi,Мурашинский Район,59°23′00″N,48°58′00″E,RU.KI.MU,,,,,
R4N,County of Nagorsk,Нагорский Район,59°19′00″N,50°47′00″E,RU.KI.NA,,,,,
R4N,County of Nema,Немский Район,57°31′00″N,50°29′00″E,RU.KI.NE,,,,,
R4N,County of Nolinsk,Нолинский Район,57°33′00″N,49°56′00″E,RU.KI.NO,,,,,
R4N,County of Omutninsk,Омутнинский Район,58°40′00″N,52°11′00″E,RU.KI.OM,,,,,
R4N,County of Oparino,Опаринский Район,59°50′52″N,48°17′01″E,RU.KI.OP,,,,,
R4N,County of Orichi,Оричевский Район,58°24′14″N,49°03′38″E,RU.KI.OC,,,,,
R4N,County of Orlov,Орловский Район,58°32′00″N,48°53′00″E,RU.KI.OR,,,,,
R4N,Township of Pervomaysky (Closed Administrative-Territorial Formation),Посёлок Первомайский (ЗАТО),59°03′42″N,49°17′16″E,RU.KI.PM,,,,,
R4N,County of Pizhanka,Пижанский Район,57°27′32″N,48°32′05″E,RU.KI.PI,,,,,
R4N,County of Podosinovets,Подосиновский Район,60°16′06″N,47°04′31″E,RU.KI.PO,,,,,
R4N,County of Sanchursk,Санчурский Район,56°57′00″N,47°16′00″E,RU.KI.SA,,,,,
R4N,County of Svecha,Свечинский Район,58°16′00″N,47°30′00″E,RU.KI.SV,,,,,
R4N,Township of Slobodskoy,Город Слободской,58°43′27″N,50°09′40″E,RU.KI.GS,,,,,
R4N,County of Slobodskoy,Слободской Район,58°42′00″N,49°46′00″E,RU.KI.SR,,,,,
R4N,County of Sovetsk,Советский Район,57°36′05″N,48°56′19″E,RU.KI.SO,,,,,
R4N,County of Suna,Сунский Район,57°50′09″N,50°05′10″E,RU.KI.SU,,,,,
R4N,County of Tuzha,Тужинский Район,57°36′38″N,47°55′37″E,RU.KI.TU,,,,,
R4N,County of Uni,Унинский Район,57°45′00″N,51°29′00″E,RU.KI.UN,,,,,
R4N,County of Urzhum,Уржумский Район,57°07′00″N,50°00′00″E,RU.KI.UR,,,,,
R4N,County of Falyonki,Фалёнский Район,58°21′26″N,51°35′35″E,RU.KI.FA,,,,,
R4N,County of Shabalino,Шабалинский Район,58°18′33″N,47°05′07″E,RU.KI.SH,,,,,
R4N,County of Yurya,Юрьянский Район,59°02′00″N,49°17′00″E,RU.KI.YU,,,,,
R4N,County of Yaransk,Яранский Район,57°18′12″N,47°52′08″E,RU.KI.YA,,,,,
Republic of Tatarstan ► Республика Татарстан ► Татарстан Республикасы (Tatarstan Respublikası),,,,,,,,,,
R4P,County of Agryz (Ägerce),Агрызский Район (Әгерҗе Районы),56°31′00″N,52°59′00″E,RU.TA.AG,,,,,
R4P,County of Aznakayevo (Aznaqay),Азнакаевский Район (Азнакай Районы) ,54°51′00″N,53°04′00″E,RU.TA.AZ,,,,,
R4P,County of Aksubayevo (Aqsubay),Аксубаевский Район (Аксубай Районы),54°50′00″N,50°47′00″E,RU.TA.AS,,,,,
R4P,County of Aktanysh (Aqtanış),Актанышский Район (Актаныш Районы),55°42′00″N,54°05′00″E,RU.TA.AT,,,,,
R4P,County of Alekseyevskoye (Alekseyevsk),Алексеевский Район (Алексеевск Районы),55°18′00″N,50°05′00″E,RU.TA.AL,,,,,
R4P,County of Alkeyevo (Älki),Алькеевский Район (Әлки Районы),54°54′19″N,49°55′33″E,RU.TA.AK,,,,,
R4P,County of Almetyevsk (Älmät),Альметьевский Район (Әлмәт Районы),54°54′00″N,52°18′00″E,RU.TA.AM,,,,,
R4P,County of Apastovo (Apas),Апастовский Район (Апас Районы),55°12′15″N,48°30′16″E,RU.TA.AP,,,,,
R4P,County of Arsk (Arça),Арский Район (Арча Районы),56°05′26″N,49°52′35″E,RU.TA.AR,,,,,
R4P,County of Atnya (Ätnä),Атнинский Район (Әтнә Районы),56°15′15″N,49°26′51″E,RU.TA.AN,,,,,
R4P,County of Bavly (Bawlı),Бавлинский Район (Баулы Районы),54°24′00″N,53°15′00″E,RU.TA.BA,,,,,
R4P,County of Baltasi (Baltaç),Балтасинский Район (Балтач Районы),56°20′43″N,50°12′35″E,RU.TA.BL,,,,,
R4P,County of Bugulma (Bögelmä),Бугульминиский Район (Бөгелмә Районы),54°32′00″N,52°47′00″E,RU.TA.BG,,,,,
R4P,County of Buinsk (Bua),Буинский Район (Буа Районы),54°58′00″N,48°17′00″E,RU.TA.BU,,,,,
R4P,County of Verkhny Uslon (Yuğarı Oslan),Верхнеуслонский Район (Югары Ослан Районы),55°46′00″N,48°59′00″E,RU.TA.VU,,,,,
R4P,County of Vysokaya Gora (Biektaw),Высокогорский Район (Биектау Районы),55°54′52″N,49°18′25″E,RU.TA.VG,,,,,
R4P,County of Drozhzhanoye (Çüpräle),Дрожжановский Район (Чүпрәле Районы), 54°43′39″N,47°33′13″E,RU.TA.DR,,,,,
R4P,County of Yelabuga (Alabuğa),Елабужский Район (Алабуга Районы),55°46′00″N,52°02′00″E,RU.TA.YE,,,,,
R4P,County of Zainsk (Zäy),Заинский Район (Зәй Районы),55°18′00″N,52°01′00″E,RU.TA.ZA,,,,,
R4P,County of Zelenodolsk (Yäşel Üzän),Зеленодольский Район (Яшел Үзән Районы),55°51′00″N,48°31′00″E,RU.TA.ZD,,,,,
R4P,Township of Kazan (Qazan),Город Казань (Казан Шәһәр),55°47′27″N,49°06′52″E,RU.TA.KA,,,,,
R4P,County of Kaybitsy (Qaybıç),Кайбицкий Район (Кайбыч Районы),55°24′05″N,48°11′00″E,RU.TA.KB,,,,,
R4P,County of Kamskoye Ustye (Kama Tamağı),Камско-Устьинский Район (Кама Тамагы Районы),55°12′03″N,49°16′01″E,RU.TA.KU,,,,,
R4P,County of Kukmor (Kukmara),Кукморский Район (Кукмара Районы),56°10′57″N,50°54′23″E,RU.TA.KM,,,,,
R4P,County of Laishevo (Layış),Лаишевский Район (Лаеш Районы),55°24′00″N,49°33′00″E,RU.TA.LA,,,,,
R4P,County of Leninogorsk (Leninogorsk),Лениногорский Район (Лениногорск Районы),54°36′00″N,52°28′00″E,RU.TA.LG,,,,,
R4P,County of Mamadysh (Mamadış),Мамадышский Район (Мамадыш Районы),55°42′00″N,51°24′00″E,RU.TA.MA,,,,,
R4P,County of Mendeleyevsk (Mendeleyev),Менделеевский Район (Менделеев Районы),55°54′00″N,52°19′00″E,RU.TA.ME,,,,,
R4P,County of Menzelinsk (Minzälä),Мензелинский Район (Минзәлә Районы),55°43′00″N,53°05′00″E,RU.TA.MZ,,,,,
R4P,County of Muslyumovo (Möslim),Муслюмовский Район (Мөслим Районы), 55°18′10″N,53°11′36″E,RU.TA.MU,,,,,
R4P,Township of Naberezhnye Chelny (Yar Çallı),Город Набережные Челны (Яр Чаллы Шәһәр),55°42′00″N,52°20′00″E,RU.TA.NC,,,,,
R4P,County of Nizhnekamsk (Tübän Kama),Нижнекамский Район (Түбән Кама Районы),55°38′00″N,51°49′00″E,RU.TA.NK,,,,,
R4P,County of Novosheshminsk (Yaña Çişmä),Новошешминский Район (Яңа Чишмә Районы), 55°03′51″N,51°14′16″E,RU.TA.NS,,,,,
R4P,County of Nurlat (Nurlat),Нурлатский Район (Норлат Районы),54°26′00″N,50°48′00″E,RU.TA.NU,,,,,
R4P,County of Pestretsy (Pitrəç),Пестречинский Район (Питрәч Районы), 55°45′13″N,49°39′23″E,RU.TA.PT,,,,,
R4P,County of Rybnaya Sloboda (Balıq Bistäse),Рыбно-Слободский Район (Балык Бистәсе Районы),55°27′00″N,50°09′00″E,RU.TA.RS,,,,,
R4P,County of Saby (Saba),Сабинский Район (Саба Районы),56°00′34″N,50°26′57″E,RU.TA.SB,,,,,
R4P,County of Sarmanovo (Sarman),Сармановский Район (Сарман Районы), 55°15′07″N,52°35′21″E,RU.TA.SA,,,,,
R4P,County of Spassk (Spask),Спасский Район (Спаск Районы),54°58′57″N,49°03′04″E,RU.TA.SP,,,,,
R4P,County of Tetyushi (Täteş),Тетюшский Район (Тәтеш Районы),54°56′00″N,48°50′00″E,RU.TA.TE,,,,,
R4P,County of Tukay (Tuqay),Тукаевский Район (Тукай Районы),55°47′40″N,52°28′47″E,RU.TA.TU,,,,,
R4P,County of Tyulyachi (Teläçe),Тюлячинский Район (Теләче Районы),55°53′00″N,50°14′00″E,RU.TA.TL,,,,,
R4P,County of Cheremshan (Çirmeşän),Черемшанский Район (Чирмешән Районы),54°39′00″N,51°30′21″E,RU.TA.CR,,,,,
R4P,County of Chistopol (Çistay),Чистопольский Район (Чистай Районы),55°22′00″N,50°38′00″E,RU.TA.CS,,,,,
R4P,County of Yutazi (Yutazı),Ютазинский Район (Ютазы Районы),54°35′45″N,53°27′45″E,RU.TA.YU,,,,,
Republic of Mari El ► Республика Марий Эл ► Марий Эл Республик ► Мары Эл Республик,,,,,,,,,,
R4S,Township of Volzhsk (Yulser-Ola),Город Волжск (Юлсер-Ола),55°52′00″N,48°21′00″E,RU.MR.GV,,,,,
R4S,County of Volzhsk (Yulser),Волжский Район (Юлсер Кундем),55°57′36″N,48°25′48″E,RU.MR.VR,,,,,
R4S,County of the Mountain Mari (Kuryk Mari),Горномарийский Район (Курыкмарий Кундем),56°20′00″N,46°34′00″E,RU.MR.GM,,,,,
R4S,County of Zvenigovo (Provoy),Звениговский Район (Провой Кундем),55°58′00″N,48°01′00″E,RU.MR.ZV,,,,,
R4S,Township of Yoshkar-Ola,Город Йошкар-Ола (Йошкар-Ола),56°37′58″N,47°53′45″E,RU.MR.YO,,,,,
R4S,County of Kilemary (Kylemar),Килемарский Район (Кӹлемар Кундем),56°46′00″N,46°51′00″E,RU.MR.KL,,,,,
R4S,Township of Kozmodemyansk (Chykma),Город Козьмодемьянск (Чыкма Ола),56°20′00″N,46°34′00″E,RU.MR.KD,,,,,
R4S,County of Kuzhener (Kuzheñer),Куженерский Район (Кужэҥер Кундем),56°49′00″N,48°55′00″E,RU.MR.KU,,,,,
R4S,County of Mari-Turek (Mari Turek),Мари-Турекский Район (Марий Тӱрек Кундем),56°47′00″N,49°36′00″E,RU.MR.MT,,,,,
R4S,County of Medvedevo (Maskasola),Медведевский Район (Маскасола Кундем),56°38′00″N,47°49′00″E,RU.MR.ME,,,,,
R4S,County of Morki (Morko),Моркинский Район (Морко Кундем),56°25′00″N,49°00′00″E,RU.MR.MO,,,,,
R4S,County of Novy Toryal (U Toryal),Новоторъяльский Район (У Торъял Кундем),56°59′00″N,48°43′00″E,RU.MR.NT,,,,,
R4S,County of Orshanka (Orsha),Оршанский Район (Ӧрша Кундем),56°55′00″N,47°53′00″E,RU.MR.OR,,,,,
R4S,County of Paranga (Porancha),Параньгинский Район (Поранча Кундем),56°42′00″N,49°23′00″E,RU.MR.PA,,,,,
R4S,County of Sernur (Shernur),Сернурский Район (Шернур Кундем),56°56′03″N,49°08′50″E,RU.MR.SE,,,,,
R4S,County of Sovetsky (U Roñgo),Советский Район (У Роҥго Кундем),56°45′00″N,48°29′00″E,RU.MR.SO,,,,,
R4S,County of Yurino (Yurny),Юринский Район (Йӱрнӹ Кундем),56°17′13″N,46°17′58″E,RU.MR.YU,,,,,
Republic of Mordovia ► Республика Мордовия ► Мордовия Республикась,,,,,,,,,,
R4U,County of Ardatov (Ordan),Ардатовский Район (Ардатовань Район / Орданьбуе),54°51′00″N,46°14′00″E,RU.MD.AR,,,,,
R4U,County of Atyuryevo (Ater / Atyur),Атюрьевский Район (Атерень Район / Атюрьбуе),54°19′05″N,43°20′35″E,RU.MD.AT,,,,,
R4U,County of Atyashevo (Otyazh),Атяшевский Район (Атяшевань Район / Отяжбуе),54°35′23″N,46°06′04″E,RU.MD.AS,,,,,
R4U,County of Bolshiye Berezniki (Otsyu Berezniki / Poksh Kiley),Большеберезниковский Район (Оцю Березниконь Район / Покш Килейбуе), 54°10′22″N,45°57′59″E,RU.MD.BB,,,,,
R4U,County of Bolshoye Ignatovo (Otsyu Ignatovo / Poksh Ignad),Большеигнатовский Район (Оцю Игнатовань Район / Покш Игнадбуе),55°01′07″N,45°34′21″E,RU.MD.BI,,,,,
R4U,County of Dubyonki (Tumo),Дубёнский Район (Дубёнкань Район / Тумобуе),54°26′14″N,46°18′04″E,RU.MD.DU,,,,,
R4U,County of Yelniki (Kuz),Ельниковский Район (Ельниконь Район / Кузбуе),54°37′30″N,43°51′50″E,RU.MD.YE,,,,,
R4U,County of Zubova Polyana (Zubu / Peykuzho),Зубово-Полянский Район (Зубунь Район / Пейкужо Буе),54°05′00″N,42°49′00″E,RU.MD.ZP,,,,,
R4U,County of Insar (Inesaro),Инсарский Район (Инсаронь Район / Инесаро Буе),53°52′00″N,44°22′00″E,RU.MD.IN,,,,,
R4U,County of Ichalki (Kemlya / Itsyal),Ичалковский Район (Кемлянь Район / Ицял Буе),54°41′40″N,45°13′53″E,RU.MD.IC,,,,,
R4U,County of Kadoshkino (Kadazh / Kadon),Кадошкинский Район (Кадажень Район / Кадоньбуе),54°01′49″N,44°24′14″E,RU.MD.KA,,,,,
R4U,Township of Kovylkino (Lashma / Kovyol),Город Ковылкино (Лашма Ош / Ковёл Ош),54°02′00″N,43°55′00″E,RU.MD.GK,,,,,
R4U,County of Kovylkino (Lashma / Kovyol),Ковылкинский Район (Лашмонь Район / Ковёлбуе),53°48′57″N,43°57′35″E,RU.MD.KR,,,,,
R4U,County of Kochkurovo (Kochkur),Кочкуровский Район (Кочкуровань Район / Кочкурбуе),54°02′10″N,45°25′55″E,RU.MD.KO,,,,,
R4U,County of Krasnoslobodsk (Krasnoslobodskyay / Yaksterekuro),Краснослободский Район (Краснослободскяень Район / Якстерекуро Буе),54°26′00″N,43°47′00″E,RU.MD.KS,,,,,
R4U,County of Lyambir,Лямбирский Район (Лямбирень Район / Лямбирьбуе),54°16′59″N,45°07′19″E,RU.MD.LA,,,,,
R4U,County of Romodanovo (Ramadan),Ромодановский Район (Ромодановань Район / Рамаданбуе),54°25′14″N,45°20′35″E,RU.MD.RD,,,,,
R4U,Township of Ruzayevka (Orozay / Orazay),Город Рузаевка (Орозай Ош / Оразай Ош),54°04′00″N,44°57′00″E,RU.MD.GR,,,,,
R4U,County of Ruzayevka (Orozay / Orazay),Рузаевский Район (Орозаень Район / Оразайбуе),54°11′40″N,44°46′08″E,RU.MD.RR,,,,,
R4U,Township of Saransk (Saranosh / Saran),Город Саранск (Саранош / Саран Ош),54°11′00″N,45°11′00″E,RU.MD.SA,,,,,
R4U,County of Staroye Shaygovo (Sire Shyaygav / Tashto Shayga),Старошайговский Район (Сире Шяйгавонь Район / Ташто Шайгабуе),54°18′06″N,44°27′48″E,RU.MD.SS,,,,,
R4U,County of Temnikov (Temnikav / Chopolt),Темниковский Район (Темникавонь Район / Чополтбуе),54°38′00″N,43°13′00″E,RU.MD.TM,,,,,
R4U,County of Tengushevo (Tengzhele / Tengush),Теньгушевский Район (Теньгжелень Район / Теньгушбуе),54°46′07″N,42°43′08″E,RU.MD.TE,,,,,
R4U,County of Torbeyevo (Tarbey / Torbey),Торбеевский Район (Торбеевань Район / Торбейбуе),54°04′14″N,43°14′02″E,RU.MD.TO,,,,,
R4U,County of Chamzinka (Chaunza),Чамзинский Район (Чамзинкань Район / Чаунзабуе),54°24′26″N,45°46′48″E,RU.MD.CH,,,,,
Udmurt Republic ► Удмуртская Республика ► Удмурт Республика,,,,,,,,,,
R4W,County of Alnashi (Alnash),Алнашский Район (Алнаш Ёрос),56°11′00″N,52°28′00″E,RU.UD.AL,,,,,
R4W,County of Belezino,Балезинский Район (Балезино Ёрос),57°58′41″N,53°00′18″E,RU.UD.BE,,,,,
R4W,County of Vavozh,Вавожский Район (Вавож Ёрос),56°46′12″N,51°55′29″E,RU.UD.VA,,,,,
R4W,Township of Votkinsk (Votka),Город Воткинск (Вотка Кар),57°03′00″N,54°00′00″E,RU.UD.GV,,,,,
R4W,County of Votkinsk (Votka),Воткинский Район (Вотка Ёрос),56°48′52″N,54°02′02″E,RU.UD.VR,,,,,
R4W,Township of Glazov (Glaz),Город Глазов (Глаз Кар),58°08′00″N,52°39′00″E,RU.UD.GG,,,,,
R4W,County of Glazov (Glaz),Глазовский Район (Глаз Ёрос),57°56′20″N,52°34′32″E,RU.UD.GR,,,,,
R4W,County of Grakhovo (Grakh),Граховский Район (Грах Ёрос),56°02′41″N,51°57′19″E,RU.UD.GH,,,,,
R4W,County of Debyosy (Debes),Дебёсский Район (Дэбес Ёрос),57°39′00″N,53°49′00″E,RU.UD.DE,,,,,
R4W,County of Zavyalovo (Zavyal),Завьяловский Район (Завьял Ёрос),56°47′25″N,53°22′50″E,RU.UD.ZA,,,,,
R4W,County of Igra (Egra),Игринский Район (Эгра Ёрос),57°33′00″N,53°02′00″E,RU.UD.IG,,,,,
R4W,Township of Izhevsk (Izh),Город Ижевск (Иж Кар),56°51′00″N,53°13′00″E,RU.UD.IZ,,,,,
R4W,County of Kambarka,Камбарский Район (Камбарка Ёрос),56°16′00″N,54°12′00″E,RU.UD.KA,,,,,
R4W,County of Karakulino,Каракулинский Район (Каракулино Ёрос),56°01′00″N,53°42′00″E,RU.UD.KR,,,,,
R4W,County of Kez,Кезский Район (Кез Ёрос),57°53′36″N,53°42′39″E,RU.UD.KZ,,,,,
R4W,County of Kizner,Кизнерский Район (Кизнер Ёрос),56°17′00″N,51°30′40″E,RU.UD.KI,,,,,
R4W,County of Kiyasovo (Kiyasa),Киясовский Район (Кияса Ёрос),56°20′38″N,53°07′21″E,RU.UD.KS,,,,,
R4W,County of Krasnogorskoye (Krasnogorsk),Красногорский Район (Красногорск Ёрос),57°42′25″N,52°29′49″E,RU.UD.KG,,,,,
R4W,County of Malaya Purga (Pichi Purga),Малопургинский Район (Пичи Пурга Ёрос),56°33′15″N,52°59′43″E,RU.UD.MP,,,,,
R4W,Township of Mozhga,Город Можга (Можга Кар),56°27′00″N,52°13′00″E,RU.UD.GM,,,,,
R4W,County of Mozhga,Можгинский Район (Можга Ёрос),56°13′20″N,51°56′59″E,RU.UD.MR,,,,,
R4W,Township of Sarapul,Город Сарапул (Сарапул Кар),56°28′00″N,53°48′00″E,RU.UD.GS,,,,,
R4W,County of Sarapul,Сарапульский Район (Сарапул Ёрос),56°32′26″N,53°38′45″E,RU.UD.SR,,,,,
R4W,County of Selty (Syolta),Селтинский Район (Сьӧлта Ёрос),57°18′35″N,52°08′09″E,RU.UD.SE,,,,,
R4W,County of Syumsi,Сюмсинский Район (Сюмси Ёрос),57°06′46″N,51°36′45″E,RU.UD.SU,,,,,
R4W,County of Uva,Увинский Район (Ува Ёрос),56°58′47″N,52°10′38″E,RU.UD.UV,,,,,
R4W,County of Sharkan,Шарканский Район (Шаркан Ёрос),57°17′52″N,53°51′57″E,RU.UD.SH,,,,,
R4W,County of Yukamenskoye (Yukamen),Юкаменский Район (Юкамен Ёрос),57°53′25″N,52°14′25″E,RU.UD.YU,,,,,
R4W,County of Yakshur-Bodya,Якшур-Бодьинский Район (Якшур-Бӧдья Ёрос),57°11′10″N,53°09′40″E,RU.UD.YB,,,,,
R4W,County of Yar,Ярский Район (Яр Ёрос),58°14′45″N,52°06′56″E,RU.UD.YA,,,,,
Chuvash Republic ► Чувашская Республика ► Чӑваш Республики,,,,,,,,,,
R4Y,County of Alatyr (Ulatăr),Алатырский Район (Улатăр Районĕ),55°04′38″N,46°51′39″E,RU.CU.AR,,,,,
R4Y,Township of Alatyr (Ulatăr),Город Алатырь (Улатăр Хули),54°51′00″N,46°35′00″E,RU.CU.GA,,,,,
R4Y,County of Alikovo (Elĕk),Аликовский Район (Элĕк Районĕ),55°44′09″N,46°44′08″E,RU.CU.AL,,,,,
R4Y,County of Batyrevo (Patăryel),Батыревский Район (Патăръел Районĕ),55°04′03″N,47°36′40″E,RU.CU.BA,,,,,
R4Y,County of Vurnary (Vărnar),Вурнарский Район (Вăрнар Районĕ),55°29′23″N,46°58′01″E,RU.CU.VU,,,,,
R4Y,County of Ibresi (Yĕpreś),Ибресинский Район (Йĕпреç Районĕ),55°18′00″N,47°02′00″E,RU.CU.IB,,,,,
R4Y,Township of Kanash (Kanaš),Город Канаш (Канаш Хули),55°31′00″N,47°30′00″E,RU.CU.GK,,,,,
R4Y,County of Kanash (Kanaš),Канашский Район (Канаш Районĕ),55°31′56″N,47°27′21″E,RU.CU.KR,,,,,
R4Y,County of Kozlovka (Kuslavkka),Козловский Район (Куславкка Районĕ),55°50′00″N,48°15′00″E,RU.CU.KZ,,,,,
R4Y,County of Komsomolskoye (Komsomolski),Комсомольский Район (Комсомольски Районĕ),55°15′48″N,47°31′28″E,RU.CU.KM,,,,,
R4Y,County of Krasnoarmeyskoye (Krasnoarmeyski),Красноармейский Район (Красноармейски Районĕ),55°46′02″N,47°10′11″E,RU.CU.KA,,,,,
R4Y,County of Krasnye Chetai (Hĕrlĕ Čutay),Красночетайский Район (Хĕрлĕ Чутай Районĕ),55°41′00″N,46°09′00″E,RU.CU.KC,,,,,
R4Y,County of Mariinsky Posad (Sĕntĕrvărri),Мариинско-Посадский Район (Сĕнтĕрвăрри Районĕ),56°07′00″N,47°43′00″E,RU.CU.MP,,,,,
R4Y,County of Morgaushi (Murkaš),Моргаушский Район (Муркаш Районĕ),55°57′52″N,46°45′55″E,RU.CU.MO,,,,,
R4Y,Township of Novocheboksarsk (Śĕnĕ Šupaškar),Город Новочебоксарск (Çĕнĕ Шупашкар Хули),56°07′00″N,47°30′00″E,RU.CU.NC,,,,,
R4Y,County of Poretskoye (Păračkav),Порецкий Район (Пăрачкав Районĕ),55°12′00″N,46°09′00″E,RU.CU.PO,,,,,
R4Y,County of Urmary (Vărmar),Урмарский Район (Вăрмар Районĕ),55°41′00″N,47°57′00″E,RU.CU.UR,,,,,
R4Y,County of Tsivilsk (Śĕrpü),Цивильский Район (Çĕрпӳ Районĕ),55°52′00″N,47°29′00″E,RU.CU.TS,,,,,
R4Y,County of Cheboksary (Šupaškar),Чебоксарский Район (Шупашкар Районĕ),56°01′44″N,47°17′44″E,RU.CU.CR,,,,,
R4Y,Township of Cheboksary (Šupaškar),Город Чебоксары (Шупашкар Хули),56°08′00″N,47°15′00″E,RU.CU.GC,,,,,
R4Y,County of Shemursha (Šămăršă),Шемуршинский Район (Шăмăршă Районĕ),54°53′20″N,47°32′04″E,RU.CU.SH,,,,,
R4Y,County of Shumerlya (Śĕmĕrle),Шумерлинский Район (Çĕмĕрле Районĕ),55°37′01″N,46°33′07″E,RU.CU.SR,,,,,
R4Y,Township of Shumerlya (Śĕmĕrle),Город Шумерля (Çĕмĕрле Хули),55°30′00″N,46°25′00″E,RU.CU.GS,,,,,
R4Y,County of Yadrin (Yetĕrne),Ядринский Район (Етĕрне Районĕ),55°57′00″N,46°12′00″E,RU.CU.YD,,,,,
R4Y,County of Yalchiki (Yelčĕk),Яльчикский Район (Елчĕк Районĕ),55°10′00″N,48°00′00″E,RU.CU.YA,,,,,
R4Y,County of Yantikovo (Tăvay),Янтиковский Район (Тăвай Районĕ),55°31′00″N,47°47′00″E,RU.CU.YN,,,,,
Region of Krasnodar ► Краснодарский Край,,,,,,,,,,
R6A,County of Abinsk,Абинский Район,44°52′00″N,38°10′00″E,RU.KR.AB,,,,,
R6A,Township of Anapa,Город Анапа,44°53′00″N,37°19′00″E,RU.KR.AN,,,,,
R6A,County of Apsheronsk,Апшеронский Район,44°28′00″N,39°43′00″E,RU.KR.AP,,,,,
R6A,Township of Armavir,Город Армавир,45°00′00″N,41°07′00″E,RU.KR.AR,,,,,
R6A,County of Belaya Glina,Белоглинский Район,46°05′00″N,40°51′00″E,RU.KR.BG,,,,,
R6A,County of Belorechensk,Белореченский Район,44°46′00″N,39°52′00″E,RU.KR.BR,,,,,
R6A,County of Bryukhovetskaya,Брюховецкий Район,45°48′00″N,39°00′00″E,RU.KR.BH,,,,,
R6A,County of Vyselki,Выселковский Район,45°34′00″N,39°39′00″E,RU.KR.VY,,,,,
R6A,Township of Gelendzhik,Город Геленджик,44°33′00″N,38°05′00″E,RU.KR.GE,,,,,
R6A,Township of Goryachy Klyuch,Город Горячий Ключ,44°38′00″N,39°08′00″E,RU.KR.GK,,,,,
R6A,County of Gulkevichi,Гулькевичский Район,45°22′00″N,40°41′00″E,RU.KR.GU,,,,,
R6A,County of Dinskaya,Динской Район,45°11′00″N,39°14′00″E,RU.KR.DI,,,,,
R6A,County of Yeysk,Ейский Район,46°41′00″N,38°17′00″E,RU.KR.YE,,,,,
R6A,County of Caucasus,Кавказский Район,45°26′00″N,40°34′00″E,RU.KR.KV,,,,,
R6A,County of Kalininskaya,Калининский Район,45°28′00″N,38°40′00″E,RU.KR.KL,,,,,
R6A,County of Kanevskaya,Каневской Район,46°05′00″N,38°57′00″E,RU.KR.KN,,,,,
R6A,County of Korenovsk,Кореновский Район,45°28′00″N,39°27′00″E,RU.KR.KO,,,,,
R6A,County of Krasnoarmeysky,Красноармейский Район,45°20′00″N,38°13′00″E,RU.KR.KA,,,,,
R6A,Township of Krasnodar,Город Краснодар,45°01′56″N,38°59′43″E,RU.KR.KR,,,,,
R6A,County of Krylovskaya,Крыловский Район,46°18′00″N,39°57′00″E,RU.KR.KY,,,,,
R6A,County of Krymsk,Крымский Район,44°56′00″N,38°00′00″E,RU.KR.KM,,,,,
R6A,County of Kurganinsk,Курганинский Район,44°53′00″N,40°36′00″E,RU.KR.KU,,,,,
R6A,County of Kushchevskaya,Кущевский Район,46°33′00″N,39°40′00″E,RU.KR.KS,,,,,
R6A,County of Labinsk,Лабинский Район,44°38′00″N,40°44′00″E,RU.KR.LA,,,,,
R6A,County of Leningradskaya,Ленинградский Район,46°19′00″N,39°22′00″E,RU.KR.LG,,,,,
R6A,County of Mostovskoy,Мостовский Район,44°24′00″N,40°46′00″E,RU.KR.MO,,,,,
R6A,County of Novokubansk,Новокубанский Район,45°06′00″N,41°03′00″E,RU.KR.NK,,,,,
R6A,County of Novopokrovskaya,Новопокровский Район,45°57′00″N,40°41′00″E,RU.KR.NP,,,,,
R6A,Township of Novorossiysk,Город Новороссийск,44°43′00″N,37°46′00″E,RU.KR.NR,,,,,
R6A,County of Otradnaya,Отрадненский Район,44°22′00″N,41°31′00″E,RU.KR.OT,,,,,
R6A,County of Pavlovskaya,Павловский Район,46°08′00″N,39°46′00″E,RU.KR.PV,,,,,
R6A,County of Primorsko-Akhtarsk,Приморско-Ахтарский Район,46°03′00″N,38°11′00″E,RU.KR.PA,,,,,
R6A,County of Severskaya,Северский Район,44°51′00″N,38°40′00″E,RU.KR.SE,,,,,
R6A,County of Slavyansk,Славянский Район,45°15′00″N,38°17′00″E,RU.KR.SL,,,,,
R6A,Township of Sochi,Город Сочи,43°35′07″N,39°43′13″E,RU.KR.SO,,,,,
R6A,County of Starominskaya,Староминский Район,46°32′00″N,39°03′00″E,RU.KR.SM,,,,,
R6A,County of Tbilisskaya,Тбилисский Район,45°21′00″N,40°13′00″E,RU.KR.TB,,,,,
R6A,County of Temryuk,Темрюкский Район,45°16′00″N,37°23′00″E,RU.KR.TE,,,,,
R6A,County of Timashevsk,Тимашевский Район,45°37′00″N,38°56′00″E,RU.KR.TI,,,,,
R6A,County of Tikhoretsk,Тихорецкий Район,45°51′00″N,40°07′00″E,RU.KR.TR,,,,,
R6A,County of Tuapse,Туапсинский Район,44°06′00″N,39°05′00″E,RU.KR.TU,,,,,
R6A,County of Uspenskoye,Успенский Район,44°50′06″N,41°23′02″E,RU.KR.US,,,,,
R6A,County of Ust-Labinsk,Усть-Лабинский Район,45°13′00″N,39°40′00″E,RU.KR.UL,,,,,
R6A,County of Shcherbinovsky,Щербиновский Район,46°37′50″N,38°40′00″E,RU.KR.SH,,,,,
Karachay-Cherkess Republic ► Карачаево-Черкесская Республика ► Къарачай-Черкес Республика ► Къэрэшей-Шэрджэс Республикэ,,,,,,,,,,
R6E,County of Abaza,Абазинский Район (Абаза Район),44°03′32″N,41°47′09″E,RU.KC.AB,,,,,
R6E,County of Adyge-Khabl,Адыге-Хабльский Район (Адыге-Хабль Район),44°20′00″N,41°56′00″E,RU.KC.AK,,,,,
R6E,County of Zelenchukskaya (Zelenchuk),Зеленчукский Район (Зеленчук Район),43°51′00″N,41°36′00″E,RU.KC.ZE,,,,,
R6E,Township of Karachayevsk (Karachay),Город Карачаевск (Къарачай Шахар),43°46′00″N,41°54′00″E,RU.KC.GK,,,,,
R6E,County of Karachayevsk (Karachay),Карачаевский Район (Къарачай Район),43°27′00″N,41°45′00″E,RU.KC.KR,,,,,
R6E,County of Maly Karachay (Gitche Karachay),Малокарачаевский Район (Гитче Къарачай Район),43°56′38″N,42°30′55″E,RU.KC.MK,,,,,
R6E,County of Nogay,Ногайский Район (Ногай Район),44°22′00″N,41°57′00″E,RU.KC.NO,,,,,
R6E,County of Prikubansky (K'oban),Прикубанский Район (Къобан Район),44°16′05″N,42°13′55″E,RU.KC.PK,,,,,
R6E,County of Urup,Урупский Район (Уруп Район),43°57′00″N,41°11′00″E,RU.KC.UR,,,,,
R6E,County of Ust-Dzheguta (Dzhyogetey Ayag'y),Усть-Джегутинский Район (Джёгетей Аягъы Район),44°05′34″N,41°58′56″E,RU.KC.UD,,,,,
R6E,County of Khabez,Хабезский Район (Хабез Район),44°02′00″N,41°46′00″E,RU.KC.KB,,,,,
R6E,Township of Cherkessk,Город Черкесск (Черкесск Шахар),44°13′20″N,42°03′27″E,RU.KC.CH,,,,,
Region of Stavropol ► Ставропольский Край,,,,,,,,,,
R6H,County of Aleksandrovskoye,Александровский Район,44°42′00″N,42°59′00″E,RU.ST.AL,,,,,
R6H,County of Andropov,Андроповский Район,44°27′00″N,42°30′00″E,RU.ST.AN,,,,,
R6H,County of Apanasenko,Апанасенковский Район,45°54′00″N,43°21′00″E,RU.ST.AP,,,,,
R6H,County of Arzgir,Арзгирский Район,45°22′20″N,44°13′00″E,RU.ST.AR,,,,,
R6H,County of Blagodarny,Благодарненский Район,45°06′00″N,43°26′00″E,RU.ST.BL,,,,,
R6H,Township of Budyonnovsk,Город Будённовск,44°47′00″N,44°09′00″E,RU.ST.GB,,,,,
R6H,County of Budyonnovsk,Будённовский Район,44°36′38″N,44°05′20″E,RU.ST.BR,,,,,
R6H,Township of Georgiyevsk,Город Георгиевск,44°09′00″N,43°28′00″E,RU.ST.GG,,,,,
R6H,County of Georgiyevsk,Георгиевский Район,44°06′40″N,43°29′20″E,RU.ST.GR,,,,,
R6H,County of Grachyovka,Грачёвский Район,45°12′00″N,42°24′20″E,RU.ST.GC,,,,,
R6H,Township of Yessentuki,Город Ессентуки,44°02′00″N,42°51′00″E,RU.ST.YE,,,,,
R6H,Township of Zheleznovodsk,Город Железноводск,44°08′00″N,43°02′00″E,RU.ST.ZH,,,,,
R6H,County of Izobilny,Изобильненский Район,45°22′00″N,41°43′00″E,RU.ST.IZ,,,,,
R6H,County of Ipatovo,Ипатовский Район,45°43′00″N,42°54′00″E,RU.ST.IP,,,,,
R6H,County of Kirov,Кировский Район,43°58′00″N,43°38′00″E,RU.ST.KI,,,,,
R6H,Township of Kislovodsk,Город Кисловодск,43°55′00″N,42°43′00″E,RU.ST.KV,,,,,
R6H,County of Kochubeyevskoye,Кочубеевский Район,44°41′00″N,41°49′00″E,RU.ST.KO,,,,,
R6H,County of Krasnogvardeyskoye,Красногвардейский Район,45°51′00″N,41°31′00″E,RU.ST.KG,,,,,
R6H,County of Kurskaya,Курский Район,44°02′30″N,44°33′27″E,RU.ST.KU,,,,,
R6H,County of Levokumskoye,Левокумский Район,44°49′00″N,44°39′00″E,RU.ST.LK,,,,,
R6H,Township of Lermontov,Город Лермонтов,44°06′19″N,42°58′18″E,RU.ST.LE,,,,,
R6H,County of Mineralnye Vody,Минераловодский Район,44°13′00″N,43°08′00″E,RU.ST.MV,,,,,
R6H,Township of Mikhaylovsk,Город Михайловск,45°08′00″N,42°02′00″E,RU.ST.MI,,,,,
R6H,Township of Nevinnomyssk,Город Невинномысск,44°38′00″N,41°56′00″E,RU.ST.NM,,,,,
R6H,County of Neftekumsk,Нефтекумский Район,44°45′00″N,44°59′00″E,RU.ST.NK,,,,,
R6H,County of Novoaleksandrovsk,Новоалександровский Район,45°30′00″N,41°14′00″E,RU.ST.NA,,,,,
R6H,County of Novoselitskoye,Новоселицкий Район,44°45′10″N,43°26′10″E,RU.ST.NS,,,,,
R6H,County of Petrovsky,Петровский Район,45°20′00″N,42°51′00″E,RU.ST.PE,,,,,
R6H,County of Predgorny,Предгорный Район,44°01′00″N,42°52′00″E,RU.ST.PG,,,,,
R6H,Township of Pyatigorsk,Город Пятигорск,44°02′00″N,43°03′00″E,RU.ST.PT,,,,,
R6H,County of Sovetsky,Советский Район,44°24′30″N,43°52′40″E,RU.ST.SO,,,,,
R6H,Township of Stavropol,Город Ставрополь,45°03′00″N,41°59′00″E,RU.ST.ST,,,,,
R6H,County of Stepnoye,Степновский Район,44°18′00″N,44°35′00″E,RU.ST.SP,,,,,
R6H,County of Trunovsky,Труновский Район,45°27′00″N,41°58′00″E,RU.ST.TR,,,,,
R6H,County of the Turkmens,Туркменский Район,45°25′40″N,43°26′30″E,RU.ST.TU,,,,,
R6H,County of Shpakovsky,Шпаковский Район,45°07′54″N,41°56′45″E,RU.ST.SH,,,,,
Republic of Kalmykia ► Республика Калмыкия ► Хальмг Таңһч,,,,,,,,,,
R6I,County of Gorodovikovsk (Bashnta),Городовиковский Район (Башнтан Район),46°05′00″N,41°56′00″E,RU.KM.GO,,,,,
R6I,County of Iki-Burul (Ik Burl),Ики-Бурульский Район (Ик Бурла Район), 45°49′16″N,44°38′31″E,RU.KM.IB,,,,,
R6I,County of Ketchenery (Kötchnr),Кетченеровский Район (Көтчнрә Район), 47°18′28″N,44°31′09″E,RU.KM.KE,,,,,
R6I,County of Lagan,Лаганский Район (Лаганя Район),45°23′00″N,47°22′00″E,RU.KM.LA,,,,,
R6I,County of Malye Derbety (Bagh Dörvd),Малодербетовский Район (Баһ Дөрвдә Район),47°57′00″N,44°40′27″E,RU.KM.MD,,,,,
R6I,County of Oktyabrsky (Oktyabr),Октябрьский Район (Октябрин Район),47°51′06″N,45°25′50″E,RU.KM.OK,,,,,
R6I,County of Priyutnoye,Приютненский Район (Приютнин Район),46°05′59″N,43°30′15″E,RU.KM.PR,,,,,
R6I,County of Sarpinsky (Sarpin),Сарпинский Район (Сарпан Район),47°47′00″N,44°31′00″E,RU.KM.SA,,,,,
R6I,County of the Virgin Land (Tselina),Целинный Район (Целинн Район),46°25′22″N,44°15′19″E,RU.KM.TS,,,,,
R6I,County of Chernozemelsky (Har Ghazra),Черноземельский Район (Хар Һазра Район),45°19′43″N,46°02′20″E,RU.KM.CZ,,,,,
R6I,Township of Elista (Elst),Город Элиста (Элст Балһсн),46°19′00″N,44°16′00″E,RU.KM.EL,,,,,
R6I,County of Yusta,Юстинский Район (Юстан Район),47°33′25″N,46°43′35″E,RU.KM.YU,,,,,
R6I,County of Yashalta (Yashlt),Яшалтинский Район (Яшлтан Район),46°20′20″N,42°16′20″E,RU.KM.YA,,,,,
R6I,County of Yashkul,Яшкульский Район (Яшкулин Район),46°10′10″N,45°20′34″E,RU.KM.YK,,,,,
Republic of North Ossetia-Alania ► Республика Северная Осетия-Алания ► Республикæ Цæгат Ирыстон-Алани,,,,,,,,,,
R6J,County of Alagir,Алагирский Район (Алагиры Район),43°02′00″N,44°13′00″E,RU.SO.AL,,,,,
R6J,County of Ardon (Ärydon),Ардонский Район (Æрыдоны Район),43°10′00″N,44°17′00″E,RU.SO.AR,,,,,
R6J,Township of Vladikavkaz (Dzäudžyqäu),Город Владикавказ (Дзӕуджыхъӕуы Сахар),43°01′00″N,44°39′00″E,RU.SO.VK,,,,,
R6J,County of Digora (Digorä),Дигорский Район (Дыгуры Район),43°09′00″N,44°09′00″E,RU.SO.DI,,,,,
R6J,County of Iraf (Äräf),Ирафский Район (Æрæфы Район),43°11′29″N,43°55′06″E,RU.SO.IR,,,,,
R6J,County of Kirov,Кировский Район (Кировы Район),43°20′00″N,44°12′00″E,RU.SO.KI,,,,,
R6J,County of Mozdok (Mäzdäg),Моздокский Район (Мæздæджы Район),43°45′00″N,44°39′00″E,RU.SO.MO,,,,,
R6J,County of Pravoberezhny (Rahiz Fars),Правобережный Район (Рахизфарсы Район),43°11′00″N,44°32′00″E,RU.SO.PB,,,,,
R6J,County of Prigorodny (Gorätgäron),Пригородный Район (Горæтгæроны Район),43°04′00″N,44°44′00″E,RU.SO.PG,,,,,
Province of Rostov ► Ростовская Область,,,,,,,,,,
R6L,Township of Azov,Город Азов,47°06′00″N,39°25′00″E,RU.RO.GA,,,,,
R6L,County of Azov,Азовский Район,46°46′59″N,38°59′55″E,RU.RO.AR,,,,,
R6L,County of Aksay,Аксайский Район,47°16′00″N,39°52′00″E,RU.RO.AK,,,,,
R6L,County of Bagayevskaya,Багаевский Район,47°19′00″N,40°23′00″E,RU.RO.BA,,,,,
R6L,Township of Bataysk,Город Батайск,47°08′00″N,39°45′00″E,RU.RO.BT,,,,,
R6L,County of Belaya Kalitva,Белокалитвинский Район,48°10′00″N,40°47′00″E,RU.RO.BK,,,,,
R6L,County of Bokovskaya,Боковский Район,49°13′20″N,41°50′01″E,RU.RO.BO,,,,,
R6L,County of Verkhny Don,Верхнедонской Район,49°48′00″N,41°08′00″E,RU.RO.VD,,,,,
R6L,County of Vesyoly,Весёловский Район,47°05′05″N,40°44′15″E,RU.RO.VE,,,,,
R6L,Township of Volgodonsk,Город Волгодонск,47°31′00″N,42°09′00″E,RU.RO.GV,,,,,
R6L,County of Volgodonsk,Волгодонской Район,47°32′36″N,42°01′39″E,RU.RO.VR,,,,,
R6L,Township of Gukovo,Город Гуково,48°03′00″N,39°56′00″E,RU.RO.GU,,,,,
R6L,Township of Donetsk,Город Донецк,48°20′13″N,39°56′42″E,RU.RO.DO,,,,,
R6L,County of Dubovskoye,Дубовский Район,47°24′33″N,42°45′27″E,RU.RO.DU,,,,,
R6L,County of Yegorlykskaya,Егорлыкский Район,46°33′00″N,40°39′00″E,RU.RO.YE,,,,,
R6L,County of Zavetnoye,Заветинский Район,47°07′02″N,43°53′27″E,RU.RO.ZA,,,,,
R6L,Township of Zverevo,Город Зверево,48°01′00″N,40°07′00″E,RU.RO.ZV,,,,,
R6L,County of Zernograd,Зерноградский Район,46°51′00″N,40°18′00″E,RU.RO.ZG,,,,,
R6L,County of Zimovniki,Зимовниковский Район,47°08′42″N,42°28′00″E,RU.RO.ZI,,,,,
R6L,County of Kagalnitskaya,Кагальницкий Район,46°52′55″N,40°09′01″E,RU.RO.KG,,,,,
R6L,Township of Kamensk-Shakhtinsky,Город Каменск-Шахтинский,48°19′00″N,40°16′00″E,RU.RO.KS,,,,,
R6L,County of Kamensk,Каменский Район,48°31′25″N,40°19′15″E,RU.RO.KA,,,,,
R6L,County of Kashary,Кашарский Район,49°02′25″N,41°00′09″E,RU.RO.KY,,,,,
R6L,County of Konstantinovsk,Константиновский Район,47°35′00″N,41°06′00″E,RU.RO.KO,,,,,
R6L,County of Krasny Sulin,Красносулинский Район,47°53′00″N,40°04′00″E,RU.RO.KR,,,,,
R6L,County of Kuybyshevo,Куйбышевский Район,47°49′06″N,38°54′30″E,RU.RO.KU,,,,,
R6L,County of Martynovka,Мартыновский Район,47°16′35″N,41°40′03″E,RU.RO.MA,,,,,
R6L,County of Matveyev Kurgan,Матвеево-Курганский Район,47°34′20″N,38°52′00″E,RU.RO.MK,,,,,
R6L,County of Millerovo,Миллеровский Район,48°55′00″N,40°24′00″E,RU.RO.MI,,,,,
R6L,County of Milyutinskaya,Милютинский Район,48°37′50″N,41°40′15″E,RU.RO.ML,,,,,
R6L,County of Morozovsk,Морозовский Район,48°21′00″N,41°50′00″E,RU.RO.MO,,,,,
R6L,County of Myasnikov,Мясниковский Район,47°17′00″N,39°30′00″E,RU.RO.MS,,,,,
R6L,County of Neklinov,Неклиновский Район,47°24′59″N,38°53′56″E,RU.RO.NE,,,,,
R6L,Township of Novocherkassk,Город Новочеркасск,47°26′09″N,40°05′55″E,RU.RO.NC,,,,,
R6L,Township of Novoshakhtinsk,Город Новошахтинск,47°46′00″N,39°55′00″E,RU.RO.NS,,,,,
R6L,County of Oblivskaya,Обливский Район,48°32′12″N,42°29′39″E,RU.RO.OB,,,,,
R6L,County of Oktyabrsky,Октябрьский Район,47°40′07″N,40°12′49″E,RU.RO.OK,,,,,
R6L,County of Orlovsky,Орловский Район,46°52′17″N,42°03′33″E,RU.RO.OR,,,,,
R6L,County of Peschanokopskoye,Песчанокопский Район,46°11′46″N,41°04′39″E,RU.RO.PE,,,,,
R6L,County of Proletarsk,Пролетарский Район,46°42′11″N,41°43′09″E,RU.RO.PR,,,,,
R6L,County of Remontnoye,Ремонтненский Район,46°33′47″N,43°39′24″E,RU.RO.RE,,,,,
R6L,County of Rodionovo-Nesvetayskaya,Родионово-Несветайский Район,47°36′50″N,39°42′03″E,RU.RO.RN,,,,,
R6L,Township of Rostov-on-Don,Город Ростов-на-Дону,47°14′00″N,39°43′00″E,RU.RO.RD,,,,,
R6L,County of Salsk,Сальский Район,46°29′00″N,41°32′00″E,RU.RO.SA,,,,,
R6L,County of Semikarakorsk,Семикаракорский Район,47°31′00″N,40°48′00″E,RU.RO.SK,,,,,
R6L,County of Sovetskaya,Советский Район,49°00′29″N,42°07′13″E,RU.RO.SO,,,,,
R6L,Township of Taganrog,Город Таганрог,47°13′19″N,38°52′14″E,RU.RO.TA,,,,,
R6L,County of Tarasovsky,Тарасовский Район,48°43′45″N,40°21′49″E,RU.RO.TR,,,,,
R6L,County of Tatsinskaya,Тацинский Район,48°11′49″N,41°16′23″E,RU.RO.TN,,,,,
R6L,County of Ust-Donetsky,Усть-Донецкий Район,47°38′23″N,40°51′59″E,RU.RO.UD,,,,,
R6L,County of Tselina,Целинский Район,46°32′00″N,41°02′00″E,RU.RO.TS,,,,,
R6L,County of Tsimlyansk,Цимлянский Район,47°38′48″N,42°05′41″E,RU.RO.TM,,,,,
R6L,County of Chertkovo,Чертковский Район,49°22′43″N,40°08′53″E,RU.RO.CH,,,,,
R6L,Township of Shakhty,Город Шахты,47°42′00″N,40°14′00″E,RU.RO.SH,,,,,
R6L,County of Sholokhov,Шолоховский Район,49°37′38″N,41°43′34″E,RU.RO.SL,,,,,
Chechen Republic ► Чеченская Республика ► Нохчийн Республика,,,,,,,,,,
R6P,Township of Argun (Orga-Ġala),Город Аргун (Орга-ГӀала),43°18′00″N,45°52′00″E,RU.CN.AR,,,,,
R6P,County of Achkhoy-Martan (Theẋa-Marta),Ачхой-Мартановский Район (ТӀехьа-Мартанан КӀошт),43°11′38″N,45°17′00″E,RU.CN.AM,,,,,
R6P,County of Vedeno (Vedana),Веденский Район (Веданан КӀошт),42°57′42″N,46°06′14″E,RU.CN.VE,,,,,
R6P,Township of Grozny (Sölƶa-Ġala),Город Грозный (Соьлжа-ГӀала Шахьар),43°19′00″N,45°42′00″E,RU.CN.GR,,,,,
R6P,County of Grozny (Sölƶa-Ġala),Грозненский Район (Соьлжа-ГӀалан КӀошт),43°15′31″N,45°31′42″E,RU.CN.GZ,,,,,
R6P,Township of Gudermes (Gümse-Ġala),Город Гудермес (Гуьмсе-ГIала),43°21′00″N,46°06′00″E,RU.CN.GU,,,,,
R6P,County of Gudermes (Gümse),Гудермесский Район (Гуьмсан КӀошт),43°15′52″N,46°14′51″E,RU.CN.GS,,,,,
R6P,County of Itum-Kale (Iton-Qälla),Итум-Калинский Район (Итон-Кхаьллан КӀошт),42°44′06″N,45°34′37″E,RU.CN.IK,,,,,
R6P,County of Kurchaloy (Kurşloy),Курчалоевский Район (Куршлойн КӀошт),43°12′00″N,46°04′00″E,RU.CN.KU,,,,,
R6P,County of Nadterechny (Terk-Yistan),Надтеречный Район (Терк-Йистанан КӀошт),43°39′00″N,45°13′33″E,RU.CN.NT,,,,,
R6P,County of Naurskaya (Nhovr),Наурский Район (НIовран КӀошт),43°39′00″N,45°18′33″E,RU.CN.NA,,,,,
R6P,County of Nozhay-Yurt (Naƶin-Yürt),Ножай-Юртовский Район (Нажин-Юьртан КӀошт),43°05′00″N,46°16′00″E,RU.CN.NY,,,,,
R6P,County of Sunzha (Sölƶa),Сунженский Район (Соьлжан КӀошт),43°19′14″N,45°09′40″E,RU.CN.SU,,,,,
R6P,County of Urus-Martan (Ẋalxa-Marta),Урус-Мартановский Район (Хьалха-Мартанан КӀошт),43°08′00″N,45°33′00″E,RU.CN.UM,,,,,
R6P,County of Shali (Şela),Шалинский Район (Шелан КӀошт),43°09′00″N,45°54′00″E,RU.CN.SL,,,,,
R6P,County of Sharoy (Şora),Шаройский Район (Шаройн КӀошт),42°37′45″N,45°48′23″E,RU.CN.SR,,,,,
R6P,County of Shatoy (Şüyta),Шатойский Район (Шуьйтан КӀошт),42°52′18″N,45°41′57″E,RU.CN.ST,,,,,
R6P,County of Shelkovskaya (Şelkovskiy),Шелковской Район (Шелковской КӀошт),43°30′32″N,46°19′57″E,RU.CN.SV,,,,,
Republic of Ingushetia ► Республика Ингушетия ► ГІалгІай Мохк,,,,,,,,,,
R6Q,County of Dzheyrakh (Žhajraȟ),Джейрахский Район (ЖӀайрах Район),42°45′58″N,44°48′05″E,RU.IN.DZ,,,,,
R6Q,Township of Karabulak,Город Карабулак (Карабулак Шахьар),43°18′00″N,44°54′00″E,RU.IN.KA,,,,,
R6Q,Township of Magas,Город Магас (Магас Шахьар),43°10′00″N,44°49′00″E,RU.IN.MA,,,,,
R6Q,Township of Malgobek (Maġalbike),Город Малгобек (МагӀалбике Шахьар),43°30′00″N,44°45′00″E,RU.IN.GM,,,,,
R6Q,County of Malgobek (Maġalbike),Малгобекский Район (МагӀалбике Район),43°31′11″N,44°51′54″E,RU.IN.MR,,,,,
R6Q,County of Nazran (Näsara),Назрановский Район (Наьсара Район),43°15′37″N,44°50′23″E,RU.IN.NR,,,,,
R6Q,Township of Nazran (Näsara),Город Назрань (Наьсара Шахьар),43°13′00″N,44°46′00″E,RU.IN.GN,,,,,
R6Q,County of Sunzha (Šolž),Сунженский Район (Шолж Район),43°19′00″N,45°04′00″E,RU.IN.SU,,,,,
Province of Astrakhan ► Астраханская Область,,,,,,,,,,
R6U,Township of Astrakhan,Город Астрахань,46°20′00″N,48°01′00″E,RU.AO.AS,,,,,
R6U,Township of Akhtubinsk,Город Ахтубинск,48°17′00″N,46°10′00″E,RU.AO.GA,,,,,
R6U,County of Akhtubinsk,Ахтубинский Район,48°13′49″N,46°43′06″E,RU.AO.AR,,,,,
R6U,County of Volodarsky,Володарский Район,46°23′56″N,48°32′24″E,RU.AO.VO,,,,,
R6U,County of Yenotayevka,Енотаевский Район,47°14′37″N,47°01′58″E,RU.AO.YE,,,,,
R6U,Township of Znamensk (Closed Administrative-Territorial Formation),Город Знаменск (ЗАТО),48°35′00″N,45°45′00″E,RU.AO.ZN,,,,,
R6U,County of Ikryanoye,Икрянинский Район,46°05′25″N,47°43′50″E,RU.AO.IK,,,,,
R6U,County of Kamyzyak,Камызякский Район,46°07′00″N,48°05′00″E,RU.AO.KA,,,,,
R6U,County of Krasny Yar,Красноярский Район,46°32′03″N,48°20′31″E,RU.AO.KY,,,,,
R6U,County of Liman,Лиманский Район,45°47′06″N,47°13′49″E,RU.AO.LI,,,,,
R6U,County of Narimanov,Наримановский Район,46°41′00″N,47°51′00″E,RU.AO.NA,,,,,
R6U,County of Privolzhsky,Приволжский Район,46°15′29″N,47°59′16″E,RU.AO.PV,,,,,
R6U,County of Kharabali,Харабалинский Район,47°24′00″N,47°15′00″E,RU.AO.KH,,,,,
R6U,County of Chyorny Yar,Черноярский Район,48°03′37″N,46°06′31″E,RU.AO.CY,,,,,
Republic of Dagestan ► Республика Дагестан,,,,,,,,,,
R6W,County of Aghul,Агульский Район,41°46′49″N,47°35′22″E,RU.DA.AG,,,,,
R6W,County of Akusha,Акушинский Район,42°16′41″N,47°20′20″E,RU.DA.AK,,,,,
R6W,County of Akhvakh,Ахвахский Район,42°35′00″N,46°21′00″E,RU.DA.AH,,,,,
R6W,County of Akhty,Ахтынский Район,41°27′53″N,47°44′24″E,RU.DA.AT,,,,,
R6W,County of Babayurt,Бабаюртовский Район,43°35′57″N,46°46′33″E,RU.DA.BA,,,,,
R6W,County of Botlikh,Ботлихский Район,42°39′00″N,46°13′00″E,RU.DA.BO,,,,,
R6W,Township of Buynaksk,Город Буйнакск,42°49′00″N,47°07′00″E,RU.DA.GB,,,,,
R6W,County of Buynaksk,Буйнакский Район,42°48′00″N,46°58′00″E,RU.DA.BR,,,,,
R6W,County of Gergebil,Гергебильский Район,42°30′12″N,47°03′51″E,RU.DA.GE,,,,,
R6W,County of Gumbet,Гумбетовский Район,42°47′41″N,46°29′39″E,RU.DA.GU,,,,,
R6W,County of Gunib,Гунибский Район,42°23′12″N,46°57′42″E,RU.DA.GN,,,,,
R6W,Township of Dagestanskiye Ogni,Город Дагестанские Огни,42°07′00″N,48°12′00″E,RU.DA.DO,,,,,
R6W,County of Dakhadayev,Дахадаевский Район,42°09′40″N,47°37′54″E,RU.DA.DH,,,,,
R6W,Township of Derbent,Город Дербент,42°04′09″N,48°17′45″E,RU.DA.GD,,,,,
R6W,County of Derbent,Дербентский Район,41°52′15″N,48°23′19″E,RU.DA.DR,,,,,
R6W,County of Dokuzpar,Докузпаринский Район,41°25′16″N,47°54′49″E,RU.DA.DK,,,,,
R6W,Township of Izberbash,Город Избербаш,42°34′00″N,47°52′00″E,RU.DA.IZ,,,,,
R6W,County of Kazbekov,Казбековский Район,43°07′00″N,47°04′00″E,RU.DA.KE,,,,,
R6W,County of Kaytag,Кайтагский Район,42°07′14″N,47°50′01″E,RU.DA.KA,,,,,
R6W,County of Karabudakhkent,Карабудахкентский Район,42°42′00″N,47°33′00″E,RU.DA.KB,,,,,
R6W,Township of Kaspiysk,Город Каспийск,42°53′00″N,47°38′00″E,RU.DA.KS,,,,,
R6W,County of Kayakent,Каякентский Район, 42°23′16″N,47°58′48″E,RU.DA.KK,,,,,
R6W,Township of Kizilyurt,Город Кизилюрт,43°12′00″N,46°52′00″E,RU.DA.GK,,,,,
R6W,County of Kizilyurt,Кизилюртовский Район,43°22′39″N,46°54′47″E,RU.DA.KR,,,,,
R6W,Township of Kizlyar,Город Кизляр,43°51′00″N,46°43′00″E,RU.DA.KI,,,,,
R6W,County of Kizlyar,Кизлярский Район,43°50′52″N,46°45′18″E,RU.DA.KL,,,,,
R6W,County of Kuli,Кулинский Район,42°04′20″N,47°12′49″E,RU.DA.KU,,,,,
R6W,County of Kumtorkali,Кумторкалинский Район,43°01′41″N,47°17′31″E,RU.DA.KM,,,,,
R6W,County of Kurakh,Курахский Район,41°35′03″N,47°47′03″E,RU.DA.KH,,,,,
R6W,County of Lak,Лакский Район,42°10′14″N,47°07′03″E,RU.DA.LA,,,,,
R6W,County of Levashi,Левашинский Район,42°26′01″N,47°19′22″E,RU.DA.LE,,,,,
R6W,County of Magaramkent,Магарамкентский Район,41°36′57″N,48°20′55″E,RU.DA.MG,,,,,
R6W,Township of Makhachkala,Город Махачкала,42°59′00″N,47°29′00″E,RU.DA.MA,,,,,
R6W,County of Novolak,Новолакский Район,43°07′00″N,46°29′00″E,RU.DA.NL,,,,,
R6W,County of Nogay,Ногайский Район,44°10′00″N,45°41′00″E,RU.DA.NO,,,,,
R6W,County of Rutul,Рутульский Район,41°32′00″N,47°25′00″E,RU.DA.RU,,,,,
R6W,County of Sergokala,Сергокалинский Район,42°26′38″N,47°40′00″E,RU.DA.SK,,,,,
R6W,County of Suleyman-Stalsky,Сулейман-Стальский Район,41°40′00″N,48°08′00″E,RU.DA.SS,,,,,
R6W,County of Tabasaran,Табасаранский Район,41°56′52″N,47°56′49″E,RU.DA.TB,,,,,
R6W,County of Tarumovka,Тарумовский Район,44°04′19″N,46°33′16″E,RU.DA.TA,,,,,
R6W,County of Tlyarata,Тляратинский Район,42°06′00″N,46°20′00″E,RU.DA.TL,,,,,
R6W,County of Untsukul,Унцукульский Район,42°42′00″N,46°48′00″E,RU.DA.UK,,,,,
R6W,Township of Khasavyurt,Город Хасавюрт,43°15′00″N,46°35′00″E,RU.DA.KY,,,,,
R6W,County of Khasavyurt,Хасавюртовский Район,43°20′58″N,46°30′24″E,RU.DA.KV,,,,,
R6W,County of Khiv,Хивский Район, 41°45′16″N,47°55′36″E,RU.DA.HI,,,,,
R6W,County of Khunzakh,Хунзахский Район,42°33′00″N,46°45′00″E,RU.DA.KZ,,,,,
R6W,County of Tsumada,Цумадинский Район,42°32′00″N,46°06′00″E,RU.DA.TM,,,,,
R6W,County of Tsuntin,Цунтинский Район,42°11′31″N,45°57′34″E,RU.DA.TN,,,,,
R6W,County of Charoda,Чародинский Район,42°14′16″N,46°49′50″E,RU.DA.CH,,,,,
R6W,County of Shamil,Шамильский Район,42°26′37″N,46°32′51″E,RU.DA.SH,,,,,
R6W,Township of Yuzhno-Sukhokumsk,Город Южно-Сухокумск,44°40′00″N,45°39′00″E,RU.DA.YS,,,,,
Republic of Kabardinia-Balkaria ► Кабардино-Балкарская Республика ► Къэбэрдей-Балъкъэр Республикэ ► Къабарты-Малкъар Республика,,,,,,,,,,
R6X,Township of Baksan (Baḫsăn / Basȟan),Город Баксан (Бахъсэн Kъалэ / Басхан Шахар),43°41′00″N,43°32′00″E,RU.KB.GB,,,,,
R6X,County of Baksan (Baḫsăn / Basȟan),Баксанский Район (Бахъсэн Район / Басхан Район),43°38′39″N,43°23′21″E,RU.KB.BR,,,,,
R6X,County of Zolskoye (Dzăləq̇uă),Зольский Район (Дзэлыкъуэ Район / Зольское Район),43°54′09″N,43°13′21″E,RU.KB.ZO,,,,,
R6X,County of Lesken,Лескенский Район (Лескен Район),43°21′20″N,43°56′29″E,RU.KB.LE,,,,,
R6X,County of Maysky (Majskă),Майский Район (Майскэ Район),43°38′00″N,44°04′00″E,RU.KB.MA,,,,,
R6X,Township of Nalchik (Nalšək / Nalčik),Город Нальчик (Налшык Kъалэ / Нальчик Шахар),43°30′00″N,43°37′00″E,RU.KB.NA,,,,,
R6X,County of Prokhladny (Proȟladnă / Terk Qala),Прохладненский Район (Прохладнэ Район / Терк Къала Район), 43°48′06″N,43°46′29″E,RU.KB.GP,,,,,
R6X,Township of Prokhladny (Proȟladnă / Terk Qala),Город Прохладный (Прохладнэ Kъалэ / Терк Къала Шахар),43°45′00″N,44°02′00″E,RU.KB.PR,,,,,
R6X,County of Terek (Tărk / Terk),Терский Район (Тэрк Район / Терк Район),43°29′00″N,44°08′00″E,RU.KB.TE,,,,,
R6X,County of Urvan (Aruan),Урванский Район (Аруан Район / Урвань Район),43°33′00″N,43°51′00″E,RU.KB.UR,,,,,
R6X,County of Chegem (Šădžăm / Čegem),Чегемский Район (Шэджэм Район / Чегем Район),43°33′48″N,43°35′11″E,RU.KB.CG,,,,,
R6X,County of Cherek (Šărădž / Čerek),Черекский Район (Шэрэдж Район / Черек Район),43°18′57″N,43°36′02″E,RU.KB.CR,,,,,
R6X,County of Elbrus (Huaŝḥămaȟă / Meṅitaw),Эльбрусский Район (Ӏуащхьэмахуэ Район / Менъитаў Район),43°24′00″N,42°55′00″E,RU.KB.EL,,,,,
Republic of Adygea ► Республика Адыгея ► Адыгэ Республик,,,,,,,,,,
R6Y,Township of Adygeysk (Adəgăqală),Город Адыгейск (Къалэр Адыгэкъалэ),44°53′00″N,39°11′00″E,RU.AD.AD,,,,,
R6Y,County of Giaginskaya (Džădžă),Гиагинский Район (Джэджэ Район),44°52′10″N,40°03′58″E,RU.AD.GG,,,,,
R6Y,County of Koshekhabl (Kośḥabl),Кошехабльский Район (Кощхьаблэ Район),44°54′00″N,40°29′00″E,RU.AD.KO,,,,,
R6Y,County of Krasnogvardeyskoye (Krasnogvardejskă),Красногвардейский Район (Красногвардейскэ Район),45°07′00″N,39°34′00″E,RU.AD.KG,,,,,
R6Y,Township of Maykop (Məjequapă),Город Майкоп (Къалэр Мыекъуапэ),44°36′00″N,40°05′00″E,RU.AD.GM,,,,,
R6Y,County of Maykop (Məjequapă),Майкопский Район (Мыекъуапэ Район),44°31′00″N,40°10′29″E,RU.AD.MR,,,,,
R6Y,County of Takhtamukay (Tăḣutăməquaj),Тахтамукайский Район (Тэхъутэмыкъуае Район),44°55′02″N,38°59′46″E,RU.AD.TA,,,,,
R6Y,County of Teuchezh (Teucoź),Теучежский Район (Теуцожь Район),44°53′06″N,39°23′24″E,RU.AD.TE,,,,,
R6Y,County of Shovgen (Šăudžăn),Шовгеновский Район (Шэуджэн Район),45°01′12″N,40°13′48″E,RU.AD.SH,,,,,
Province of Chelyabinsk (European Part) ► Челябинская Область (Европейская Часть),,,,,,,,,,
R9A,County of Agapovka (Right Bank of the Ural River),Агаповский Район (Правый берег реки Урал),53°09′38″N,58°56′10″E,RU.CB.AE,,,,,
R9A,County of Asha,Ашинский Район,55°00′21″N,57°16′02″E,RU.CB.AS,,,,,
R9A,Township of Verkhny Ufaley (West of the Watershed of the Ural Mountains),Город Верхний Уфалей (Западнее водораздельной линии Уральского хребта),55°54′48″N,59°59′20″E,RU.CB.VE,,,,,
R9A,County of Verkhneuralsk (Right Bank of the Ural River),Верхнеуральский Район (Правый берег реки Урал),53°47′44″N,59°00′01″E,RU.CB.VP,,,,,
R9A,Township of Zlatoust (West of the Watershed of the Ural Mountains),Город Златоуст (Западнее водораздельной линии Уральского хребта),55°06′06″N,59°33′34″E,RU.CB.ZE,,,,,
R9A,Township of Karabash (West of the Watershed of the Ural Mountains),Город Карабаш (Западнее водораздельной линии Уральского хребта),55°32′05″N,60°05′59″E,RU.CB.KE,,,,,
R9A,County of Kasli (West of the Watershed of the Ural Mountains),Каслинский Район (Западнее водораздельной линии Уральского хребта),55°56′33″N,60°23′30″E,RU.CB.EK,,,,,
R9A,County of Katav-Ivanovsk,Катав-Ивановский Район,54°45′34″N,58°12′04″E,RU.CB.KI,,,,,
R9A,County of Kizilskoye (Right Bank of the Ural River),Кизильский Район (Правый берег реки Урал),52°37′17″N,58°51′23″E,RU.CB.KP,,,,,
R9A,County of Kusa (West of the Watershed of the Ural Mountains),Кусинский Район (Западнее водораздельной линии Уральского хребта),55°20′30″N,59°26′04″E,RU.CB.KZ,,,,,
R9A,Township of Kyshtym (West of the Watershed of the Ural Mountains),Город Кыштым (Западнее водораздельной линии Уральского хребта),55°39′41″N,60°14′10″E,RU.CB.ZK,,,,,
R9A,Township of Magnitogorsk (Right Bank of the Ural River),Город Магнитогорск (Правый берег реки Урал),53°25′19″N,58°58′26″E,RU.CB.ME,,,,,
R9A,County of Nyazepetrovsk,Нязепетровский Район,56°02′28″N,59°34′12″E,RU.CB.NP,,,,,
R9A,County of Satka,Саткинский Район,55°03′21″N,59°00′28″E,RU.CB.SA,,,,,
R9A,Township of Tryokhgorny (Closed Administrative-Territorial Formation),Город Трёхгорный (ЗАТО) ,54°49′09″N,58°26′51″E,RU.CB.TG,,,,,
R9A,Township of Ust-Katav,Город Усть-Катав,54°56′01″N,58°10′01″E,RU.CB.UK,,,,,
Province of Sverdlovsk (European Part) ► Свердловская Область (Европейская Часть),,,,,,,,,,
R9C,Township of Arti,Артинский Городской Округ,56°25′02″N,58°32′13″E,RU.SV.AT,,,,,
R9C,Township of Achit,Ачитский Городской Округ,56°47′47″N,57°53′43″E,RU.SV.AC,,,,,
R9C,Township of Bisert,Бисертский Городской Округ,56°51′39″N,59°04′12″E,RU.SV.BI,,,,,
R9C,Township of Verkhny Tagil (West of the Watershed of the Ural Mountains),Городской Округ Верхний Тагил (Западнее водораздельной линии Уральского хребта),57°23′00″N,59°56′00″E,RU.SV.VE,,,,,
R9C,Township of Gornouralsky (West of the Watershed of the Ural Mountains),Горноуральский Городской Округ (Западнее водораздельной линии Уральского хребта),57°41′00″N,59°21′00″E,RU.SV.GE,,,,,
R9C,Township of Yekaterinburg (West of the Watershed of the Ural Mountains),Город Екатеринбург (Западнее водораздельной линии Уральского хребта),56°45′44″N,60°21′26″E,RU.SV.YE,,,,,
R9C,Township of Karpinsk (West of the Watershed of the Ural Mountains),Городской Округ Карпинск (Западнее водораздельной линии Уральского хребта),59°32′46″N,58°33′34″E,RU.SV.KN,,,,,
R9C,Township of Kirovgrad (West of the Watershed of the Ural Mountains),Кировградский Городской Округ (Западнее водораздельной линии Уральского хребта),57°26′56″N,59°44′04″E,RU.SV.KE,,,,,
R9C,Township of Krasnoufimsk (Urban),Городской Округ Красноуфимск,56°37′00″N,57°46′00″E,RU.SV.GK,,,,,
R9C,Township of Krasnoufimsk (Rural),Красноуфимский Округ (р.п. Натальинск),56°28′12″N,57°52′48″E,RU.SV.KO,,,,,
R9C,Township of Kushva (West of the Watershed of the Ural Mountains),Кушвинский Городской Округ (Западнее водораздельной линии Уральского хребта),58°18′20″N,59°14′59″E,RU.SV.EK,,,,,
R9C,Township of Novouralsk (CATF) (W. of the Watershed of the Ural Mountains),Новоуральский Городской Округ (ЗАТО) (Западнее водораз. линии Уральского хребта),57°11′12″N,60°00′38″E,RU.SV.NE,,,,,
R9C,Township of Pervouralsk (West of the Watershed of the Ural Mountains),Городской Округ Первоуральск (Западнее водораздельной линии Уральского хребта),57°01′06″N,59°26′26″E,RU.SV.PE,,,,,
R9C,Township of Polevskoy (West of the Watershed of the Ural Mountains),Полевской Городской Округ (Западнее водораздельной линии Уральского хребта),56°17′34″N,59°52′16″E,RU.SV.EP,,,,,
R9C,Township of Revda (West of the Watershed of the Ural Mountains),Городской Округ Ревда (Западнее водораздельной линии Уральского хребта),56°48′00″N,59°55′00″E,RU.SV.RE,,,,,
R9C,Township of Staroutkinsk,Городской Округ Староуткинск,57°13′40″N,59°20′00″E,RU.SV.ST,,,,,
R9C,Township of Shalya,Шалинский Городской Округ,57°14′27″N,58°44′04″E,RU.SV.SH,,,,,
Municipal District of Nizhnye Sergi ► Нижнесергинский Муниципальный Район,,,,,,,,,,
R9C,Township of Atig,Муниципальное Образование «Рабочий Посёлок Атиг»,56°41′18″N,59°25′22″E,RU.SV.AG,,,,,
R9C,Township of Verkhniye Sergi,Городское Поселение Верхние Серги,56°38′49″N,59°33′20″E,RU.SV.VK,,,,,
R9C,Township of Druzhinino,Дружининское Городское Поселение,56°46′21″N,59°31′35″E,RU.SV.DR,,,,,
R9C,County of Klenovskoye,Кленовское Сельское Поселение,56°49′11″N,58°37′56″E,RU.SV.KY,,,,,
R9C,Township of Mikhaylovsk,Михайловское Муниципальное Образование,56°26′00″N,59°07′00″E,RU.SV.MI,,,,,
R9C,Township of Nizhniye Sergi,Нижнесергинское Городское Поселение,56°40′00″N,59°18′00″E,RU.SV.NN,,,,,
Region of Perm (European Part) ► Пермский Край (Европейская Часть),,,,,,,,,,
R9F,County of Alexandrovsk,Александровский Район,59°10′00″N,57°35′00″E,RU.PM.AL,,,,,
R9F,County of Barda,Бардымский Район,56°55′38″N,55°35′28″E,RU.PM.BA,,,,,
R9F,Township of Berezniki,Город Березники,59°25′00″N,56°47′00″E,RU.PM.BE,,,,,
R9F,County of Beryozovka,Берёзовский Район,57°36′22″N,57°18′37″E,RU.PM.BR,,,,,
R9F,County of Bolshaya Sosnova,Большесосновский Район,57°40′24″N,54°36′06″E,RU.PM.BS,,,,,
R9F,County of Vereshchagino,Верещагинский Район,58°04′00″N,54°39′00″E,RU.PM.VE,,,,,
R9F,County of Gornozavodsk (West of the Watershed of the Ural Mountains),Горнозаводский Район (Западнее водораздельной линии Уральского хребта),58°23′00″N,58°19′00″E,RU.PM.GZ,,,,,
R9F,County of Gremyachinsk,Гремячинский Район,58°34′00″N,57°50′00″E,RU.PM.GR,,,,,
R9F,County of Gubakha,Губахинский Район,58°52′00″N,57°35′00″E,RU.PM.GU,,,,,
R9F,County of Dobryanka,Добрянский Район,58°27′00″N,56°25′00″E,RU.PM.DO,,,,,
R9F,County of Yelovo,Еловский Район,59°22′39″N,57°16′32″E,RU.PM.YE,,,,,
R9F,Township of Zvyozdny (Closed Administrative-Territorial Formation),Посёлок Городского Типа Звёздный (ЗАТО),57°44′04″N,56°18′45″E,RU.PM.ZV,,,,,
R9F,County of Ilyinsky,Ильинский Район,58°34′10″N,55°41′39″E,RU.PM.IL,,,,,
R9F,County of Karagay,Карагайский Район,58°16′17″N,54°56′20″E,RU.PM.KA,,,,,
R9F,County of Kizel,Кизеловский Район,59°03′00″N,57°39′00″E,RU.PM.KZ,,,,,
R9F,County of Kishert,Кишертский Район,57°21′38″N,57°14′33″E,RU.PM.KI,,,,,
R9F,County of Krasnovishersk,Красновишерский Район,60°24′00″N,57°04′00″E,RU.PM.KV,,,,,
R9F,County of Krasnokamsk,Краснокамский Район,58°05′00″N,55°45′00″E,RU.PM.KK,,,,,
R9F,County of Kuyeda,Куединский Район,56°26′42″N,55°33′18″E,RU.PM.KD,,,,,
R9F,Township of Kungur,Город Кунгур,57°26′00″N,56°56′00″E,RU.PM.GK,,,,,
R9F,County of Kungur,Кунгурский Район,57°27′54″N,56°32′02″E,RU.PM.KR,,,,,
R9F,County of Lysva,Лысьвенский Район,58°06′01″N,57°48′16″E,RU.PM.LY,,,,,
R9F,County of Nytva,Нытвенский Район,57°56′00″N,55°20′00″E,RU.PM.NY,,,,,
R9F,County of Oktyabrsky,Октябрьский Район,56°30′45″N,57°12′18″E,RU.PM.OK,,,,,
R9F,County of Orda,Ординский Район,57°11′52″N,56°54′24″E,RU.PM.OR,,,,,
R9F,County of Osa,Осинский Район,57°17′00″N,55°27′00″E,RU.PM.OS,,,,,
R9F,County of Okhansk,Оханский Район,57°43′00″N,55°23′00″E,RU.PM.OH,,,,,
R9F,County of Ochyor,Очерский Район,57°53′00″N,54°43′00″E,RU.PM.OC,,,,,
R9F,County of Perm,Пермский Район,57°52′02″N,56°06′11″E,RU.PM.PR,,,,,
R9F,Township of Perm,Город Пермь,58°00′50″N,56°14′56″E,RU.PM.GP,,,,,
R9F,County of Siva,Сивинский Район,58°38′19″N,54°37′49″E,RU.PM.SI,,,,,
R9F,Township of Solikamsk,Город Соликамск,59°38′00″N,56°46′00″E,RU.PM.GS,,,,,
R9F,County of Solikamsk,Соликамский Район,57°48′52″N,56°13′49″E,RU.PM.SR,,,,,
R9F,County of Suksun,Суксунский Район,57°08′50″N,57°23′48″E,RU.PM.SU,,,,,
R9F,County of Uinskoye,Уинский Район,56°52′40″N,56°34′38″E,RU.PM.UI,,,,,
R9F,County of Usolye,Усольский Район,59°25′00″N,56°41′00″E,RU.PM.US,,,,,
R9F,County of Chaykovsky,Чайковский Район, 56°46′00″N,54°07′00″E,RU.PM.CA,,,,,
R9F,County of Chastyye,Частинский Район,57°21′29″N,57°09′52″E,RU.PM.CT,,,,,
R9F,County of Cherdyn,Чердынский Район,60°24′00″N,56°29′00″E,RU.PM.CE,,,,,
R9F,County of Chernushka,Чернушинский Район,56°30′00″N,56°05′00″E,RU.PM.CR,,,,,
R9F,County of Chusovoy,Чусовской Район,58°17′00″N,57°49′00″E,RU.PM.CU,,,,,
Komi-Permyak District ► Коми-Пермяцкий Округ ► Коми-Пермяцкöй Округ ► Коми-Перем Кытш,,,,,,,,,,
R9G,County of Gayny,Гайнский Район,60°18′13″N,54°20′13″E,RU.KP.GA,,,,,
R9G,County of Kosa,Косинский Район,58°02′21″N,54°52′26″E,RU.KP.KO,,,,,
R9G,County of Kochyovo,Кочёвский Район,59°35′51″N,54°18′32″E,RU.KP.KC,,,,,
R9G,Township of Kudymkar,Город Кудымкар,59°01′00″N,54°40′00″E,RU.KP.KU,,,,,
R9G,County of Kudymkar,Кудымкарский Район,58°39′46″N,53°49′24″E,RU.KP.KD,,,,,
R9G,County of Yurla,Юрлинский Район,59°19′16″N,54°19′06″E,RU.KP.YR,,,,,
R9G,County of Yusva,Юсьвинский Район,58°57′33″N,54°57′10″E,RU.KP.YS,,,,,
Yamalo-Nenets Autonomous District (European Part) ► Ямало-Ненецкий Автономный Округ ► Ямалы-Ненёцие Автономной Округ (Европейская Часть),,,,,,,,,,
R9K,County of Priuralsky (West of the Watershed of the Ural Mountains),Приуральский Район (Западнее водораздельной линии Уральского хребта),69°03′19″N,65°14′09″E,RU.YN.PE,,,,,
Region of Orenburg (European Part) ► Оренбургская Область (Европейская Часть),,,,,,,,,,
R9S,County of Abdulino,Абдулинский Район,53°41′00″N,53°39′00″E,RU.OB.AB,,,,,
R9S,County of Akbulak,Акбулакский Район ,51°00′21″N,55°37′10″E,RU.OB.AK,,,,,
R9S,County of Alexandrovka,Александровский Район ,52°40′45″N,54°24′56″E,RU.OB.AL,,,,,
R9S,County of Asekeyevo,Асекеевский Район ,53°34′00″N,52°48′00″E,RU.OB.AS,,,,,
R9S,County of Belyayevka,Беляевский Район,51°24′03″N,56°42′18″E,RU.OB.BE,,,,,
R9S,Township of Buguruslan,Город Бугуруслан,53°37′00″N,52°25′00″E,RU.OB.GB,,,,,
R9S,County of Buguruslan,Бугурусланский Район ,53°35′44″N,52°33′40″E,RU.OB.BR,,,,,
R9S,Township of Buzuluk,Город Бузулук,52°46′00″N,52°16′00″E,RU.OB.BU,,,,,
R9S,County of Buzuluk,Бузулукский Район ,52°48′38″N,52°22′53″E,RU.OB.BZ,,,,,
R9S,Township of Gay,Город Гай,51°28′00″N,58°27′00″E,RU.OB.GG,,,,,
R9S,County of Gay (Right Bank of the Ural River),Гайский Район (Правый берег реки Урал),51°30′34″N,58°25′59″E,RU.OB.GE,,,,,
R9S,County of Grachyovka,Грачёвский Район ,52°55′12″N,52°51′41″E,RU.OB.GR,,,,,
R9S,County of Dombarovsky (Left Bank of Or River),Домбаровский Район (Левый берег реки Орь),50°48′49″N,58°52′46″E,RU.OB.DO,,,,,
R9S,County of Ilek,Илекский Район,51°31′30″N,53°22′50″E,RU.OB.IE,,,,,
R9S,County of Kvarkeno (Right Bank of the Ural River),Кваркенский Район (Правый берег реки Урал),51°57′00″N,59°53′00″E,RU.OB.KE,,,,,
R9S,County of Krasnogvardeysky,Красногвардейский Район ,52°50′47″N,53°29′19″E,RU.OB.KG,,,,,
R9S,County of Kuvandyk,Кувандыкский Район,51°29′00″N,57°21′00″E,RU.OB.KR,,,,,
R9S,County of Kurmanayevka,Курманаевский Район ,52°30′34″N,52°04′15″E,RU.OB.KU,,,,,
R9S,County of Matveyevka,Матвеевский Район ,53°30′34″N,53°28′44″E,RU.OB.MA,,,,,
R9S,Township of Mednogorsk,Город Медногорск,51°25′19″N,57°35′43″E,RU.OB.MG,,,,,
R9S,County of Novoorsk (Left Bank of Or River),Новоорский Район (Левый берег реки Орь),51°07′38″N,58°56′16″E,RU.OB.NO,,,,,
R9S,County of Novosergiyevka,Новосергиевский Район ,52°05′23″N,53°38′38″E,RU.OB.NS,,,,,
R9S,Township of Novotroitsk,Город Новотроицк,51°12′24″N,58°19′41″E,RU.OB.NT,,,,,
R9S,County of Oktyabrsky,Октябрьский Район,52°21′00″N,55°29′59″E,RU.OB.OK,,,,,
R9S,Township of Orenburg,Город Оренбург,51°46′00″N,55°06′00″E,RU.OB.OR,,,,,
R9S,County of Orenburg,Оренбургский Район,51°55′06″N,54°53′33″E,RU.OB.OB,,,,,
R9S,Township of Orsk (Right Bank of the Ural River and Left Bank of Or River),Город Орск (Правый берег реки Урал и левый берег реки Орь),51°12′00″N,58°34′00″E,RU.OB.OE,,,,,
R9S,County of Pervomaysky,Первомайский Район ,52°48′38″N,48°10′49″E,RU.OB.PM,,,,,
R9S,County of Perevolotsky,Переволоцкий Район ,51°52′43″N,54°11′18″E,RU.OB.PE,,,,,
R9S,County of Ponomaryovka,Пономарёвский Район ,53°18′34″N, 54°07′34″E,RU.OB.PO,,,,,
R9S,County of Sakmara,Сакмарский Район ,51°59′30″N,55°19′53″E,RU.OB.SA,,,,,
R9S,County of Saraktash,Саракташский Район ,51°47′39″N,56°21′08″E,RU.OB.SR,,,,,
R9S,County of Severnoye,Северный Район ,54°05′30″N,52°32′34″E,RU.OB.SE,,,,,
R9S,County of Sol-Iletsk,Соль-Илецкий Район ,51°10′00″N,54°59′00″E,RU.OB.SI,,,,,
R9S,Township of Sorochinsk,Город Сорочинск,52°26′00″N,53°09′00″E,RU.OB.GS,,,,,
R9S,County of Sorochinsk,Сорочинский Район ,52°18′18″N,52°58′47″E,RU.OB.SO,,,,,
R9S,County of Tashla,Ташлинский Район ,52°24′26″N,56°14′15″E,RU.OB.TA,,,,,
R9S,County of Totskoye,Тоцкий Район ,52°31′31″N,52°44′58″E,RU.OB.TO,,,,,
R9S,County of Tyulgan,Тюльганский Район ,52°20′37″N,56°09′15″E,RU.OB.TU,,,,,
R9S,County of Sharlyk,Шарлыкский Район ,52°55′24″N,54°44′27″E,RU.OB.SH,,,,,
Republic of Bashkortostan (European Part) ► Республика Башкортостан ► Башҡортостан Республикаһы (Европейская Часть),,,,,,,,,,
R9W,County of Abzelil,Абзелиловский Район (Әбйәлил Районы),53°20′00″N,58°31′00″E,RU.BA.AB,,,,,
R9W,Township of Agidel,Город Агидель (Ағиҙел Ҡала),55°54′00″N,53°56′00″E,RU.BA.AG,,,,,
R9W,County of Alshey,Альшеевский Район (Әлшәй Районы),54°04′00″N,54°56′00″E,RU.BA.AL,,,,,
R9W,County of Archangel,Архангельский Район (Архангел Районы),54°04′12″N,56°24′18″E,RU.BA.AR,,,,,
R9W,County of Askin,Аскинский Район (Асҡын Районы),56°05′13″N,56°34′45″E,RU.BA.AS,,,,,
R9W,County of Aurgazy,Аургазинский Район (Аурғазы Районы),54°00′21″N,55°53′39″E,RU.BA.AU,,,,,
R9W,County of Baymak,Баймакский Район (Баймаҡ Районы),52°35′00″N,58°19′00″E,RU.BA.BY,,,,,
R9W,County of Bakaly,Бакалинский Район (Баҡалы Районы),55°10′35″N,53°48′09″E,RU.BA.BA,,,,,
R9W,County of Baltach,Балтачевский Район (Балтаc Районы),55°31′51″N,54°43′12″E,RU.BA.BL,,,,,
R9W,County of Belebey,Белебеевский Район (Бәләбәй Районы),54°06′00″N,54°08′00″E,RU.BA.BE,,,,,
R9W,County of Belokatay,Белокатайский Район (Балаҡатай Районы),55°42′24″N,58°57′29″E,RU.BA.BT,,,,,
R9W,County of Beloretsk,Белорецкий Район (Белорет Районы),53°58′00″N,58°24′00″E,RU.BA.BR,,,,,
R9W,County of Bizhbulyak,Бижбулякский Район (Бишбуләк Районы),53°41′28″N,54°16′20″E,RU.BA.BI,,,,,
R9W,County of Birsk,Бирский Район (Бөрө Районы),55°25′00″N,55°32′00″E,RU.BA.BK,,,,,
R9W,County of Blagovar,Благоварский Район (Благовар Районы),54°41′28″N,55°00′54″E,RU.BA.BG,,,,,
R9W,County of Blagoveshchensk,Благовещенский Район (Благовещен  Районы),55°02′00″N,55°59′00″E,RU.BA.BV,,,,,
R9W,County of Buzdyak,Буздякский Район (Бүздәк Районы),54°34′06″N,54°31′42″E,RU.BA.BZ,,,,,
R9W,County of Buray,Бураевский Район (Борай Районы),55°50′33″N,55°24′20″E,RU.BA.BU,,,,,
R9W,County of Burzyan,Бурзянский Район (Бөрйән Районы),53°06′00″N,57°26′00″E,RU.BA.BN,,,,,
R9W,County of Gafuri,Гафурийский Район (Ғафури Районы),53°53′41″N,56°28′07″E,RU.BA.GA,,,,,
R9W,County of Davlekan,Давлекановский Район (Дәүләкән Районы),54°13′00″N,55°02′00″E,RU.BA.DA,,,,,
R9W,County of Duvan,Дуванский Район (Дыуан Районы),55°31′56″N,58°15′18″E,RU.BA.DU,,,,,
R9W,County of Dyurtyuli,Дюртюлинский Район (Дүртөйлө Районы),55°29′00″N,54°52′00″E,RU.BA.DY,,,,,
R9W,County of Yermekey,Ермекеевский Район (Йәрмәкәй Районы),54°04′40″N,53°40′10″E,RU.BA.YE,,,,,
R9W,County of Zianchura,Зианчуринский Район (Ейәнсура Районы),52°11′33″N,56°34′30″E,RU.BA.ZI,,,,,
R9W,County of Zilair,Зилаирский Район (Йылайыр Районы),52°13′56″N,57°26′25″E,RU.BA.ZL,,,,,
R9W,County of Iglin,Иглинский Район (Иглин Районы),54°50′18″N,56°25′24″E,RU.BA.IG,,,,,
R9W,County of Ilish,Илишевский Район (Илеш Районы),55°26′45″N,54°19′01″E,RU.BA.IL,,,,,
R9W,County of Ishimbay,Ишимбайский Район (Ишембай Районы),53°27′00″N,56°02′00″E,RU.BA.IS,,,,,
R9W,County of Kaltasy,Калтасинский Район (Ҡалтасы Районы),55°33′32″N,56°27′39″E,RU.BA.KA,,,,,
R9W,County of Karaidel,Караидельский Район (Ҡариҙел Районы),55°50′16″N,56°54′35″E,RU.BA.KR,,,,,
R9W,County of Karmaskaly,Кармаскалинский Район (Ҡырмыҫҡалы Районы),54°22′10″N,56°10′40″E,RU.BA.KY,,,,,
R9W,County of Kigi,Кигинский Район (Ҡыйғы Районы),55°24′19″N,58°36′15″E,RU.BA.KI,,,,,
R9W,County of Krasnokama,Краснокамский Район (Краснокама Районы),56°07′50″N,54°10′20″E,RU.BA.KK,,,,,
R9W,County of Kugarchin,Кугарчинский Район (Күгәрсен Районы),53°47′10″N,56°11′14″E,RU.BA.KU,,,,,
R9W,Township of Kumertau,Город Кумертау (Күмертау Ҡала),52°46′00″N,55°47′00″E,RU.BA.KM,,,,,
R9W,County of Kushnarenko,Кушнаренковский Район (Кушнаренко Районы),55°06′18″N,55°20′52″E,RU.BA.KO,,,,,
R9W,County of Kuyurgaza,Куюргазинский Район (Көйөргәҙе Районы),52°41′56″N,55°48′30″E,RU.BA.KZ,,,,,
R9W,Township of Mezhgorye (Closed Administrative-Territorial Formation),Город Межгорье (Межгорье Ҡала) (ЗАТО),54°03′00″N,57°49′00″E,RU.BA.MG,,,,,
R9W,County of Meleuz,Мелеузовский Район (Мәләүез Районы),52°57′00″N,55°56′00″E,RU.BA.ME,,,,,
R9W,County of Mechetle,Мечетлинский Район (Мәсетле Районы),55°49′43″N,58°16′12″E,RU.BA.MT,,,,,
R9W,County of Mishka,Мишкинский Район (Мишкә Районы),53°59′58″N,59°06′25″E,RU.BA.MI,,,,,
R9W,County of Miyaki,Миякинский Район (Миәкә Районы),53°38′00″N,54°47′00″E,RU.BA.MK,,,,,
R9W,Township of Neftekamsk,Город Нефтекамск (Нефтекама Ҡала),56°05′00″N,54°15′00″E,RU.BA.NK,,,,,
R9W,County of Nuriman,Нуримановский Район (Нуриман Районы),54°21′12″N,56°46′31″E,RU.BA.NU,,,,,
R9W,Township of Oktyabrsky,Город Октябрьский (Октябрьский Ҡала),54°29′00″N,53°29′00″E,RU.BA.OK,,,,,
R9W,Township of Salavat,Город Салават (Салауат Ҡала),53°22′00″N,55°56′00″E,RU.BA.SA,,,,,
R9W,County of Salavat,Салаватский Район (Салауат Районы),55°10′59″N,58°09′34″E,RU.BA.SL,,,,,
R9W,Township of Sibay,Город Сибай (Сибай Ҡала),52°42′00″N,58°39′00″E,RU.BA.SI,,,,,
R9W,County of Sterlibash,Стерлибашевский Район (Стәрлебаш Районы),53°26′14″N,55°15′31″E,RU.BA.SB,,,,,
R9W,Township of Sterlitamak,Город Стерлитамак (Стәрлетамаҡ Ҡала),53°38′00″N,55°57′00″E,RU.BA.ST,,,,,
R9W,County of Sterlitamak,Стерлитамакский Район (Стәрлетамаҡ Районы),53°43′16″N,55°40′58″E,RU.BA.SK,,,,,
R9W,County of Tatyshly,Татышлинский Район (Тәтешле Районы),56°17′25″N,55°51′14″E,RU.BA.TA,,,,,
R9W,County of Tuymazy,Туймазинский Район (Туймазы Районы),54°36′00″N,53°42′00″E,RU.BA.TU,,,,,
R9W,Township of Ufa,Город Уфа (Өфө Ҡала),54°44′00″N,55°58′00″E,RU.BA.UF,,,,,
R9W,County of Ufa,Уфимский Район (Өфө Районы),54°40′09″N,55°42′59″E,RU.BA.UR,,,,,
R9W,County of Uchaly (Right Bank of the Ural River),Учалинский Район (Учалы Районы) (Правый берег реки Урал),54°19′00″N,59°23′00″E,RU.BA.UC,,,,,
R9W,County of Fyodorovka,Фёдоровский Район (Федоровка Районы),55°17′04″N,56°18′42″E,RU.BA.FO,,,,,
R9W,County of Khaybulla,Хайбуллинский Район (Хәйбулла Районы),51°51′49″N,58°12′38″E,RU.BA.KH,,,,,
R9W,County of Chekmagush,Чекмагушевский Район (Саҡмағош Районы),55°08′28″N,54°39′00″E,RU.BA.CM,,,,,
R9W,County of Chishmy,Чишминский Район (Шишмә Районы),54°35′38″N,55°23′42″E,RU.BA.CH,,,,,
R9W,County of Sharan,Шаранский Район (Шаран Районы),54°49′07″N,53°59′38″E,RU.BA.SH,,,,,
R9W,County of Yanaul,Янаульский Район (Яңауыл Районы),56°16′00″N,54°56′00″E,RU.BA.YA,,,,,
Komi Republic ► Республика Коми ► Коми Республика,,,,,,,,,,
R9X,Township of Vorkuta (Vörkuta),Город Воркута (Вӧркута Кар),67°30′00″N,64°02′00″E,RU.KO.VO,,,,,
R9X,County of Vuktyl,Район Вуктыл (Вуктыл Район),63°52′00″N,57°19′00″E,RU.KO.VU,,,,,
R9X,Township of Inta,Город Инта (Инта Кар),66°02′00″N,60°08′00″E,RU.KO.IN,,,,,
R9X,County of Izhma (Izva),Ижемский Район (Изьва Район),65°00′33″N,53°55′01″E,RU.KO.IZ,,,,,
R9X,County of Knyazhpogost,Княжпогостский Район (Княжпогост Район),62°35′00″N,50°51′00″E,RU.KO.KP,,,,,
R9X,County of Koygorodok (Koygort),Койгородский Район (Койгорт Район),60°27′33″N,51°00′37″E,RU.KO.KG,,,,,
R9X,County of Kortkeros (Körtkerös),Корткеросский Район (Кöрткерöс Район),61°48′13″N,51°34′37″E,RU.KO.KO,,,,,
R9X,County of Pechora,Район Печора (Печора Район),65°07′00″N,57°07′00″E,RU.KO.PE,,,,,
R9X,County of Priluzsky (Luzdor),Прилузский Район (Луздор Район),60°20′19″N,49°36′33″E,RU.KO.PL,,,,,
R9X,County of Sosnogorsk (Sӧsnagort),Район Сосногорск (Сӧснагорт Район),63°35′00″N,53°56′00″E,RU.KO.SG,,,,,
R9X,County of Syktyvdin,Сыктывдинский Район (Сыктывдін Район) ,61°37′21″N,50°45′26″E,RU.KO.SD,,,,,
R9X,Township of Syktyvkar,Город Сыктывкар (Сыктывкар),61°40′00″N,50°49′00″E,RU.KO.SK,,,,,
R9X,County of Sysola (Syktyv),Сысольский Район (Сыктыв Район) ,61°05′07″N,50°05′37″E,RU.KO.SY,,,,,
R9X,County of Troitsko-Pechorsk (Myldin),Троицко-Печорский Район (Мылдін Район),62°42′00″N,56°12′00″E,RU.KO.TP,,,,,
R9X,County of Udora,Удорский Район (Удора Район),63°27′31″N,48°53′31″E,RU.KO.UD,,,,,
R9X,Township of Usinsk (Uskar),Город Усинск (Ускар),65°59′59″N,57°32′29″E,RU.KO.US,,,,,
R9X,County of Ust-Vym (Yemdin),Усть-Вымский Район (Емдін Район),62°13′31″N,49°59′40″E,RU.KO.UV,,,,,
R9X,County of Ust-Kulom (Kulömdin),Усть-Куломский Район (Кулöмдін Район),61°41′17″N,53°41′27″E,RU.KO.UK,,,,,
R9X,County of Ust-Tsilma (Chilimdin),Усть-Цилемский Район (Чилимдін Район) ,65°26′02″N,52°09′03″E,RU.KO.UT,,,,,
R9X,Township of Ukhta (Ukva),Город Ухта (Уква Кар),63°34′00″N,53°42′00″E,RU.KO.UH,,,,,
Republic of Slovenia ► Republika Slovenija,,,,,,,,,,
S5,Region of Carinthia,Koroška Regija,46°32′48″N,14°58′48″E,EU.SI.KO,,,,,
S5,Region of Central Sava,Zasavska Regija,45°47′53″N,15°09′46″E,EU.SI.ZA,,,,,
S5,Region of Central Slovenia,Osrednjeslovenska Regija,45°56′14″N,14°48′10″E,EU.SI.OS,,,,,
S5,Region of Coastal-Karst,Obalno-Kraška Regija,45°36′33″N,13°56′11″E,EU.SI.OK,,,,,
S5,Region of Drava,Podravska Regija,46°30′21″N,15°41′58″E,EU.SI.PO,,,,,
S5,Region of Gorica,Goriška Regija,45°57′21″N,13°38′36″E,EU.SI.GO,,,,,
S5,Region of Inner Carniola-Karst,Notranjsko-Kraška Regija,45°47′47″N,14°21′29″E,EU.SI.NK,,,,,
S5,Region of Lower Sava,Spodnjeposavska Regija,46°00′33″N,15°18′15″E,EU.SI.SP,,,,,
S5,Region of Mura,Pomurska Regija,46°39’36″N,16°09’00″E,EU.SI.PM,,,,,
S5,Region of Savinja,Savinjska Regija,46°08′23″N,14°59′25″E,EU.SI.SA,,,,,
S5,Region of Southeast Slovenia,Regija Jugovzhodna Slovenija,45°56′33″N,15°08′56″E,EU.SI.JS,,,,,
S5,Region of Upper Carniola,Gorenjska Regija,45°59′56″N,13°31′47″E,EU.SI.GR,,,,,
Kingdom of Sweden ► Konungariket Sverige,,,,,,,,,,
County of Gotland ► Gotlands Län,,,,,,,,,,
SM1,Municipality of Gotland,Gotlands Kommun,57°30′00″N,18°33′00″E,SE.GO.GO,,,,,
County of Norrbotten ► Norrbottens Län,,,,,,,,,,
SM2,Municipality of Älvsbyn,Älvsbyns Kommun,65°04′00″N,21°01′00″E,SE.NB.AL,,,,,
SM2,Municipality of Arjeplog,Arjeplogs Kommun,66°03′00″N,17°53′00″E,SE.NB.AR,,,,,
SM2,Municipality of Arvidsjaur,Arvidsjaurs Kommun,65°35′00″N,19°10′00″E,SE.NB.AJ,,,,,
SM2,Municipality of Boden,Bodens Kommun,65°50′00″N,21°43′00″E,SE.NB.BO,,,,,
SM2,Municipality of Gällivare,Gällivare Kommun,67°07′00″N,20°45′00″E,SE.NB.GA,,,,,
SM2,Municipality of Haparanda,Haparanda Kommun,65°50′00″N,24°08′00″E,SE.NB.HA,,,,,
SM2,Municipality of Jokkmokk,Jokkmokks Kommun,66°37′00″N,19°50′00″E,SE.NB.JO,,,,,
SM2,Municipality of Kalix,Kalix Kommun,65°51′00″N,23°10′00″E,SE.NB.KA,,,,,
SM2,Municipality of Kiruna,Kiruna Kommun,67°51′00″N,20°13′00″E,SE.NB.KI,,,,,
SM2,Municipality of Luleå,Luleå Kommun,65°36′00″N,22°09′00″E,SE.NB.LU,,,,,
SM2,Municipality of Överkalix,Överkalix Kommun,66°21′00″N,22°53′00″E,SE.NB.OK,,,,,
SM2,Municipality of Övertorneå,Övertorneå Kommun,66°23′00″N,23°40′00″E,SE.NB.OT,,,,,
SM2,Municipality of Pajala,Pajala Kommun,67°11′00″N,23°22′00″E,SE.NB.PA,,,,,
SM2,Municipality of Piteå,Piteå Kommun,65°20′00″N,21°30′00″E,SE.NB.PI,,,,,
County of Västerbotten ►  Västerbottens Län,,,,,,,,,,
SM2,Municipality of Åsele,Åsele Kommun,64°09′00″N,17°21′00″E,SE.VB.AS,,,,,
SM2,Municipality of Bjurholm,Bjurholms Kommun,63°55′49″N,19°12′49″E,SE.VB.BJ,,,,,
SM2,Municipality of Dorotea,Dorotea Kommun,64°16′00″N,16°25′00″E,SE.VB.DO,,,,,
SM2,Municipality of Lycksele,Lycksele Kommun,64°36′00″N,18°40′00″E,SE.VB.LY,,,,,
SM2,Municipality of Malå,Malå Kommun,65°11′00″N,18°45′00″E,SE.VB.MA,,,,,
SM2,Municipality of Nordmaling,Nordmalings Kommun,63°34′00″N,19°30′00″E,SE.VB.NO,,,,,
SM2,Municipality of Norsjö,Norsjö Kommun,64°55′00″N,19°29′00″E,SE.VB.NR,,,,,
SM2,Municipality of Robertsfors,Robertsfors Kommun,64°12′00″N,20°51′00″E,SE.VB.RO,,,,,
SM2,Municipality of Skellefteå,Skellefteå Kommun,64°45′00″N,20°59′00″E,SE.VB.SK,,,,,
SM2,Municipality of Sorsele,Sorsele Kommun,65°32′00″N,17°32′00″E,SE.VB.SO,,,,,
SM2,Municipality of Storuman,Storumans Kommun,65°06′00″N,17°06′00″E,SE.VB.ST,,,,,
SM2,Municipality of Umeå,Umeå Kommun,63°50′00″N,20°15′00″E,SE.VB.UM,,,,,
SM2,Municipality of Vännäs,Vännäs Kommun,63°55′00″N,19°45′00″E,SE.VB.VA,,,,,
SM2,Municipality of Vilhelmina,Vilhelmina Kommun,64°37′00″N,16°39′00″E,SE.VB.VL,,,,,
SM2,Municipality of Vindeln,Vindelns Kommun,64°12′00″N,19°43′00″E,SE.VB.VI,,,,,
County of Gävleborg ► Gävleborgs Län,,,,,,,,,,
SM3,Municipality of Bollnäs,Bollnäs Kommun,61°21′00″N,16°24′00″E,SE.GA.BO,,,,,
SM3,Municipality of Gävle,Gävle Kommun,60°40′00″N,17°10′00″E,SE.GA.GV,,,,,
SM3,Municipality of Hofors,Hofors Kommun,60°33′00″N,16°17′00″E,SE.GA.HO,,,,,
SM3,Municipality of Hudiksvall,Hudiksvalls Kommun,61°44′00″N,17°07′00″E,SE.GA.HU,,,,,
SM3,Municipality of Ljusdal,Ljusdals Kommun,61°50′00″N,16°05′00″E,SE.GA.LJ,,,,,
SM3,Municipality of Nordanstig,Nordanstigs Kommun,61°59′00″N,17°04′00″E,SE.GA.NO,,,,,
SM3,Municipality of Ockelbo,Ockelbo Kommun,60°53′00″N,16°43′00″E,SE.GA.OC,,,,,
SM3,Municipality of Ovanåker,Ovanåkers Kommun,61°23′00″N,15°49′00″E,SE.GA.OV,,,,,
SM3,Municipality of Sandviken,Sandvikens Kommun,60°37′00″N,16°47′00″E,SE.GA.SA,,,,,
SM3,Municipality of Söderhamn,Söderhamns Kommun,61°18′00″N,17°05′00″E,SE.GA.SO,,,,,
County of Jämtland ► Jämtlands Län,,,,,,,,,,
SM3,Municipality of Åre,Åre Kommun,63°20′50″N,13°27′40″E,SE.JA.AR,,,,,
SM3,Municipality of Berg,Bergs Kommun,62°46′00″N,14°27′00″E,SE.JA.BE,,,,,
SM3,Municipality of Bräcke,Bräcke Kommun,62°45′00″N,15°25′00″E,SE.JA.BR,,,,,
SM3,Municipality of Härjedalen,Härjedalens Kommun,62°02′00″N,14°21′00″E,SE.JA.HA,,,,,
SM3,Municipality of Krokom,Krokoms Kommun,63°19′00″N,14°30′00″E,SE.JA.KR,,,,,
SM3,Municipality of Östersund,Östersunds Kommun,63°11′00″N,14°40′00″E,SE.JA.OS,,,,,
SM3,Municipality of Ragunda,Ragunda Kommun,63°06′00″N,16°21′00″E,SE.JA.RA,,,,,
SM3,Municipality of Strömsund,Strömsunds Kommun,63°51′00″N,15°35′00″E,SE.JA.ST,,,,,
County of Västernorrland ► Västernorrlands Län,,,,,,,,,,
SM3,Municipality of Ånge,Ånge Kommun,62°31′00″N,15°37′00″E,SE.VN.AN,,,,,
SM3,Municipality of Härnösand,Härnösands Kommun,62°38′10″N,17°56′28″E,SE.VN.HA,,,,,
SM3,Municipality of Kramfors,Kramfors Kommun,62°56′00″N,17°48′00″E,SE.VN.KR,,,,,
SM3,Municipality of Örnsköldsvik,Örnsköldsviks Kommun,63°17′00″N,18°44′00″E,SE.VN.OR,,,,,
SM3,Municipality of Sollefteå,Sollefteå Kommun,63°10′00″N,17°16′00″E,SE.VN.SO,,,,,
SM3,Municipality of Sundsvall,Sundsvalls Kommun,62°24′00″N,17°19′00″E,SE.VN.SU,,,,,
SM3,Municipality of Timrå,Timrå Kommun,62°30′00″N,17°20′00″E,SE.VN.TI,,,,,
County of Dalarna ► Dalarnas Län,,,,,,,,,,
SM4,Municipality of Älvdalen,Älvdalens Kommun,61°14′00″N,14°02′00″E,SE.DA.AL,,,,,
SM4,Municipality of Avesta,Avesta Kommun,60°09′00″N,16°12′00″E,SE.DA.AV,,,,,
SM4,Municipality of Borlänge,Borlänge Kommun,60°29′00″N,15°27′00″E,SE.DA.BO,,,,,
SM4,Municipality of Falun,Falu Kommun,60°36′00″N,15°38′00″E,SE.DA.FA,,,,,
SM4,Municipality of Gagnef,Gagnefs Kommun,60°33′00″N,15°08′00″E,SE.DA.GA,,,,,
SM4,Municipality of Hedemora,Hedemora Kommun,60°17′00″N,15°59′00″E,SE.DA.HE,,,,,
SM4,Municipality of Leksand,Leksands Kommun,60°44′00″N,15°00′00″E,SE.DA.LE,,,,,
SM4,Municipality of Ludvika,Ludvika Kommun,60°08′00″N,15°11′00″E,SE.DA.LU,,,,,
SM4,Municipality of Malung-Sälen,Malung-Sälens Kommun,60°41′00″N,13°44′00″E,SE.DA.MS,,,,,
SM4,Municipality of Mora,Mora Kommun,61°01′00″N,14°32′00″E,SE.DA.MO,,,,,
SM4,Municipality of Orsa,Orsa Kommun,61°07′00″N,14°37′00″E,SE.DA.OR,,,,,
SM4,Municipality of Rättvik,Rättviks Kommun,60°53′00″N,15°08′00″E,SE.DA.RA,,,,,
SM4,Municipality of Säter,Säters Kommun,60°21′00″N,15°45′00″E,SE.DA.SA,,,,,
SM4,Municipality of Smedjebacken,Smedjebackens Kommun,60°08′00″N,15°25′00″E,SE.DA.SM,,,,,
SM4,Municipality of Vansbro,Vansbro Kommun,60°31′00″N,14°13′00″E,SE.DA.VA,,,,,
County of Örebro ► Örebro Län,,,,,,,,,,
SM4,Municipality of Askersund,Askersunds Kommun,58°53′00″N,14°54′00″E,SE.OR.AS,,,,,
SM4,Municipality of Degerfors,Degerfors Kommun,59°14′00″N,14°26′00″E,SE.OR.DE,,,,,
SM4,Municipality of Hällefors,Hällefors Kommun,59°46′00″N,14°31′00″E,SE.OR.HA,,,,,
SM4,Municipality of Hallsberg,Hallsbergs Kommun,59°04′00″N,15°07′00″E,SE.OR.HL,,,,,
SM4,Municipality of Karlskoga,Karlskoga Kommun,59°20′00″N,14°31′00″E,SE.OR.KA,,,,,
SM4,Municipality of Kumla,Kumla Kommun,59°07′00″N,15°08′00″E,SE.OR.KU,,,,,
SM4,Municipality of Laxå,Laxå Kommun,58°59′00″N,14°37′00″E,SE.OR.LA,,,,,
SM4,Municipality of Lekeberg,Lekebergs Kommun,59°10′00″N,14°52′00″E,SE.OR.LE,,,,,
SM4,Municipality of Lindesberg,Lindesbergs Kommun,59°35′00″N,15°15′00″E,SE.OR.LI,,,,,
SM4,Municipality of Ljusnarsberg,Ljusnarsbergs Kommun,59°52′00″N,14°59′00″E,SE.OR.LJ,,,,,
SM4,Municipality of Nora,Nora Kommun,59°31′00″N,15°02′00″E,SE.OR.NO,,,,,
SM4,Municipality of Örebro,Örebro Kommun,59°16′00″N,15°13′00″E,SE.OR.OR,,,,,
County of Värmland ► Värmlands Län,,,,,,,,,,
SM4,Municipality of Årjäng,Årjängs Kommun,59°23′00″N,12°08′00″E,SE.VL.AR,,,,,
SM4,Municipality of Arvika,Arvika Kommun,59°39′00″N,12°35′00″E,SE.VL.AV,,,,,
SM4,Municipality of Eda (Excluding -SJ9 Border Area of Morokulien),Eda Kommun,59°53′00″N,12°17′00″E,SE.VL.ED,,,,,
SM4,Municipality of Filipstad,Filipstads Kommun,59°43′00″N,14°10′00″E,SE.VL.FI,,,,,
SM4,Municipality of Forshaga,Forshaga Kommun,59°32′00″N,13°28′00″E,SE.VL.FO,,,,,
SM4,Municipality of Grums,Grums Kommun,59°21′00″N,13°06′00″E,SE.VL.GR,,,,,
SM4,Municipality of Hagfors,Hagfors Kommun,60°02′00″N,13°39′00″E,SE.VL.HA,,,,,
SM4,Municipality of Hammarö,Hammarö Kommun,59°20′00″N,13°26′00″E,SE.VL.HM,,,,,
SM4,Municipality of Karlstad,Karlstads Kommun,59°23′00″N,13°32′00″E,SE.VL.KA,,,,,
SM4,Municipality of Kil,Kils Kommun,59°30′00″N,13°19′00″E,SE.VL.KI,,,,,
SM4,Municipality of Kristinehamn,Kristinehamns Kommun,59°18′00″N,14°07′00″E,SE.VL.KR,,,,,
SM4,Municipality of Munkfors,Munkfors Kommun,59°50′00″N,13°32′00″E,SE.VL.MU,,,,,
SM4,Municipality of Säffle,Säffle Kommun,59°08′00″N,12°56′00″E,SE.VL.SA,,,,,
SM4,Municipality of Storfors,Storfors Kommun,59°32′00″N,14°16′00″E,SE.VL.ST,,,,,
SM4,Municipality of Sunne,Sunne Kommun,59°50′00″N,13°08′00″E,SE.VL.SU,,,,,
SM4,Municipality of Torsby,Torsby Kommun,60°08′00″N,13°00′00″E,SE.VL.TO,,,,,
Exceptional Territories of the County of Värmland,,,,,,,,,,
SJ9,Border Area of Morokulien (SJ9WL),Border Area of Morokulien (SJ9WL),59°55′53″N,12°14′29″W,SE.DX.MO,,,,,
County of Östergötland ► Östergötlands Län,,,,,,,,,,
SM5,Municipality of Åtvidaberg,Åtvidabergs Kommun,58°12′00″N,16°00′00″E,SE.OG.AT,,,,,
SM5,Municipality of Boxholm,Boxholms Kommun,58°12′00″N,15°03′00″E,SE.OG.BO,,,,,
SM5,Municipality of Finspång,Finspångs Kommun,58°42′00″N,15°48′00″E,SE.OG.FI,,,,,
SM5,Municipality of Kinda,Kinda Kommun,57°59′00″N,15°37′00″E,SE.OG.KI,,,,,
SM5,Municipality of Linköping,Linköpings Kommun,58°24′00″N,15°37′00″E,SE.OG.LI,,,,,
SM5,Municipality of Mjölby,Mjölby Kommun,58°20′00″N,15°07′00″E,SE.OG.MJ,,,,,
SM5,Municipality of Motala,Motala Kommun,58°32′00″N,15°02′00″E,SE.OG.MO,,,,,
SM5,Municipality of Norrköping,Norrköpings Kommun,58°36′00″N,16°12′00″E,SE.OG.NO,,,,,
SM5,Municipality of Ödeshög,Ödeshögs Kommun,58°13′00″N,14°39′00″E,SE.OG.OD,,,,,
SM5,Municipality of Söderköping,Söderköpings Kommun,58°29′00″N,16°19′00″E,SE.OG.SO,,,,,
SM5,Municipality of Vadstena,Vadstena Kommun,58°27′00″N,14°54′00″E,SE.OG.VA,,,,,
SM5,Municipality of Valdemarsvik,Valdemarsviks Kommun,58°12′00″N,16°36′00″E,SE.OG.VL,,,,,
SM5,Municipality of Ydre,Ydre Kommun,57°50′00″N,15°16′00″E,SE.OG.YD,,,,,
County of Södermanland ► Södermanlands Län,,,,,,,,,,
SM5,Municipality of Eskilstuna,Eskilstuna Kommun,59°22′00″N,16°31′00″E,SE.SM.ES,,,,,
SM5,Municipality of Flen,Flens Kommun,59°03′00″N,16°35′00″E,SE.SM.FL,,,,,
SM5,Municipality of Gnesta,Gnesta Kommun,59°03′00″N,17°18′00″E,SE.SM.GN,,,,,
SM5,Municipality of Katrineholm,Katrineholms Kommun,59°00′00″N,16°12′00″E,SE.SM.KA,,,,,
SM5,Municipality of Nyköping,Nyköpings Kommun,58°45′00″N,17°00′00″E,SE.SM.NY,,,,,
SM5,Municipality of Oxelösund,Oxelösunds Kommun,58°40′00″N,17°07′00″E,SE.SM.OX,,,,,
SM5,Municipality of Strängnäs,Strängnäs Kommun,59°22′00″N,17°02′00″E,SE.SM.ST,,,,,
SM5,Municipality of Trosa,Trosa Kommun,58°54′00″N,17°33′00″E,SE.SM.TR,,,,,
SM5,Municipality of Vingåker,Vingåkers Kommun,59°02′00″N,15°52′00″E,SE.SM.VI,,,,,
County of Uppsala ► Uppsala Län,,,,,,,,,,
SM5,Municipality of Älvkarleby,Älvkarleby Kommun,60°38′00″N,17°25′00″E,SE.UP.AL,,,,,
SM5,Municipality of Enköping,Enköpings Kommun,59°38′00″N,17°05′00″E,SE.UP.EN,,,,,
SM5,Municipality of Håbo,Håbo Kommun,59°35′00″N,17°30′00″E,SE.UP.HA,,,,,
SM5,Municipality of Heby,Heby Kommun,59°56′00″N,16°53′00″E,SE.UP.HE,,,,,
SM5,Municipality of Knivsta,Knivsta Kommun,59°43′00″N,17°48′00″E,SE.UP.KN,,,,,
SM5,Municipality of Östhammar (Excluding Märket Island),Östhammars Kommun,60°16′00″N,18°22′00″E,SE.UP.OS,,,,,
SM5,Municipality of Tierp,Tierps Kommun,60°20′00″N,17°30′00″E,SE.UP.TI,,,,,
SM5,Municipality of Uppsala,Uppsala Kommun,59°52′00″N,17°38′00″E,SE.UP.UP,,,,,
County of Västmanland ► Västmanlands Län,,,,,,,,,,
SM5,Municipality of Arboga,Arboga Kommun,59°24′00″N,15°50′00″E,SE.VM.AR,,,,,
SM5,Municipality of Fagersta,Fagersta Kommun,60°00′00″N,15°49′00″E,SE.VM.FA,,,,,
SM5,Municipality of Hallstahammar,Hallstahammars Kommun,59°37′00″N,16°15′00″E,SE.VM.HA,,,,,
SM5,Municipality of Köping,Köpings Kommun,59°31′00″N,15°59′00″E,SE.VM.KO,,,,,
SM5,Municipality of Kungsör,Kungsörs Kommun,59°25′00″N,16°05′00″E,SE.VM.KU,,,,,
SM5,Municipality of Norberg,Norbergs Kommun,60°05′00″N,15°57′00″E,SE.VM.NO,,,,,
SM5,Municipality of Sala,Sala Kommun,59°55′00″N,16°36′00″E,SE.VM.SA,,,,,
SM5,Municipality of Skinnskatteberg,Skinnskattebergs Kommun,59°50′00″N,15°41′00″E,SE.VM.SK,,,,,
SM5,Municipality of Surahammar,Surahammars Kommun,59°43′00″N,16°13′00″E,SE.VM.SU,,,,,
SM5,Municipality of Västerås,Västerås Kommun,59°37′00″N,16°32′00″E,SE.VM.VA,,,,,
County of Halland ► Hallands Län,,,,,,,,,,
SM6,Municipality of Falkenberg,Falkenbergs Kommun,56°54′00″N,12°29′00″E,SE.HA.FA,,,,,
SM6,Municipality of Halmstad,Halmstads Kommun,56°40′00″N,12°51′00″E,SE.HA.HS,,,,,
SM6,Municipality of Hylte,Hylte Kommun,57°00′′00″N,13°15′00″E,SE.HA.HY,,,,,
SM6,Municipality of Kungsbacka,Kungsbacka Kommun,57°29′00″N,12°04′00″E,SE.HA.KU,,,,,
SM6,Municipality of Laholm,Laholms Kommun,56°31′00″N,13°02′00″E,SE.HA.LA,,,,,
SM6,Municipality of Varberg,Varbergs Kommun,57°07′00″N,12°13′00″E,SE.HA.VA,,,,,
County of Västra Götaland ► Västra Götalands Län,,,,,,,,,,
SM6,Municipality of Ale,Ale Kommun,57°54′00″N,12°04′00″E,SE.VG.AL,,,,,
SM6,Municipality of Alingsås,Alingsås Kommun,57°56′00″N,12°32′00″E,SE.VG.AG,,,,,
SM6,Municipality of Åmål,Åmåls Kommun,59°03′00″N,12°42′00″E,SE.VG.AM,,,,,
SM6,Municipality of Bengtsfors,Bengtsfors Kommun,59°02′00″N,12°13′00″E,SE.VG.BE,,,,,
SM6,Municipality of Bollebygd,Bollebygds Kommun,57°40′00″N,12°34′00″E,SE.VG.BO,,,,,
SM6,Municipality of Borås,Borås Kommun,57°43′00″N,12°56′00″E,SE.VG.BR,,,,,
SM6,Municipality of Dals-Ed,Dals-Eds Kommun,58°55′′00″N,11°55′00″E,SE.VG.DE,,,,,
SM6,Municipality of Essunga,Essunga Kommun,58°11′00″N,12°43′00″E,SE.VG.ES,,,,,
SM6,Municipality of Falköping,Falköpings Kommun,58°10′00″N,13°33′00″E,SE.VG.FK,,,,,
SM6,Municipality of Färgelanda,Färgelanda Kommun,58°34′00″N,11°59′00″E,SE.VG.FA,,,,,
SM6,Municipality of Götene,Götene Kommun,58°32′00″N,13°29′00″E,SE.VG.GT,,,,,
SM6,Municipality of Gothenburg,Göteborgs Kommun,57°42′00″N,11°56′00″E,SE.VG.GO,,,,,
SM6,Municipality of Grästorp,Grästorps Kommun,58°20′00″N,12°40′00″E,SE.VG.GR,,,,,
SM6,Municipality of Gullspång,Gullspångs Kommun,58°59′00″N,14°07′00″E,SE.VG.GU,,,,,
SM6,Municipality of Härryda,Härryda Kommun,57°40′00″N,12°07′00″E,SE.VG.HA,,,,,
SM6,Municipality of Herrljunga,Herrljunga Kommun,58°05′00″N,13°02′00″E,SE.VG.HE,,,,,
SM6,Municipality of Hjo,Hjo Kommun,58°18′00″N,14°17′00″E,SE.VG.HJ,,,,,
SM6,Municipality of Karlsborg,Karlsborgs Kommun,58°32′00″N,14°31′00″E,SE.VG.KA,,,,,
SM6,Municipality of Kungälv,Kungälvs Kommun,57°52′00″N,11°58′00″E,SE.VG.KU,,,,,
SM6,Municipality of Lerum,Lerums Kommun,57°46′00″N,12°18′00″E,SE.VG.LR,,,,,
SM6,Municipality of Lidköping,Lidköpings Kommun,58°30′00″N,13°11′00″E,SE.VG.LI,,,,,
SM6,Municipality of Lilla Edet,Lilla Edets Kommun,58°08′00″N,12°08′00″E,SE.VG.LE,,,,,
SM6,Municipality of Lysekil,Lysekils Kommun,58°17′00″N,11°26′00″E,SE.VG.LY,,,,,
SM6,Municipality of Mariestad,Mariestads Kommun,58°42′00″N,13°49′00″E,SE.VG.MA,,,,,
SM6,Municipality of Mark,Marks Kommun,57°31′00″N,12°41′00″E,SE.VG.MR,,,,,
SM6,Municipality of Mellerud,Melleruds Kommun,58°42′00″N,12°28′00″E,SE.VG.ME,,,,,
SM6,Municipality of Mölndal,Mölndals Kommun,57°42′00″N,11°58′00″E,SE.VG.MO,,,,,
SM6,Municipality of Munkedal,Munkedals Kommun,58°29′00″N,11°41′00″E,SE.VG.MU,,,,,
SM6,Municipality of Öckerö,Öckerö Kommun,57°42′00″N,11°39′00″E,SE.VG.OC,,,,,
SM6,Municipality of Orust,Orusts Kommun,58°14′00″N,11°41′00″E,SE.VG.OR,,,,,
SM6,Municipality of Partille,Partille Kommun,57°44′00″N,12°06′00″E,SE.VG.PA,,,,,
SM6,Municipality of Skara,Skara Kommun,58°23′00″N,13°26′00″E,SE.VG.SK,,,,,
SM6,Municipality of Skövde,Skövde Kommun,58°23′00″N,13°51′00″E,SE.VG.SD,,,,,
SM6,Municipality of Sotenäs,Sotenäs Kommun,58°22′00″N,11°15′00″E,SE.VG.SO,,,,,
SM6,Municipality of Stenungsund,Stenungsunds Kommun,58°05′00″N,11°49′00″E,SE.VG.SS,,,,,
SM6,Municipality of Strömstad,Strömstads Kommun,58°56′00″N,11°10′00″E,SE.VG.ST,,,,,
SM6,Municipality of Svenljunga,Svenljunga Kommun,57°30′00″N,13°07′00″E,SE.VG.SV,,,,,
SM6,Municipality of Tanum,Tanums Kommun,58°43′00″N,11°19′00″E,SE.VG.TA,,,,,
SM6,Municipality of Tibro,Tibro Kommun,58°25′00″N,14°10′00″E,SE.VG.TB,,,,,
SM6,Municipality of Tidaholm,Tidaholms Kommun,58°11′00″N,13°57′00″E,SE.VG.TD,,,,,
SM6,Municipality of Tjörn,Tjörns Kommun,58°00′00″N,11°33′00″E,SE.VG.TJ,,,,,
SM6,Municipality of Töreboda,Töreboda Kommun,58°43′00″N,14°08′00″E,SE.VG.TO,,,,,
SM6,Municipality of Tranemo,Tranemo Kommun,57°29′00″N,13°21′00″E,SE.VG.TR,,,,,
SM6,Municipality of Trollhättan,Trollhättans Kommun,58°17′00″N,12°17′00″E,SE.VG.TH,,,,,
SM6,Municipality of Uddevalla,Uddevalla Kommun,58°21′00″N,11°55′00″E,SE.VG.UD,,,,,
SM6,Municipality of Ulricehamn,Ulricehamns Kommun,57°47′00″N,13°25′00″E,SE.VG.UL,,,,,
SM6,Municipality of Vänersborg,Vänersborgs Kommun,58°23′00″N,12°19′00″E,SE.VG.VA,,,,,
SM6,Municipality of Vara,Vara Kommun,58°16′00″N,12°57′00″E,SE.VG.VR,,,,,
SM6,Municipality of Vårgårda,Vårgårda Kommun,58°02′00″N,12°48′00″E,SE.VG.VD,,,,,
County of Blekinge ► Blekinge Län,,,,,,,,,,
SM7,Municipality of Karlshamn,Karlshamns Kommun,56°10′00″N,14°51′00″E,SE.BL.KH,,,,,
SM7,Municipality of Karlskrona,Karlskrona Kommun,56°11′00″N,15°39′00″E,SE.BL.KK,,,,,
SM7,Municipality of Olofström,Olofströms Kommun,56°16′00″N,14°32′00″E,SE.BL.OL,,,,,
SM7,Municipality of Ronneby,Ronneby Kommun,56°12′00″N,15°17′00″E,SE.BL.RO,,,,,
SM7,Municipality of Sölvesborg,Sölvesborgs Kommun,56°02′39″N,14°34′31″E,SE.BL.SO,,,,,
County of Jönköping ► Jönköpings Län,,,,,,,,,,
SM7,Municipality of Aneby,Aneby Kommun,57°50′00″N,14°48′00″E,SE.JO.AN,,,,,
SM7,Municipality of Eksjö,Eksjö Kommun,57°40′00″N,14°58′00″E,SE.JO.EK,,,,,
SM7,Municipality of Gislaved,Gislaveds Kommun,57°18′00″N,13°32′00″E,SE.JO.GI,,,,,
SM7,Municipality of Gnosjö,Gnosjö Kommun,57°22′00″N,13°44′00″E,SE.JO.GN,,,,,
SM7,Municipality of Habo,Habo Kommun,57°55′00″N,14°04′00″E,SE.JO.HA,,,,,
SM7,Municipality of Jönköping,Jönköpings Kommun,57°47′00″N,14°12′00″E,SE.JO.JO,,,,,
SM7,Municipality of Mullsjö,Mullsjö Kommun,57°55′00″N,13°53′00″E,SE.JO.MU,,,,,
SM7,Municipality of Nässjö,Nässjö Kommun,57°39′00″N,14°41′00″E,SE.JO.NA,,,,,
SM7,Municipality of Sävsjö,Sävsjö Kommun,57°24′00″N,14°40′00″E,SE.JO.SA,,,,,
SM7,Municipality of Tranås,Tranås Kommun,58°02′00″N,14°58′00″E,SE.JO.TR,,,,,
SM7,Municipality of Vaggeryd,Vaggeryds Kommun,57°30′00″N,14°07′00″E,SE.JO.VG,,,,,
SM7,Municipality of Värnamo,Värnamo Kommun,57°11′00″N,14°02′00″E,SE.JO.VA,,,,,
SM7,Municipality of Vetlanda,Vetlanda Kommun,57°26′00″N,15°04′00″E,SE.JO.VE,,,,,
County of Kalmar ► Kalmar Län,,,,,,,,,,
SM7,Municipality of Borgholm,Borgholms Kommun,56°53′00″N,16°39′00″E,SE.KA.BO,,,,,
SM7,Municipality of Emmaboda,Emmaboda Kommun,56°37′00″N,15°33′00″E,SE.KA.EM,,,,,
SM7,Municipality of Högsby,Högsby Kommun,57°10′00″N,16°02′00″E,SE.KA.HO,,,,,
SM7,Municipality of Hultsfred,Hultsfreds Kommun,57°29′00″N,15°50′00″E,SE.KA.HU,,,,,
SM7,Municipality of Kalmar,Kalmar Kommun,56°40′00″N,16°22′00″E,SE.KA.KA,,,,,
SM7,Municipality of Mönsterås,Mönsterås Kommun,57°02′00″N,16°27′00″E,SE.KA.MO,,,,,
SM7,Municipality of Mörbylånga,Mörbylånga Kommun,56°31′00″N,16°23′00″E,SE.KA.MB,,,,,
SM7,Municipality of Nybro,Nybro Kommun,56°44′00″N,15°54′00″E,SE.KA.NY,,,,,
SM7,Municipality of Oskarshamn,Oskarshamns Kommun,57°16′00″N,16°27′00″E,SE.KA.OS,,,,,
SM7,Municipality of Torsås,Torsås Kommun,56°24′00″N,16°00′00″E,SE.KA.TO,,,,,
SM7,Municipality of Västervik,Västerviks Kommun,57°45′00″N,16°38′00″E,SE.KA.VA,,,,,
SM7,Municipality of Vimmerby,Vimmerby Kommun,57°40′00″N,15°51′00″E,SE.KA.VI,,,,,
County of Kronoberg ► Kronobergs Län,,,,,,,,,,
SM7,Municipality of Älmhult,Älmhults Kommun,56°33′00″N,14°08′00″E,SE.KR.AL,,,,,
SM7,Municipality of Alvesta,Alvesta Kommun,56°54′00″N,14°33′00″E,SE.KR.AV,,,,,
SM7,Municipality of Lessebo,Lessebo Kommun,56°45′00″N,15°16′00″E,SE.KR.LE,,,,,
SM7,Municipality of Ljungby,Ljungby Kommun,56°50′00″N,13°56′00″E,SE.KR.LJ,,,,,
SM7,Municipality of Markaryd,Markaryds Kommun,56°28′00″N,13°36′00″E,SE.KR.MA,,,,,
SM7,Municipality of Tingsryd,Tingsryds Kommun,56°32′00″N,14°59′00″E,SE.KR.TI,,,,,
SM7,Municipality of Uppvidinge,Uppvidinge Kommun,57°10′00″N,15°20′00″E,SE.KR.UP,,,,,
SM7,Municipality of Växjö,Växjö Kommun,56°53′00″N,14°48′00″E,SE.KR.VA,,,,,
County of Skåne ► Skåne Län,,,,,,,,,,
SM7,Municipality of Ängelholm,Ängelholms Kommun,56°15′00″N,12°51′00″E,SE.SK.AN,,,,,
SM7,Municipality of Åstorp,Åstorps Kommun,56°08′00″N,12°57′00″E,SE.SK.AS,,,,,
SM7,Municipality of Båstad,Båstads Kommun,56°26′00″N,12°50′00″E,SE.SK.BA,,,,,
SM7,Municipality of Bjuv,Bjuvs Kommun,56°05′00″N,12°55′00″E,SE.SK.BJ,,,,,
SM7,Municipality of Bromölla,Bromölla Kommun,56°03′00″N,14°28′00″E,SE.SK.BR,,,,,
SM7,Municipality of Burlöv,Burlövs Kommun,55°38′00″N,13°04′00″E,SE.SK.BU,,,,,
SM7,Municipality of Eslöv,Eslövs Kommun,55°50′00″N,13°18′00″E,SE.SK.ES,,,,,
SM7,Municipality of Hässleholm,Hässleholms Kommun,56°10′00″N,13°46′00″E,SE.SK.HA,,,,,
SM7,Municipality of Helsingborg,Helsingborgs Kommun,56°03′00″N,12°43′00″E,SE.SK.HE,,,,,
SM7,Municipality of Höganäs,Höganäs Kommun,56°12′00″N,12°34′00″E,SE.SK.HG,,,,,
SM7,Municipality of Höör,Höörs Kommun,55°56′00″N,13°33′00″E,SE.SK.HO,,,,,
SM7,Municipality of Hörby,Hörby Kommun,55°51′00″N,13°39′00″E,SE.SK.HB,,,,,
SM7,Municipality of Kävlinge,Kävlinge Kommun,55°48′00″N,13°07′00″E,SE.SK.KA,,,,,
SM7,Municipality of Klippan,Klippans Kommun,56°08′00″N,13°08′00″E,SE.SK.KL,,,,,
SM7,Municipality of Kristianstad,Kristianstads Kommun,56°02′00″N,14°09′00″E,SE.SK.KR,,,,,
SM7,Municipality of Landskrona,Landskrona Kommun,55°52′00″N,12°50′00″E,SE.SK.LA,,,,,
SM7,Municipality of Lomma,Lomma Kommun,55°40′00″N,13°05′00″E,SE.SK.LO,,,,,
SM7,Municipality of Lund,Lunds Kommun,55°42′00″N,13°12′00″E,SE.SK.LU,,,,,
SM7,Municipality of Malmö,Malmö Kommun,55°35′00″N,13°02′00″E,SE.SK.MA,,,,,
SM7,Municipality of Örkelljunga,Örkelljunga Kommun,56°17′00″N,13°17′00″E,SE.SK.OR,,,,,
SM7,Municipality of Osby,Osby Kommun,56°22′00″N,13°59′00″E,SE.SK.OS,,,,,
SM7,Municipality of Östra Göinge,Östra Göinge Kommun,56°15′00″N,14°04′00″E,SE.SK.OG,,,,,
SM7,Municipality of Perstorp,Perstorps Kommun,56°08′00″N,13°23′00″E,SE.SK.PE,,,,,
SM7,Municipality of Simrishamn,Simrishamns Kommun,55°33′00″N,14°21′00″E,SE.SK.SI,,,,,
SM7,Municipality of Sjöbo,Sjöbo Kommun,55°42′00″N,13°12′00″E,SE.SK.SJ,,,,,
SM7,Municipality of Skurup,Skurups Kommun,55°29′00″N,13°30′00″E,SE.SK.SK,,,,,
SM7,Municipality of Staffanstorp,Staffanstorps Kommun,55°38′00″N,13°12′00″E,SE.SK.ST,,,,,
SM7,Municipality of Svalöv,Svalövs Kommun,55°55′00″N,13°07′00″E,SE.SK.SV,,,,,
SM7,Municipality of Svedala,Svedala Kommun,55°30′00″N,13°14′00″E,SE.SK.SD,,,,,
SM7,Municipality of Tomelilla,Tomelilla Kommun,55°33′00″N,13°57′00″E,SE.SK.TO,,,,,
SM7,Municipality of Trelleborg,Trelleborgs Kommun,55°22′00″N,13°10′00″E,SE.SK.TR,,,,,
SM7,Municipality of Vellinge,Vellinge Kommun,55°28′00″N,13°01′00″E,SE.SK.VE,,,,,
SM7,Municipality of Ystad,Ystads Kommun,55°25′00″N,13°50′00″E,SE.SK.YS,,,,,
County of Stockholm ► Stockholms Län,,,,,,,,,,
SMØ,Municipality of Botkyrka,Botkyrka Kommun,59°12′00″N,17°49′00″E,SE.ST.BO,,,,,
SMØ,Municipality of Danderyd,Danderyds Kommun,59°24′00″N,18°05′00″E,SE.ST.DA,,,,,
SMØ,Municipality of Ekerö,Ekerö Kommun,59°17′00″N,17°48′00″E,SE.ST.EK,,,,,
SMØ,Municipality of Haninge,Haninge Kommun,59°10′00″N,18°08′00″E,SE.ST.HA,,,,,
SMØ,Municipality of Huddinge,Huddinge Kommun,59°14′00″N,17°59′00″E,SE.ST.HU,,,,,
SMØ,Municipality of Järfälla,Järfälla Kommun,59°26′00″N,17°50′00″E,SE.ST.JA,,,,,
SMØ,Municipality of Lidingö,Lidingö Kommun,59°22′00″N,18°09′00″E,SE.ST.LI,,,,,
SMØ,Municipality of Nacka,Nacka Kommun,59°19′00″N,18°10′00″E,SE.ST.NA,,,,,
SMØ,Municipality of Norrtälje (Excluding Märket Island),Norrtälje Kommun,59°46′00″N,18°42′00″E,SE.ST.NO,,,,,
SMØ,Municipality of Nykvarn,Nykvarns Kommun,59°10′00″N,17°26′00″E,SE.ST.NY,,,,,
SMØ,Municipality of Nynäshamn,Nynäshamns Kommun,58°54′00″N,17°57′00″E,SE.ST.NH,,,,,
SMØ,Municipality of Österåker,Österåkers Kommun,59°29′00″N,18°18′00″E,SE.ST.OS,,,,,
SMØ,Municipality of Salem,Salems Kommun,59°12′00″N,17°46′00″E,SE.ST.SA,,,,,
SMØ,Municipality of Sigtuna,Sigtuna Kommun,59°37′00″N,17°43′00″E,SE.ST.SI,,,,,
SMØ,Municipality of Södertälje,Södertälje Kommun,59°11′00″N,17°38′00″E,SE.ST.SD,,,,,
SMØ,Municipality of Sollentuna,Sollentuna Kommun,59°26′00″N,17°57′00″E,SE.ST.SL,,,,,
SMØ,Municipality of Solna,Solna Kommun,59°21′00″N,18°00′00″E,SE.ST.SO,,,,,
SMØ,Municipality of Stockholm,Stockholms Kommun,59°21′00″N,18°04′00″E,SE.ST.ST,,,,,
SMØ,Municipality of Sundbyberg,Sundbybergs Kommun,59°22′00″N,17°58′00″E,SE.ST.SU,,,,,
SMØ,Municipality of Täby,Täby Kommun,59°26′00″N,18°05′00″E,SE.ST.TA,,,,,
SMØ,Municipality of Tyresö,Tyresö Kommun,59°14′00″N,18°13′00″E,SE.ST.TY,,,,,
SMØ,Municipality of Upplands Väsby,Upplands Väsby Kommun,59°31′00″N,17°55′00″E,SE.ST.UV,,,,,
SMØ,Municipality of Upplands-Bro,Upplands-Bro Kommun,59°29′00″N,17°45′00″E,SE.ST.UB,,,,,
SMØ,Municipality of Vallentuna,Vallentuna Kommun,59°32′00″N,18°05′00″E,SE.ST.VL,,,,,
SMØ,Municipality of Värmdö,Värmdö Kommun,59°20′00″N,18°23′00″E,SE.ST.VA,,,,,
SMØ,Municipality of Vaxholm,Vaxholms Kommun,59°25′00″N,18°19′00″E,SE.ST.VX,,,,,
Exceptional Territory of the County of Stockholm and the County of Uppsala,,,,,,,,,,
SI8,Märket Island (Swedish Part),Märket,60°18′03″N,19°07′53″E,SE.DX.MA,,,,,
Republic of Poland ► Rzeczpospolita Polska,,,,,,,,,,
Province of West Pomerania ► Województwo Zachodniopomorskie,,,,,,,,,,
SP1,County of Białogard,Powiat Białogardzki,54°00'11″N,15°59'32″E,PL.ZP.BG,,,,,
SP1,County of Choszczno,Powiat Choszczeński,53°10'09″N,15°25'10″E,PL.ZP.CH,,,,,
SP1,County of Drawsko,Powiat Drawski,53°31'53″N,15°48'40″E,PL.ZP.DR,,,,,
SP1,County of Goleniów,Powiat Goleniowski,53°33'55″N,14°49'50″E,PL.ZP.GO,,,,,
SP1,County of Gryfice,Powiat Gryficki,53°54'59″N,15°11'59″E,PL.ZP.GC,,,,,
SP1,County of Gryfino,Powiat Gryfiński,53°15'11″N,14°29'15″E,PL.ZP.GN,,,,,
SP1,County of Kamień,Powiat Kamieński,53°58'11″N,14°47'09″E,PL.ZP.KA,,,,,
SP1,County of Kołobrzeg,Powiat Kołobrzeski,54°10'40″N,15°34'37″E,PL.ZP.KO,,,,,
SP1,Township of Koszalin,Miasto Koszalin,54°11'25″N,16°10'54″E,PL.ZP.MK,,,,,
SP1,County of Koszalin,Powiat Koszaliński,54°13'49″N,16°17'51″E,PL.ZP.PK,,,,,
SP1,County of Łobez,Powiat Łobeski,53°38'00″N,15°37'00″E,PL.ZP.LO,,,,,
SP1,County of Myślibórz,Powiat Myśliborski,52°55'29″N,14°51'59″E,PL.ZP.MY,,,,,
SP1,County of Police,Powiat Policki,53°33'00″N,14°34'15″E,PL.ZP.PO,,,,,
SP1,County of Pyrzyce,Powiat Pyrzycki,53°08'35″N,14°53'35″E,PL.ZP.PY,,,,,
SP1,County of Sławno,Powiat Sławieński,54°21'44″N,16°40'49″E,PL.ZP.SL,,,,,
SP1,County of Stargard,Powiat Stargardzki,53°20'00″N,15°02'00″E,PL.ZP.ST,,,,,
SP1,County of Świdwin,Powiat Świdwiński,53°47'00″N,15°46'00″E,PL.ZP.SW,,,,,
SP1,Township of Świnoujście,Miasto Świnoujście,53°54'28″N,14°14'51″E,PL.ZP.SN,,,,,
SP1,Township of Szczecin,Miasto Szczecin,53°26'17″N,14°32'32″E,PL.ZP.SC,,,,,
SP1,County of Szczecinek,Powiat Szczecinecki,53°43'00″N,16°41'00″E,PL.ZP.SZ,,,,,
SP1,County of Wałcz,Powiat Wałecki,53°16'16″N,16°28'00″E,PL.ZP.WA,,,,,
Province of Kuyavia-Pomerania ► Województwo Kujawsko-Pomorskie,,,,,,,,,,
SP2,County of Aleksandrów,Powiat Aleksandrowski,52°52'00″N,18°42'00″E,PL.KP.AL,,,,,
SP2,County of Brodnica,Powiat Brodnicki,53°15'00″N,19°24'00″E,PL.KP.BR,,,,,
SP2,Township of Bydgoszcz,Miasto Bydgoszcz,53°07'00″N,18°00'00″E,PL.KP.MB,,,,,
SP2,County of Bydgoszcz,Powiat Bydgoski,53°08'10″N,18°02'07″E,PL.KP.BY,,,,,
SP2,County of Chełmno,Powiat Chełmiński,53°21'57″N,18°25'22″E,PL.KP.CH,,,,,
SP2,County of Golub-Dobrzyń,Powiat Golubsko-Dobrzyński,53°07'00″N,19°03'00″E,PL.KP.GD,,,,,
SP2,Township of Grudziądz,Miasto Grudziądz,53°29'33″N,18°46'34″E,PL.KP.MG,,,,,
SP2,County of Grudziądz,Powiat Grudziądzki,53°30'37″N,18°47'36″E,PL.KP.GR,,,,,
SP2,County of Inowrocław,Powiat Inowrocławski,52°47'35″N,18°15'40″E,PL.KP.IN,,,,,
SP2,County of Lipno,Powiat Lipnowski,52°51'00″N,19°10'00″E,PL.KP.LI,,,,,
SP2,County of Mogilno,Powiat Mogileński,52°39'00″N,17°57'00″E,PL.KP.MO,,,,,
SP2,County of Nakło,Powiat Nakielski,53°08'25″N,17°35'34″E,PL.KP.NA,,,,,
SP2,County of Radziejów,Powiat Radziejowski,52°38'00″N,18°31'00″E,PL.KP.RA,,,,,
SP2,County of Rypin,Powiat Rypiński,53°04'00″N,19°27'00″E,PL.KP.RY,,,,,
SP2,County of Sępólno,Powiat Sępoleński,53°27'00″N,17°31'48″E,PL.KP.SE,,,,,
SP2,County of Świecie,Powiat Świecki,53°25'00″N,18°26'00″E,PL.KP.SW,,,,,
SP2,Township of Toruń,Miasto Toruń,53°02'00″N,18°37'00″E,PL.KP.MT,,,,,
SP2,County of Toruń,Powiat Toruński,52°59'19″N,18°28'13″E,PL.KP.TO,,,,,
SP2,County of Tuchola,Powiat Tucholski,53°36'00″N,17°51'00″E,PL.KP.TU,,,,,
SP2,County of Wąbrzeźno,Powiat Wąbrzeski,53°17'00″N,18°57'00″E,PL.KP.WA,,,,,
SP2,Township of Włocławek,Miasto Włocławek,52°39'00″N,19°03'00″E,PL.KP.MW,,,,,
SP2,County of Włocławek,Powiat Włocławski,53°07′00″N,18°00′00″E,PL.KP.WL,,,,,
SP2,County of Żnin,Powiat Żniński,52°51'00″N,17°42'00″E,PL.KP.ZN,,,,,
Province of Pomerania ► Województwo Pomorskie,,,,,,,,,,
SP2,County of Bytów,Powiat Bytowski,54°08'00″N,17°30'00″E,PL.PM.BY,,,,,
SP2,County of Chojnice,Powiat Chojnicki,53°42'00″N,17°33'00″E,PL.PM.CH,,,,,
SP2,County of Człuchów,Powiat Człuchowski,53°39'00″N,17°22'00″E,PL.PM.CZ,,,,,
SP2,Township of Gdańsk,Miasto Gdańsk,54°22'00″N,18°38'00″E,PL.PM.MG,,,,,
SP2,County of Gdańsk,Powiat Gdański,54°10′00″N,19°24′00″E,PL.PM.GD,,,,,
SP2,Township of Gdynia,Miasto Gdynia,54°30'00″N,18°32'00″E,PL.PM.GY,,,,,
SP2,County of Kartuzy,Powiat Kartuski,54°20'00″N,18°12'00″E,PL.PM.KA,,,,,
SP2,County of Kościerzyna,Powiat Kościerski,54°07'00″N,17°59'00″E,PL.PM.KO,,,,,
SP2,County of Kwidzyn,Powiat Kwidzyński,53°44'09″N,18°55'51″E,PL.PM.KW,,,,,
SP2,County of Lębork,Powiat Lęborski,54°32'30″N,17°45'00″E,PL.PM.LE,,,,,
SP2,County of Malbork,Powiat Malborski,54°02'00″N,19°02'00″E,PL.PM.MA,,,,,
SP2,County of Nowy Dwór Gdański,Powiat Nowodworski,54°13'00″N,19°07'00″E,PL.PM.ND,,,,,
SP2,County of Puck,Powiat Pucki,54°42'00″N,18°24'00″E,PL.PM.PU,,,,,
SP2,Township of Słupsk,Miasto Słupsk,54°27'57″N,17°01'45″E,PL.PM.MS,,,,,
SP2,County of Słupsk,Powiat Słupski,54°47'00″N,17°33'00″E,PL.PM.SL,,,,,
SP2,Township of Sopot,Miasto Sopot,54°26'00″N,18°33'00″E,PL.PM.SO,,,,,
SP2,County of Starogard,Powiat Starogardzki,53°58'00″N,18°32'00″E,PL.PM.SG,,,,,
SP2,County of Sztum,Powiat Sztumski,53°55'18″N,19°02'01″E,PL.PM.SZ,,,,,
SP2,County of Tczew,Powiat Tczewski,54°06'00″N,18°43'00″E,PL.PM.TC,,,,,
SP2,County of Wejherowo,Powiat Wejherowski,54°36'00″N,18°15'00″E,PL.PM.WE,,,,,
Province of Lubusz ► Województwo Lubuskie,,,,,,,,,,
SP3,County of Gorzów,Powiat Gorzowski,52°44′00″N,15°15′00″E,PL.LU.GO,,,,,
SP3,Township of Gorzów Wielkopolski,Miasto Gorzów Wielkopolski,52°43'51″N,15°14'17″E,PL.LU.GW,,,,,
SP3,County of Krosno Odrzańskie,Powiat Krośnieński,52°02'00″N,15°06'00″E,PL.LU.KO,,,,,
SP3,County of Międzyrzecz,Powiat Międzyrzecki,52°26'54″N,15°35'18″E,PL.LU.MI,,,,,
SP3,County of Nowa Sól,Powiat Nowosolski,51°48'00″N,15°43'00″E,PL.LU.NS,,,,,
SP3,County of Słubice,Powiat Słubicki,52°21'03″N,14°33'37″E,PL.LU.SL,,,,,
SP3,County of Strzelce-Drezdenko,Powiat Strzelecko-Drezdenecki,52°52'32″N,15°31'55″E,PL.LU.SD,,,,,
SP3,County of Sulęcin,Powiat Sulęciński,52°27'00″N,15°07'00″E,PL.LU.SU,,,,,
SP3,County of Świebodzin,Powiat Świebodziński,52°15'00″N,15°32'00″E,PL.LU.SW,,,,,
SP3,County of Wschowa,Powiat Wschowski,51°48'00″N,16°18'00″E,PL.LU.WS,,,,,
SP3,County of Żagań,Powiat Żagański,51°37'00″N,15°19'00″E,PL.LU.ZA,,,,,
SP3,County of Żary,Powiat Żarski,51°38'00″N,15°08'00″E,PL.LU.ZR,,,,,
SP3,Township of Zielona Góra,Miasto Zielona Góra,51°56'23″N,15°30'18″E,PL.LU.MZ,,,,,
SP3,County of Zielona Góra,Powiat Zielonogórski,52°11′43″N,15°20′51″E,PL.LU.ZG,,,,,
Province of Greater Poland ► Województwo Wielkopolskie,,,,,,,,,,
SP3,County of Chodzież,Powiat Chodzieski,52°59'24″N,16°54'44″E,PL.WP.CH,,,,,
SP3,County of Czarnków-Trzcianka,Powiat Czarnkowsko-Trzcianecki,52°54'16″N,16°33'51″E,PL.WP.CT,,,,,
SP3,County of Gniezno,Powiat Gnieźnieński,52°32'00″N,17°36'00″E,PL.WP.GN,,,,,
SP3,County of Gostyń,Powiat Gostyński,51°52'45″N,17°00'45″E,PL.WP.GO,,,,,
SP3,County of Grodzisk Wielkopolski,Powiat Grodziski,52°14'00″N,16°22'00″E,PL.WP.GR,,,,,
SP3,County of Jarocin,Powiat Jarociński,51°58'00″N,17°30'00″E,PL.WP.JA,,,,,
SP3,Township of Kalisz,Miasto Kalisz,51°45'27″N,18°04'48″E,PL.WP.MK,,,,,
SP3,County of Kalisz,Powiat Kaliski,51°44'00″N,18°05'00″E,PL.WP.KA,,,,,
SP3,County of Kępno,Powiat Kępiński,51°17'00″N,17°59'00″E,PL.WP.KE,,,,,
SP3,County of Koło,Powiat Kolski,52°12'00″N,18°38'00″E,PL.WP.KL,,,,,
SP3,Township of Konin,Miasto Konin,52°13'00″N,18°16'00″E,PL.WP.KO,,,,,
SP3,County of Konin,Powiat Koniński,52°13'45″N,18°16'50″E,PL.WP.KN,,,,,
SP3,County of Kościan,Powiat Kościański,52°05'00″N,16°39'00″E,PL.WP.KS,,,,,
SP3,County of Krotoszyn,Powiat Krotoszyński,51°41'44″N,17°26'13″E,PL.WP.KR,,,,,
SP3,Township of Leszno,Miasto Leszno,51°51'00″N,16°34'00″E,PL.WP.ML,,,,,
SP3,County of Leszno,Powiat Leszczyński,51°51'50″N,16°34'14″E,PL.WP.LE,,,,,
SP3,County of Międzychód,Powiat Międzychodzki,52°36'04″N,15°53'24″E,PL.WP.MI,,,,,
SP3,County of Nowy Tomyśl,Powiat Nowotomyski,52°19'00″N,16°08'00″E,PL.WP.NT,,,,,
SP3,County of Oborniki,Powiat Obornicki,52°39'00″N,16°49'00″E,PL.WP.OB,,,,,
SP3,County of Ostrów Wielkopolski,Powiat Ostrowski,51°39'00″N,17°42'00″E,PL.WP.OS,,,,,
SP3,County of Ostrzeszów,Powiat Ostrzeszowski,51°25'30″N,17°55'47″E,PL.WP.OZ,,,,,
SP3,County of Piła,Powiat Pilski,53°09'00″N,16°44'00″E,PL.WP.PI,,,,,
SP3,County of Pleszew,Powiat Pleszewski,51°53'50″N,17°47'08″E,PL.WP.PL,,,,,
SP3,Township of Poznań,Miasto Poznań,52°24'24″N,16°55'25″E,PL.WP.MP,,,,,
SP3,County of Poznań,Powiat Poznański,52°25'00″N,16°54'00″E,PL.WP.PO,,,,,
SP3,County of Rawicz,Powiat Rawicki,51°36'33″N,16°51'27″E,PL.WP.RA,,,,,
SP3,County of Słupca,Powiat Słupecki,52°18'00″N,17°52'00″E,PL.WP.SL,,,,,
SP3,County of Śrem,Powiat Śremski,52°05'00″N,17°01'00″E,PL.WP.SR,,,,,
SP3,County of Środa Wielkopolska,Powiat Średzki,52°14'00″N,17°17'00″E,PL.WP.SD,,,,,
SP3,County of Szamotuły,Powiat Szamotulski,52°36'00″N,16°35'00″E,PL.WP.SZ,,,,,
SP3,County of Turek,Powiat Turecki,52°00'41″N,18°29'25″E,PL.WP.TU,,,,,
SP3,County of Wągrowiec,Powiat Wągrowiecki,52°48'25″N,17°12'25″E,PL.WP.WA,,,,,
SP3,County of Wolsztyn,Powiat Wolsztyński,52°07'00″N,16°07'00″E,PL.WP.WO,,,,,
SP3,County of Września,Powiat Wrzesiński,52°20'00″N,17°35'00″E,PL.WP.WR,,,,,
SP3,County of Złotów,Powiat Złotowski,53°21'37″N,17°02'27″E,PL.WP.ZL,,,,,
Province of Podlasie ► Województwo Podlaskie,,,,,,,,,,
SP4,County of Augustów,Powiat Augustowski,53°51'00″N,22°58'00″E,PL.PO.AU,,,,,
SP4,Township of Białystok,Miasto Białystok,53°07'00″N,23°10'00″E,PL.PO.MB,,,,,
SP4,County of Białystok,Powiat Białostocki,54°05′00″N,22°56′00″E,PL.PO.BI,,,,,
SP4,County of Bielsk,Powiat Bielski,52°46'06″N,23°11'11″E,PL.PO.BL,,,,,
SP4,County of Grajewo,Powiat Grajewski,53°39'00″N,22°27'00″E,PL.PO.GR,,,,,
SP4,County of Hajnówka,Powiat Hajnowski,52°44'00″N,23°34'00″E,PL.PO.HA,,,,,
SP4,County of Kolno,Powiat Kolneński,53°24'38″N,21°56'02″E,PL.PO.KO,,,,,
SP4,Township of Łomża,Miasto Łomża,53°10'00″N,22°05'00″E,PL.PO.ML,,,,,
SP4,County of Łomża,Powiat Łomżyński,53°51′00″N,22°58′00″E,PL.PO.LO,,,,,
SP4,County of Mońki,Powiat Moniecki,53°24'00″N,22°49'00″E,PL.PO.MO,,,,,
SP4,County of Sejny,Powiat Sejneński,54°07'00″N,23°22'00″E,PL.PO.SE,,,,,
SP4,County of Siemiatycze,Powiat Siemiatycki,52°25'38″N,22°51'45″E,PL.PO.SI,,,,,
SP4,County of Sokółka,Powiat Sokólski,53°24'00″N,23°30'00″E,PL.PO.SO,,,,,
SP4,Township of Suwałki,Miasto Suwałki,54°05'00″N,22°56'00″E,PL.PO.MS,,,,,
SP4,County of Suwałki,Powiat Suwalski,54°05'22″N,22°56'23″E,PL.PO.SU,,,,,
SP4,County of Wysokie Mazowieckie,Powiat Wysokomazowiecki,52°55'09″N,22°30'52″E,PL.PO.WM,,,,,
SP4,County of Zambrów,Powiat Zambrowski,52°59'00″N,22°15'00″E,PL.PO.ZA,,,,,
Province of Warmia-Masuria ► Województwo Warmińsko-Mazurskie,,,,,,,,,,
SP4,County of Bartoszyce,Powiat Bartoszycki,54°15'00″N,20°48'00″E,PL.WM.BA,,,,,
SP4,County of Braniewo,Powiat Braniewski,54°23'00″N,19°50'00″E,PL.WM.BR,,,,,
SP4,County of Działdowo,Powiat Działdowski,53°14'00″N,20°11'00″E,PL.WM.DZ,,,,,
SP4,Township of Elbląg,Miasto Elbląg,54°09'30″N,19°24'10″E,PL.WM.ME,,,,,
SP4,County of Elbląg,Powiat Elbląski,54°10'00″N,19°25'00″E,PL.WM.EL,,,,,
SP4,County of Ełk,Powiat Ełcki,53°49'17″N,22°21'44″E,PL.WM.EK,,,,,
SP4,County of Giżycko,Powiat Giżycki,54°02'24″N,21°45'32″E,PL.WM.GI,,,,,
SP4,County of Gołdap,Powiat Gołdapski,54°18'58″N,22°18'34″E,PL.WM.GO,,,,,
SP4,County of Iława,Powiat Iławski,53°35'47″N,19°33'56″E,PL.WM.IL,,,,,
SP4,County of Kętrzyn,Powiat Kętrzyński,54°05'00″N,21°23'00″E,PL.WM.KE,,,,,
SP4,County of Lidzbark,Powiat Lidzbarski,54°07'00″N,20°35'00″E,PL.WM.LI,,,,,
SP4,County of Mrągowo,Powiat Mrągowski,53°52'00″N,21°18'00″E,PL.WM.MR,,,,,
SP4,County of Nidzica,Powiat Nidzicki,53°21'30″N,20°25'30″E,PL.WM.NI,,,,,
SP4,County of Nowe Miasto,Powiat Nowomiejski,53°25'00″N,19°35'00″E,PL.WM.NM,,,,,
SP4,County of Olecko,Powiat Olecki,54°02'10″N,22°29'53″E,PL.WM.OL,,,,,
SP4,Township of Olsztyn,Miasto Olsztyn,53°47'00″N,20°30'00″E,PL.WM.MO,,,,,
SP4,County of Olsztyn,Powiat Olsztyński,53°47'50″N,20°31'40″E,PL.WM.OT,,,,,
SP4,County of Ostróda,Powiat Ostródzki,53°42'00″N,19°58'00″E,PL.WM.OS,,,,,
SP4,County of Pisz,Powiat Piski,53°37'00″N,21°48'00″E,PL.WM.PI,,,,,
SP4,County of Szczytno,Powiat Szczycieński,53°33'46″N,20°59'07″E,PL.WM.SZ,,,,,
SP4,County of Węgorzewo,Powiat Węgorzewski,54°13'00″N,21°45'00″E,PL.WM.WE,,,,,
Province of Masovia ► Województwo Mazowieckie,,,,,,,,,,
SP5,County of Białobrzegi,Powiat Białobrzeski,51°39'00″N,20°57'00″E,PL.MA.BI,,,,,
SP5,County of Ciechanów,Powiat Ciechanowski,52°52'00″N,20°38'00″E,PL.MA.CI,,,,,
SP5,County of Garwolin,Powiat Garwoliński,51°54'00″N,21°38'00″E,PL.MA.GA,,,,,
SP5,County of Gostynin,Powiat Gostyniński,52°25'00″N,19°28'00″E,PL.MA.GO,,,,,
SP5,County of Grodzisk Mazowiecki,Powiat Grodziski,52°06'18″N,20°37'29″E,PL.MA.GR,,,,,
SP5,County of Grójec,Powiat Grójecki,51°51'56″N,20°52'03″E,PL.MA.GJ,,,,,
SP5,County of Kozienice,Powiat Kozienicki,51°35'00″N,21°34'00″E,PL.MA.KO,,,,,
SP5,County of Legionowo,Powiat Legionowski,52°23'00″N,20°53'00″E,PL.MA.LE,,,,,
SP5,County of Lipsko,Powiat Lipski,51°09'24″N,21°39'27″E,PL.MA.LI,,,,,
SP5,County of Łosice,Powiat Łosicki,52°13'00″N,22°43'00″E,PL.MA.LO,,,,,
SP5,County of Maków,Powiat Makowski,52°52'00″N,21°06'00″E,PL.MA.MA,,,,,
SP5,County of Mińsk,Powiat Miński,52°11'00″N,21°34'00″E,PL.MA.MI,,,,,
SP5,County of Mława,Powiat Mławski,53°07'00″N,20°22'00″E,PL.MA.ML,,,,,
SP5,County of Nowy Dwór Mazowiecki,Powiat Nowodworski,52°26'00″N,20°41'00″E,PL.MA.ND,,,,,
SP5,Township of Ostrołęka,Miasto Ostrołęka,53°04'00″N,21°34'00″E,PL.MA.MS,,,,,
SP5,County of Ostrołęka,Powiat Ostrołęcki,53°05'50″N,21°34'21″E,PL.MA.OS,,,,,
SP5,County of Ostrów Mazowiecka,Powiat Ostrowski,52°48'00″N,21°54'00″E,PL.MA.OM,,,,,
SP5,County of Otwock,Powiat Otwocki,52°07'00″N,21°16'00″E,PL.MA.OT,,,,,
SP5,County of Piaseczno,Powiat Piaseczyński,52°04'00″N,21°01'00″E,PL.MA.PI,,,,,
SP5,Township of Płock,Miasto Płock,52°33'00″N,19°42'00″E,PL.MA.MP,,,,,
SP5,County of Płock,Powiat Płocki,52°34'30″N,19°43'20″E,PL.MA.PL,,,,,
SP5,County of Płońsk,Powiat Płoński,52°38'00″N,20°23'00″E,PL.MA.PN,,,,,
SP5,County of Pruszków,Powiat Pruszkowski,52°10'00″N,20°48'00″E,PL.MA.PR,,,,,
SP5,County of Przasnysz,Powiat Przasnyski,53°01'00″N,20°53'00″E,PL.MA.PZ,,,,,
SP5,County of Przysucha,Powiat Przysuski,51°21'30″N,20°37'42″E,PL.MA.PS,,,,,
SP5,County of Pułtusk,Powiat Pułtuski,52°42'00″N,21°05'00″E,PL.MA.PU,,,,,
SP5,Township of Radom,Miasto Radom,51°24'13″N,21°09'24″E,PL.MA.MR,,,,,
SP5,County of Radom,Powiat Radomski,51°23'10″N,21°10'12″E,PL.MA.RA,,,,,
SP5,Township of Siedlce,Miasto Siedlce,52°09'54″N,22°16'17″E,PL.MA.SD,,,,,
SP5,County of Siedlce,Powiat Siedlecki,52°09'14″N,22°17'37″E,PL.MA.SI,,,,,
SP5,County of Sierpc,Powiat Sierpecki,52°53'00″N,19°40'00″E,PL.MA.SE,,,,,
SP5,County of Sochaczew,Powiat Sochaczewski,52°13'45″N,20°14'19″E,PL.MA.SC,,,,,
SP5,County of Sokołów,Powiat Sokołowski,52°24'24″N,22°14'47″E,PL.MA.SO,,,,,
SP5,County of Szydłowiec,Powiat Szydłowiecki,51°14'00″N,20°51'00″E,PL.MA.SZ,,,,,
SP5,Township of Warsaw,Miasto Warszawa,52°13'56″N,21°00'30″E,PL.MA.WA,,,,,
SP5,County of Warsaw West,Powiat Warszawski Zachodni,52°14'16″N,21°01'13″E,PL.MA.WZ,,,,,
SP5,County of Węgrów,Powiat Węgrowski,52°24'00″N,22°01'00″E,PL.MA.WE,,,,,
SP5,County of Wołomin,Powiat Wołomiński,52°20'20″N,21°14'32″E,PL.MA.WO,,,,,
SP5,County of Wyszków,Powiat Wyszkowski,52°35'36″N,21°27'36″E,PL.MA.WY,,,,,
SP5,County of Żuromin,Powiat Żuromiński,53°04'00″N,19°54'00″E,PL.MA.ZU,,,,,
SP5,County of Zwoleń,Powiat Zwoleński,51°21'25″N,21°35'02″E,PL.MA.ZW,,,,,
SP5,County of Żyrardów,Powiat Żyrardowski,52°02'55″N,20°26'45″E,PL.MA.ZY,,,,,
Province of Lower Silesia ► Województwo Dolnośląskie,,,,,,,,,,
SP6,County of Bolesławiec,Powiat Bolesławiecki,51°16'00″N,15°34'00″E,PL.DS.BO,,,,,
SP6,County of Dzierżoniów,Powiat Dzierżoniowski,50°43'41″N,16°39'04″E,PL.DS.DZ,,,,,
SP6,County of Głogów,Powiat Głogowski,51°39'33″N,16°04'50″E,PL.DS.GL,,,,,
SP6,County of Góra,Powiat Górowski,51°40'00″N,16°33'00″E,PL.DS.GO,,,,,
SP6,County of Jawor,Powiat Jaworski,51°03'00″N,16°11'00″E,PL.DS.JA,,,,,
SP6,Township of Jelenia Góra,Miasto Jelenia Góra,50°54'00″N,15°44'00″E,PL.DS.MJ,,,,,
SP6,County of Jelenia Góra,Powiat Jeleniogórski,50°54'50″N,15°43'20″E,PL.DS.JG,,,,,
SP6,County of Kamienna Góra,Powiat Kamiennogórski,50°49'00″N,16°03'00″E,PL.DS.KG,,,,,
SP6,County of Kłodzko,Powiat Kłodzki,50°26'16″N,16°39'10″E,PL.DS.KL,,,,,
SP6,Township of Legnica,Miasto of Legnica,51°13'00″N,16°10'00″E,PL.DS.ML,,,,,
SP6,County of Legnica,Powiat Legnicki,51°12'27″N,16°10'67″E,PL.DS.LE,,,,,
SP6,County of Lubań,Powiat Lubański,51°07'00″N,15°18'00″E,PL.DS.LU,,,,,
SP6,County of Lubin,Powiat Lubiński,51°24'00″N,16°12'00″E,PL.DS.LB,,,,,
SP6,County of Lwówek Śląski,Powiat Lwówecki,51°07'00″N,15°35'00″E,PL.DS.LW,,,,,
SP6,County of Milicz,Powiat Milicki,51°32'00″N,17°17'00″E,PL.DS.MI,,,,,
SP6,County of Oława,Powiat Oławski,50°56'00″N,17°18'00″E,PL.DS.OL,,,,,
SP6,County of Oleśnica,Powiat Oleśnicki,51°12'00″N,17°23'00″E,PL.DS.OS,,,,,
SP6,County of Polkowice,Powiat Polkowicki,51°30'00″N,16°04'00″E,PL.DS.PO,,,,,
SP6,County of Środa Śląska,Powiat Średzki,51°09'50″N,16°35'42″E,PL.DS.SR,,,,,
SP6,County of Strzelin,Powiat Strzeliński,50°47'00″N,17°04'00″E,PL.DS.ST,,,,,
SP6,County of Świdnica,Powiat Świdnicki,50°50'40″N,16°29'30″E,PL.DS.SW,,,,,
SP6,County of Trzebnica,Powiat Trzebnicki,51°18'18″N,17°03'41″E,PL.DS.TR,,,,,
SP6,County of Wałbrzych,Powiat Wałbrzyski,50°47'00″N,16°17'00″E,PL.DS.WA,,,,,
SP6,County of Wołów,Powiat Wołowski,51°20'29″N,16°37'42″E,PL.DS.WO,,,,,
SP6,Township of Wrocław,Miasto Wrocław,51°06'36″N,17°01'20″E,PL.DS.MW,,,,,
SP6,County of Wrocław,Powiat Wrocławski,51°07'15″N,17°02'10″E,PL.DS.WR,,,,,
SP6,County of Ząbkowice Śląskie,Powiat Ząbkowicki,50°35'00″N,16°49'00″E,PL.DS.ZA,,,,,
SP6,County of Zgorzelec,Powiat Zgorzelecki,51°09'01″N,15°00'31″E,PL.DS.ZG,,,,,
SP6,County of Złotoryja,Powiat Złotoryjski,51°08'00″N,15°55'00″E,PL.DS.ZL,,,,,
Province of Opole ► Województwo Opolskie,,,,,,,,,,
SP6,County of Brzeg,Powiat Brzeski,50°52'00″N,17°29'00″E,PL.OP.BR,,,,,
SP6,County of Głubczyce,Powiat Głubczycki,50°12'00″N,17°50'03″E,PL.OP.GL,,,,,
SP6,County of Kędzierzyn-Koźle,Powiat Kędzierzyńsko-Kozielski,50°21'00″N,18°12'00″E,PL.OP.KK,,,,,
SP6,County of Kluczbork,Powiat Kluczborski,50°59'00″N,18°13'00″E,PL.OP.KL,,,,,
SP6,County of Krapkowice,Powiat Krapkowicki,50°28'00″N,17°58'00″E,PL.OP.KR,,,,,
SP6,County of Namysłów,Powiat Namysłowski,51°04'22″N,17°42'25″E,PL.OP.NA,,,,,
SP6,County of Nysa,Powiat Nyski,50°28'18″N,17°20'03″E,PL.OP.NY,,,,,
SP6,County of Olesno,Powiat Oleski,50°52'38″N,18°25'00″E,PL.OP.OL,,,,,
SP6,Township of Opole,Miasto Opole,50°40'00″N,17°56'00″E,PL.OP.MO,,,,,
SP6,County of Opole,Powiat Opolski,50°40'15″N,17°55'12″E,PL.OP.OP,,,,,
SP6,County of Prudnik,Powiat Prudnicki,50°19'11″N,17°34'45″E,PL.OP.PR,,,,,
SP6,County of Strzelce,Powiat Strzelecki,50°30'40″N,18°18'02″E,PL.OP.ST,,,,,
Province of Łódź ► Województwo Łódzkie,,,,,,,,,,
SP7,County of Bełchatów,Powiat Bełchatowski,51°22'00″N,19°22'00″E,PL.LO.BE,,,,,
SP7,County of Brzeziny,Powiat Brzeziński,51°48'00″N,19°45'00″E,PL.LO.BR,,,,,
SP7,County of Kutno,Powiat Kutnowski,52°14'00″N,19°22'00″E,PL.LO.KU,,,,,
SP7,County of Łask,Powiat Łaski,51°35'23″N,19°07'57″E,PL.LO.LA,,,,,
SP7,County of Łęczyca,Powiat Łęczycki,52°03'00″N,19°12'00″E,PL.LO.LE,,,,,
SP7,Township of Łódź,Miasto Łódź,51°47'00″N,19°28'00″E,PL.LO.LO,,,,,
SP7,County of Łódź East,Powiat Łódzki Wschodni,51°47'25″N,19°28'33″E,PL.LO.LW,,,,,
SP7,County of Łowicz,Powiat Łowicki,52°06'00″N,19°56'00″E,PL.LO.LZ,,,,,
SP7,County of Opoczno,Powiat Opoczyński,51°22'38″N,20°17'13″E,PL.LO.OP,,,,,
SP7,County of Pabianice,Powiat Pabianicki,51°39'00″N,19°23'00″E,PL.LO.PA,,,,,
SP7,County of Pajęczno,Powiat Pajęczański,51°09'00″N,19°00'00″E,PL.LO.PJ,,,,,
SP7,County of Piotrków,Powiat Piotrkowski,51°24'23″N,19°41'45″E,PL.LO.PI,,,,,
SP7,Township of Piotrków Trybunalski,Miasto Piotrków Trybunalski,51°24'00″N,19°41'00″E,PL.LO.PT,,,,,
SP7,County of Poddębice,Powiat Poddębicki,51°54'00″N,18°58'00″E,PL.LO.PO,,,,,
SP7,County of Radomsko,Powiat Radomszczański,51°04'00″N,19°27'00″E,PL.LO.RA,,,,,
SP7,County of Rawa,Powiat Rawski,51°46'00″N,20°15'00″E,PL.LO.RW,,,,,
SP7,County of Sieradz,Powiat Sieradzki,51°36'00″N,18°45'00″E,PL.LO.SI,,,,,
SP7,Township of Skierniewice,Miasto Skierniewice,51°57'10″N,20°08'30″E,PL.LO.MS,,,,,
SP7,County of Skierniewice,Powiat Skierniewicki,51°57'24″N,20°09'35″E,PL.LO.SK,,,,,
SP7,County of Tomaszów Mazowiecki,Powiat Tomaszowski,51°31'00″N,20°01'00″E,PL.LO.TO,,,,,
SP7,County of Wieluń,Powiat Wieluński,51°13'21″N,18°34'26″E,PL.LO.WI,,,,,
SP7,County of Wieruszów,Powiat Wieruszowski,51°18'00″N,18°09'00″E,PL.LO.WS,,,,,
SP7,County of Zduńska Wola,Powiat Zduńskowolski,51°36'00″N,18°58'00″E,PL.LO.ZW,,,,,
SP7,County of Zgierz,Powiat Zgierski,51°51'00″N,19°25'00″E,PL.LO.ZG,,,,,
Province of Holy Cross ► Województwo Świętokrzyskie,,,,,,,,,,
SP7,County of Busko,Powiat Buski,50°28'00″N,20°43'00″E,PL.SK.BU,,,,,
SP7,County of Jędrzejów,Powiat Jędrzejowski,50°38'00″N,20°18'00″E,PL.SK.JE,,,,,
SP7,County of Kazimierza,Powiat Kazimierski,50°16'25″N,20°29'04″E,PL.SK.KA,,,,,
SP7,Township of Kielce,Miasto Kielce,50°53'00″N,20°29'37″E,PL.SK.MK,,,,,
SP7,County of Kielce,Powiat Kielecki,50°53'45″N,20°25'00″E,PL.SK.KI,,,,,
SP7,County of Końskie,Powiat Konecki,51°12'00″N,20°25'00″E,PL.SK.KO,,,,,
SP7,County of Opatów,Powiat Opatowski,50°48'18″N,21°25'29″E,PL.SK.OP,,,,,
SP7,County of Ostrowiec,Powiat Ostrowiecki,50°56'00″N,21°24'00″E,PL.SK.OS,,,,,
SP7,County of Pińczów,Powiat Pińczowski,50°32'00″N,20°32'00″E,PL.SK.PI,,,,,
SP7,County of Sandomierz,Powiat Sandomierski,50°41'00″N,21°45'00″E,PL.SK.SA,,,,,
SP7,County of Skarżysko,Powiat Skarżyski,51°07'00″N,20°51'00″E,PL.SK.SK,,,,,
SP7,County of Starachowice,Powiat Starachowicki,51°03'00″N,21°04'00″E,PL.SK.ST,,,,,
SP7,County of Staszów,Powiat Staszowski,50°33'38″N,21°10'00″E,PL.SK.SW,,,,,
SP7,County of Włoszczowa,Powiat Włoszczowski,50°51'15″N,19°58'01″E,PL.SK.WL,,,,,
Province of Lublin ► Województwo Lubelskie,,,,,,,,,,
SP8,Township of Biała Podlaska,Miasto Biała Podlaska,52°02'00″N,23°07'00″E,PL.LB.MB,,,,,
SP8,County of Biała Podlaska,Powiat Bialski,52°02'43″N,23°08'12″E,PL.LB.BP,,,,,
SP8,County of Biłgoraj,Powiat Biłgorajski,50°33'00″N,22°44'00″E,PL.LB.BI,,,,,
SP8,Township of Chełm,Miasto Chełm,51°09'00″N,23°29'00″E,PL.LB.MC,,,,,
SP8,County of Chełm,Powiat Chełmski,51°09'37″N,23°29'10″E,PL.LB.CH,,,,,
SP8,County of Hrubieszów,Powiat Hrubieszowski,50°49'00″N,23°53'00″E,PL.LB.HR,,,,,
SP8,County of Janów Lubelski,Powiat Janowski,50°42'00″N,22°24'00″E,PL.LB.JA,,,,,
SP8,County of Kraśnik,Powiat Kraśnicki,50°55'00″N,22°13'00″E,PL.LB.KR,,,,,
SP8,County of Krasnystaw,Powiat Krasnostawski,50°59'02″N,23°10'11″E,PL.LB.KS,,,,,
SP8,County of Łęczna,Powiat Łęczyński,51°18'00″N,22°53'00″E,PL.LB.LE,,,,,
SP8,County of Lubartów,Powiat Lubartowski,51°28'00″N,22°36'00″E,PL.LB.LB,,,,,
SP8,Township of Lublin,Miasto Lublin,51°14'53″N,22°34'13″E,PL.LB.ML,,,,,
SP8,County of Lublin,Powiat Lubelski,51°01'00″N,22°32'00″E,PL.LB.LU,,,,,
SP8,County of Łuków,Powiat Łukowski,51°55'38″N,22°23'00″E,PL.LB.LK,,,,,
SP8,County of Opole Lubelskie,Powiat Opolski,51°09'00″N,21°58'00″E,PL.LB.OP,,,,,
SP8,County of Parczew,Powiat Parczewski,51°38'00″N,22°52'00″E,PL.LB.PA,,,,,
SP8,County of Puławy,Powiat Puławski,51°25'00″N,21°58'00″E,PL.LB.PU,,,,,
SP8,County of Radzyń Podlaski,Powiat Radzyński,51°46'58″N,22°37'27″E,PL.LB.RA,,,,,
SP8,County of Ryki,Powiat Rycki,51°37'29″N,21°55'59″E,PL.LB.RY,,,,,
SP8,County of Świdnik,Powiat Świdnicki,51°13'00″N,22°42'00″E,PL.LB.SW,,,,,
SP8,County of Tomaszów Lubelski,Powiat Tomaszowski,50°27'00″N,23°25'00″E,PL.LB.TO,,,,,
SP8,County of Włodawa,Powiat Włodawski,51°33'00″N,23°33'00″E,PL.LB.WL,,,,,
SP8,Township of Zamość,Miasto Zamość,50°43'14″N,23°15'31″E,PL.LB.MZ,,,,,
SP8,County of Zamość,Powiat Zamojski,50°41'00″N,22°58'00″E,PL.LB.ZA,,,,,
Province of Subcarpathia ► Województwo Podkarpackie,,,,,,,,,,
SP8,County of Bieszczady,Powiat Bieszczadzki,49°26'00″N,22°36'00″E,PL.PK.BI,,,,,
SP8,County of Brzozów,Powiat Brzozowski,49°41'43″N,22°01'10″E,PL.PK.BR,,,,,
SP8,County of Dębica,Powiat Dębicki,50°03'05″N,21°24'42″E,PL.PK.DE,,,,,
SP8,County of Jarosław,Powiat Jarosławski,50°01'07″N,22°40'47″E,PL.PK.JA,,,,,
SP8,County of Jasło,Powiat Jasielski,49°44'52″N,21°28'17″E,PL.PK.JS,,,,,
SP8,County of Kolbuszowa,Powiat Kolbuszowski,50°15'00″N,21°46'00″E,PL.PK.KO,,,,,
SP8,Township of Krosno,Miasto Krosno,49°40'56″N,21°45'57″E,PL.PK.MK,,,,,
SP8,County of Krosno,Powiat Krośnieński,49°33'00″N,21°41'00″E,PL.PK.KR,,,,,
SP8,County of Łańcut,Powiat Łańcucki,50°04'00″N,22°14'00″E,PL.PK.LA,,,,,
SP8,County of Lesko,Powiat Leski,49°28'28″N,22°19'44″E,PL.PK.LS,,,,,
SP8,County of Leżajsk,Powiat Leżajski,50°16'00″N,22°26'00″E,PL.PK.LE,,,,,
SP8,County of Lubaczów,Powiat Lubaczowski,50°10'00″N,23°07'00″E,PL.PK.LU,,,,,
SP8,County of Mielec,Powiat Mielecki,50°17'00″N,21°26'00″E,PL.PK.MI,,,,,
SP8,County of Nisko,Powiat Niżański,50°32'00″N,22°08'00″E,PL.PK.NI,,,,,
SP8,Township of Przemyśl,Miasto Przemyśl,49°47'00″N,22°46'00″E,PL.PK.MP,,,,,
SP8,County of Przemyśl,Powiat Przemyski,49°52'00″N,22°45'00″E,PL.PK.PZ,,,,,
SP8,County of Przeworsk,Powiat Przeworski,50°04'00″N,22°30'00″E,PL.PK.PR,,,,,
SP8,County of Ropczyce-Sędziszów,Powiat Ropczycko-Sędziszowski,50°05'00″N,21°38'00″E,PL.PK.RS,,,,,
SP8,Township of Rzeszów,Miasto Rzeszów,50°02'01″N,22°00'17″E,PL.PK.MR,,,,,
SP8,County of Rzeszów,Powiat Rzeszowski,49°49'00″N,22°14'00″E,PL.PK.RZ,,,,,
SP8,County of Sanok,Powiat Sanocki,49°33'00″N,22°13'00″E,PL.PK.SA,,,,,
SP8,County of Stalowa Wola,Powiat Stalowowolski,50°35'00″N,22°03'00″E,PL.PK.SW,,,,,
SP8,County of Strzyżów,Powiat Strzyżowski,49°53'00″N,21°47'00″E,PL.PK.ST,,,,,
SP8,Township of Tarnobrzeg,Miasto Tarnobrzeg,50°35'00″N,21°41'00″E,PL.PK.MT,,,,,
SP8,County of Tarnobrzeg,Powiat Tarnobrzeski,50°18'00″N,21°45'00″E,PL.PK.TA,,,,,
Province of Lesser Poland ► Województwo Małopolskie,,,,,,,,,,
SP9,County of Bochnia,Powiat Bocheński,49°59'00″N,20°26'00″E,PL.MP.BO,,,,,
SP9,County of Brzesko,Powiat Brzeski,49°58'00″N,20°37'00″E,PL.MP.BR,,,,,
SP9,County of Chrzanów,Powiat Chrzanowski,50°08'00″N,19°24'00″E,PL.MP.CH,,,,,
SP9,County of Dąbrowa,Powiat Dąbrowski,50°10'00″N,20°59'00″E,PL.MP.DA,,,,,
SP9,County of Gorlice,Powiat Gorlicki,49°39'00″N,21°10'00″E,PL.MP.GO,,,,,
SP9,Township of Kraków,Miasto Kraków,50°03'41″N,19°56'18″E,PL.MP.MK,,,,,
SP9,County of Kraków,Powiat Krakowski,50°14'27″N,20°04'54″E,PL.MP.KR,,,,,
SP9,County of Limanowa,Powiat Limanowski,49°42'06″N,20°25'32″E,PL.MP.LI,,,,,
SP9,County of Miechów,Powiat Miechowski,50°21'28″N,20°01'57″E,PL.MP.MI,,,,,
SP9,County of Myślenice,Powiat Myślenicki,49°50'00″N,19°56'00″E,PL.MP.MY,,,,,
SP9,Township of Nowy Sącz,Miasto Nowy Sącz,49°37'30″N,20°41'27″E,PL.MP.MN,,,,,
SP9,County of Nowy Sącz,Powiat Nowosądecki,49°37'28″N,20°56'54″E,PL.MP.NS,,,,,
SP9,County of Nowy Targ,Powiat Nowotarski,49°28'00″N,20°01'00″E,PL.MP.NT,,,,,
SP9,County of Olkusz,Powiat Olkuski,50°17'00″N,19°34'00″E,PL.MP.OL,,,,,
SP9,County of Oświęcim,Powiat Oświęcimski,50°03'00″N,19°14'00″E,PL.MP.OS,,,,,
SP9,County of Proszowice,Powiat Proszowicki,50°12'00″N,20°18'00″E,PL.MP.PR,,,,,
SP9,County of Sucha,Powiat Suski,49°44'25″N,19°35'19″E,PL.MP.SU,,,,,
SP9,Township of Tarnów,Miasto Tarnów,50°00'45″N,20°59'19″E,PL.MP.MT,,,,,
SP9,County of Tarnów,Powiat Tarnowski,49°48'00″N,20°58'00″E,PL.MP.TA,,,,,
SP9,County of Tatra,Powiat Tatrzański,49°18'00″N,19°57'00″E,PL.MP.TT,,,,,
SP9,County of Wadowice,Powiat Wadowicki,49°53'00″N,19°30'00″E,PL.MP.WA,,,,,
SP9,County of Wieliczka,Powiat Wielicki,49°59'22″N,20°03'58″E,PL.MP.WI,,,,,
Province of Silesia ► Województwo Śląskie,,,,,,,,,,
SP9,County of Będzin,Powiat Będziński,50°19'26″N,19°07'45″E,PL.SL.BE,,,,,
SP9,County of Bielsko,Powiat Bielski,49°42'58″N,19°01'37″E,PL.SL.BI,,,,,
SP9,Township of Bielsko-Biała,Miasto Bielsko-Biała,49°49'21″N,19°02'40″E,PL.SL.BB,,,,,
SP9,County of Bieruń-Lędziny,Powiat Bieruńsko-Lędziński,50°05'23″N,19°05'34″E,PL.SL.BL,,,,,
SP9,Township of Bytom,Miasto Bytom,50°20'54″N,18°54'56″E,PL.SL.BY,,,,,
SP9,Township of Chorzów,Miasto Chorzów,50°18'00″N,18°57'00″E,PL.SL.CH,,,,,
SP9,County of Cieszyn,Powiat Cieszyński,49°45'00″N,18°38'00″E,PL.SL.CI,,,,,
SP9,Township of Częstochowa,Miasto Częstochowa,50°48'00″N,19°07'00″E,PL.SL.CZ,,,,,
SP9,County of Częstochowa,Powiat Częstochowski,50°55'18″N,19°21'24″E,PL.SL.CE,,,,,
SP9,Township of Dąbrowa Górnicza,Miasto Dąbrowa Górnicza,50°19'00″N,19°16'00″E,PL.SL.DG,,,,,
SP9,Township of Gliwice,Miasto Gliwice,50°17'00″N,18°40'00″E,PL.SL.GL,,,,,
SP9,County of Gliwice,Powiat Gliwicki,50°13'18″N,18°40'14″E,PL.SL.GI,,,,,
SP9,Township of Jastrzębie-Zdrój,Miasto Jastrzębie-Zdrój,49°57'00″N,18°35'00″E,PL.SL.JZ,,,,,
SP9,Township of Jaworzno,Miasto Jaworzno,50°08'00″N,19°16'00″E,PL.SL.JA,,,,,
SP9,Township of Katowice,Miasto Katowice,50°15'00″N,19°00'00″E,PL.SL.KA,,,,,
SP9,County of Kłobuck,Powiat Kłobucki,50°54'18″N,18°56'16″E,PL.SL.KL,,,,,
SP9,County of Lubliniec,Powiat Lubliniecki,50°41'00″N,18°41'00″E,PL.SL.LU,,,,,
SP9,County of Mikołów,Powiat Mikołowski,50°10'00″N,18°54'00″E,PL.SL.MI,,,,,
SP9,Township of Mysłowice,Miasto Mysłowice,50°14'00″N,19°08'00″E,PL.SL.MY,,,,,
SP9,County of Myszków,Powiat Myszkowski,50°34'32″N,19°19'33″E,PL.SL.MS,,,,,
SP9,Township of Piekary Śląskie,Miasto Piekary Śląskie,50°23'00″N,18°57'00″E,PL.SL.PS,,,,,
SP9,County of Pszczyna,Powiat Pszczyński,49°59'00″N,18°57'00″E,PL.SL.PZ,,,,,
SP9,County of Racibórz,Powiat Raciborski,50°05'31″N,18°13'11″E,PL.SL.RA,,,,,
SP9,Township of Ruda Śląska,Miasto Ruda Śląska,50°15'46″N,18°51'13″E,PL.SL.RS,,,,,
SP9,Township of Rybnik,Miasto Rybnik,50°05'00″N,18°33'00″E,PL.SL.RY,,,,,
SP9,County of Rybnik,Powiat Rybnicki,50°09'05″N,18°40'37″E,PL.SL.RB,,,,,
SP9,Township of Siemianowice Śląskie,Miasto Siemianowice Śląskie,50°16'33″N,18°59'09″E,PL.SL.SS,,,,,
SP9,Township of Sosnowiec,Miasto Sosnowiec,50°18'00″N,19°10'00″E,PL.SL.SO,,,,,
SP9,Township of Świętochłowice,Miasto Świętochłowice,50°17'31″N,18°55'04″E,PL.SL.SW,,,,,
SP9,County of Tarnowskie Góry,Powiat Tarnogórski,50°27'00″N,18°52'00″E,PL.SL.TG,,,,,
SP9,Township of Tychy,Miasto Tychy,50°08'00″N,18°59'00″E,PL.SL.TY,,,,,
SP9,County of Wodzisław,Powiat Wodzisławski,50°00'00″N,18°27'00″E,PL.SL.WO,,,,,
SP9,Township of Zabrze,Miasto Zabrze,50°18'00″N,18°47'00″E,PL.SL.ZA,,,,,
SP9,County of Zawiercie,Powiat Zawierciański,50°29'15″N,19°24'59″E,PL.SL.ZW,,,,,
SP9,Township of Żory,Miasto Żory,50°03'00″N,18°42'00″E,PL.SL.ZO,,,,,
SP9,County of Żywiec,Powiat Żywiecki,49°41'21″N,19°12'21″E,PL.SL.ZY,,,,,
Hellenic Republic ► Ελληνική Δημοκρατία,,,,,,,,,,
Periphery of Attica ► Περιφέρεια Αττικής,,,,,,,,,,
Peripheral Unit of Central Athens ► Περιφερειακή Ενότητα Κεντρικού Τομέα Αθηνών,,,,,,,,,,
SV1,County of Athens,Δήμος Αθηναίων,37°58′45″N,23°42′59″E,GR.CA.AT,,,,,
SV1,County of Dafni-Ymittos,Δήμος Δάφνης-Υμηττού,37°57′00″N,23°44′03″E,GR.CA.DY,,,,,
SV1,County of Filadelfeia-Chalkidona,Δήμος Φιλαδελφείας-Χαλκηδόνας,38°02′23″N,23°44′21″E,GR.CA.FC,,,,,
SV1,County of Galatsi,Δήμος Γαλατσίου,38°00′47″N,23°45′18″E,GR.CA.GA,,,,,
SV1,County of Ilioupoli,Δήμος Ηλιούπολης,37°55′54″N,23°45′26″E,GR.CA.IL,,,,,
SV1,County of Kaisariani,Δήμος Καισαριανής,37°58′11″N,23°45′24″E,GR.CA.KA,,,,,
SV1,County of Vyronas,Δήμος Βύρωνος,37°57′41″N,23°45′10″E,GR.CA.VY,,,,,
SV1,County of Zografou,Δήμος Ζωγράφου,37°58′30″N,23°46′27″E,GR.CA.ZO,,,,,
Peripheral Unit of East Attica ► Περιφερειακή Ενότητα Ανατολικής Αττικής,,,,,,,,,,
SV1,County of Acharnes,Δήμος Αχαρνών,38°05′03″N,23°44′00″E,GR.EA.AC,,,,,
SV1,County of Dionysos,Δήμος Διονύσου,38°06′14″N,23°53′09″E,GR.EA.DI,,,,,
SV1,County of Kropia,Δήμος Κρωπίας,37°54′00″N,23°52′20″E,GR.EA.KR,,,,,
SV1,County of Lavreotiki,Δήμος Λαυρεωτικής,37°42′53″N,24°03′25″E,GR.EA.LA,,,,,
SV1,County of Marathonas,Δήμος Μαραθώνος,38°09′18″N, 23°57′39″E,GR.EA.MA,,,,,
SV1,County of Markopoulo Mesogaias,Δήμος Μαρκοπούλου Μεσογαίας ,37°52′59″N,23°55′58″E,GR.EA.MM,,,,,
SV1,County of Oropos,Δήμος Ωρωπoύ,38°18′14″N,23°45′15″E,GR.EA.OR,,,,,
SV1,County of Paiania,Δήμος Παιανίας,37°57′23″N,23°51′10″E,GR.EA.PA,,,,,
SV1,County of Pallini,Δήμος Παλλήνης,38°00′17″N,23°52′54″E,GR.EA.PL,,,,,
SV1,County of Rafina-Pikermi,Δήμος Ραφήνας-Πικερμίου,38°01′17″N,24°00′17″E,GR.EA.RP,,,,,
SV1,County of Saronikos,Δήμος Σαρωνικού,37°50′21″N,23°55′39″E,GR.EA.SR,,,,,
SV1,County of Spata-Artemida,Δήμος Σπάτων-Αρτέμιδος,37°57′44″N,23°54′55″E,GR.EA.SA,,,,,
SV1,County of Vari-Voula-Vouliagmeni,Δήμος Bάρης-Βούλας-Βουλιαγμένης,37°49′32″N,23°48′22″E,GR.EA.VV,,,,,
Peripheral Unit of Islands ► Περιφερειακή Ενότητα Νήσων,,,,,,,,,,
SV8,County of Aegina,Δήμος Αίγινας,37°44′48″N,23°25′36″E,GR.IS.AE,,,,,
SV8,County of Angistri,Δήμος Αγκιστρίου,37°41′47″N,23°21′09″E,GR.IS.AN,,,,,
SV8,County of Hydra,Δήμος Ύδρας ,37°19′43″N,23°28′17″E,GR.IS.HY,,,,,
SV8,County of Kythira,Δήμος Κυθήρων,36°08′58″N,22°59′16″E,GR.IS.KY,,,,,
SV8,County of Poros,Δήμος Πόρου,37°30′03″N,23°27′16″E,GR.IS.PO,,,,,
SV8,County of Salamina,Δήμος Σαλαμίνας,37°57′51″N,23°29′47″E,GR.IS.SA,,,,,
SV8,County of Spetses,Δήμος Σπετσών,37°16′06″N,23°09′15″E,GR.IS.SP,,,,,
SV3,County of Troizinia,Δήμος Τροιζηνίας,37°34′52″N,23°23′24″E,GR.IS.TR,,,,,
Peripheral Unit of North Athens ► Περιφερειακή Ενότητα Βορείου Τομέα Αθηνών,,,,,,,,,,
SV1,County of Agia Paraskevi,Δήμος Αγίας Παρασκευής,38°00′36″N,23°49′21″E,GR.NA.AP,,,,,
SV1,County of Amarousio,Δήμος Αμαρουσίου,38°03′07″N,23°48′18″E,GR.NA.AM,,,,,
SV1,County of Chalandri,Δήμος Χαλανδρίου,38°01′29″N,23°48′16″E,GR.NA.CH,,,,,
SV1,County of Filothei-Psychiko,Δήμος Φιλοθέης-Ψυχικού,38°01′20″N,23°46′35″E,GR.NA.FP,,,,,
SV1,County of Irakleio,Δήμος Ηρακλείου,38°02′50″N,23°46′20″E,GR.NA.IR,,,,,
SV1,County of Kifisia,Δήμος Κηφισίας,38°04′38″N,23°49′18″E,GR.NA.KI,,,,,
SV1,County of Lykovrysi-Pefki,Δήμος Λυκόβρυσης-Πεύκης,38°04′10″N,23°47′22″E,GR.NA.LP,,,,,
SV1,County of Metamorfosi,Δήμος Μεταμόρφωσης,38°03′43″N,23°45′59″E,GR.NA.ME,,,,,
SV1,County of Nea Ionia,Δήμος Νέας Ιωνίας,38°02′26″N,23°45′21″E,GR.NA.NI,,,,,
SV1,County of Papagou-Cholargos,Δήμος Παπάγου-Χολαργού,37°59′21″N,23°47′37″E,GR.NA.PC,,,,,
SV1,County of Penteli,Δήμος Πεντέλης,38°02′50″N,23°51′55″E,GR.NA.PE,,,,,
SV1,County of Vrilissia,Δήμος Βριλησσίων,38°02′02″N,23°49′46″E,GR.NA.VR,,,,,
Peripheral Unit of Piraeus ► Περιφερειακή Ενότητα Πειραιώς,,,,,,,,,,
SV1,County of Keratsini-Drapetsona,Δήμος Κερατσινίου-Δραπετσώνας,37°57′42″N,23°37′16″E,GR.PR.KD,,,,,
SV1,County of Korydallos,Δήμος Κορυδαλλού,37°59′03″N,23°38′58″E,GR.PR.KO,,,,,
SV1,County of Nikaia-Agios Ioannis Rentis,Δήμος Νίκαιας-Άγιου Ιωάννη Ρέντη,37°58′05″N,23°38′36″E,GR.PR.NA,,,,,
SV1,County of Perama,Δήμος Περάματος,37°57′57″N,23°34′20″E,GR.PR.PE,,,,,
SV1,County of Piraeus,Δήμος Πειραιά,37°57′57″N,23°34′20″E,GR.PR.PR,,,,,
Peripheral Unit of South Athens ► Περιφερειακή Ενότητα Νοτίου Τομέα Αθηνών,,,,,,,,,,
SV1,County of Agios Dimitrios,Δήμος Αγίου Δημητρίου,37°56′12″N,23°43′59″E,GR.SA.AD,,,,,
SV1,County of Alimos,Δήμος Αλίμου,37°54′39″N,23°42′38″E,GR.SA.AL,,,,,
SV1,County of Elliniko-Argyroupoli,Δήμος Ελληνικού-Αργυρούπολης,37°53′19″N,23°44′45″E,GR.SA.EA,,,,,
SV1,County of Glyfada,Δήμος Γλυφάδας,37°52′04″N,23°45′24″E,GR.SA.GL,,,,,
SV1,County of Kallithea,Δήμος Καλλιθέας,37°57′19″N,23°42′07″E,GR.SA.KA,,,,,
SV1,County of Moschato-Tavros,Δήμος Μοσχάτου-Ταύρου,37°57′06″N,23°40′51″E,GR.SA.MT,,,,,
SV1,County of Nea Smyrni,Δήμος Νέας Σμύρνης,37°56′32″N,23°42′53″E,GR.SA.NS,,,,,
SV1,County of Palaio Faliro,Δήμος Παλαιού Φαλήρου,37°55′30″N,23°42′08″E,GR.SA.PF,,,,,
Peripheral Unit of West Athens ► Περιφερειακή Ενότητα Δυτικού Τομέα Αθηνών,,,,,,,,,,
SV1,County of Agia Varvara,Δήμος Αγίας Βαρβάρας,37°59′20″N,23°39′30″E,GR.WA.AV,,,,,
SV1,County of Agioi Anargyroi-Kamatero,Δήμος Αγίων Αναργύρων-Καματερού,38°01′41″N,23°43′18″E,GR.WA.AK,,,,,
SV1,County of Aigaleo,Δήμος Αιγάλεω,37°59′25″N,23°41′00″E,GR.WA.AI,,,,,
SV1,County of Chaidari,Δήμος Χαϊδαρίου,38°00′24″N,23°39′22″E,GR.WA.CH,,,,,
SV1,County of Ilio,Δήμος Ίλιον,38°01′42″N,23°41′59″E,GR.WA.IL,,,,,
SV1,County of Peristeri,Δήμος Περιστερίου,38°00′27″N,23°41′29″E,GR.WA.PE,,,,,
SV1,County of Petroupoli,Δήμος Πετρούπολης,38°02′20″N,23°41′16″E,GR.WA.PT,,,,,
Peripheral Unit of West Attica ► Περιφερειακή Ενότητα Δυτικής Αττικής,,,,,,,,,,
SV1,County of Aspropyrgos,Δήμος Ασπροπύργου,38°03′45″N,23°35′19″E,GR.WE.AS,,,,,
SV1,County of Elefsina,Δήμος Ελευσίνας,38°02′35″N,23°32′31″E,GR.WE.EL,,,,,
SV1,County of Fyli,Δήμος Φυλής,38°06′09″N,23°40′09″E,GR.WE.FY,,,,,
SV1,County of Mandra-Eidyllia,Δήμος Μάνδρας-Ειδυλλίας,38°04′29″N,23°29′49″E,GR.WE.ME,,,,,
SV1,County of Megara,Δήμος Μεγαρέων,37°59′41″N,23°20′40″E,GR.WE.MG,,,,,
Periphery of Central Greece ► Περιφέρεια Στερεάς Ελλάδας,,,,,,,,,,
Peripheral Unit of Boeotia ► Περιφερειακή Ενότητα Βοιωτίας,,,,,,,,,,
SV1,County of Aliartos,Δήμος Αλίαρτου,38°22′21″N,23°05′56″E,GR.BO.AL,,,,,
SV1,County of Distomo-Arachova-Antikyra,Δήμος Διστόμου-Αράχοβας-Αντίκυρας,38°25′46″N,22°40′03″E,GR.BO.DA,,,,,
SV1,County of Livadeia,Δήμος Λεβαδέων,38°26′12″N,22°52′29″E,GR.BO.LI,,,,,
SV1,County of Orchomenos,Δήμος Ορχομενού,38°29′35″N,22°58′52″E,GR.BO.OR,,,,,
SV1,County of Tanagra,Δήμος Τανάγρας,38°19′38″N,23°32′12″E,GR.BO.TA,,,,,
SV1,County of Thebes (Thiva),Δήμος Θηβαίων,38°19′11″N,23°19′03″E,GR.BO.TH,,,,,
Peripheral Unit of Euboea ► Περιφερειακή Ενότητα Εύβοιας,,,,,,,,,,
SV8,County of Chalcis (Chalkida),Δήμος Χαλκιδέων,38°27′45″N,23°35′26″E,GR.EU.CH,,,,,
SV8,County of Dirfys-Messapia,Δήμος Διρφύων-Μεσσαπίων,38°34′60″N,23°49′60″E,GR.EU.DM,,,,,
SV8,County of Eretria,Δήμος Ερέτριας,38°23′37″N,23°47′35″E,GR.EU.ER,,,,,
SV8,County of Istiaia-Aidipsos,Δήμος Ιστιαίας-Αιδηψού,38°57′12″N,23°09′03″E,GR.EU.IA,,,,,
SV8,County of Karystos,Δήμος Καρύστου,38°00′55″N,24°25′13″E,GR.EU.KR,,,,,
SV8,County of Kymi-Aliveri,Δήμος Κύμης-Αλιβερίου,38°37′57″N,24°06′13″E,GR.EU.KA,,,,,
SV8,County of Mantoudi-Limni-Agia Anna,Δήμος Μαντουδίου-Λίμνης-Αγίας Άννας,38°47′56″N,23°28′44″E,GR.EU.ML,,,,,
SV8,County of Skyros,Δήμος Σκύρου,38°54′23″N,24°33′51″E,GR.EU.SK,,,,,
Peripheral Unit of Evrytania ► Περιφερειακή Ενότητα Ευρυτανίας,,,,,,,,,,
SV1,County of Agrafa,Δήμος Αγράφων,39°08′19″N,21°38′56″E,GR.ET.AG,,,,,
SV1,County of Karpenisi,Δήμος Καρπενησίου,38°55′02″N,21°47′39″E,GR.ET.KA,,,,,
Peripheral Unit of Phocis ► Περιφερειακή Ενότητα Φωκίδας,,,,,,,,,,
SV1,County of Delphi (Delfoi),Δήμος Δελφών,38°28′58″N,22°29′15″E,GR.PH.DE,,,,,
SV1,County of Dorida,Δήμος Δωρίδος,38°31′40″N,22°12′17″E,GR.PH.DO,,,,,
Peripheral Unit of Phthiotis ► Περιφερειακή Ενότητα Φθιώτιδας,,,,,,,,,,
SV1,County of Amfikleia-Elateia,Δήμος Αμφίκλειας-Ελάτειας,38°38′25″N, 22°35′20″E,GR.PT.AE,,,,,
SV1,County of Domokos,Δήμος Δομοκού,39°07′39″N,22°18′11″E,GR.PT.DO,,,,,
SV1,County of Lamia,Δήμος Λαμιέων,38°53′59″N,22°26′00″E,GR.PT.LA,,,,,
SV1,County of Lokroi,Δήμος Λοκρών,38°23′47″N,21°49′50″E,GR.PT.LO,,,,,
SV1,County of Makrakomi,Δήμος Μακρακώμης,38°56′29″N,22°06′56″E,GR.PT.MA,,,,,
SV1,County of Molos-Agios Konstantinos,Δήμος Μώλου-Αγίου Κωνσταντίνου,38°45′29″N,22°51′30″E,GR.PT.MK,,,,,
SV1,County of Stylida,Δήμος Στυλίδος,38°54′51″N,22°37′09″E,GR.PT.ST,,,,,
Periphery of West Greece ► Περιφέρεια Δυτικής Ελλάδος,,,,,,,,,,
Peripheral Unit of Aetolia-Acarnania ► Περιφερειακή Ενότητα Αιτωλοακαρνανίας,,,,,,,,,,
SV1,County of Agrinio,Δήμος Αγρινίου,38°37′43″N,21°24′44″E,GR.AA.AG,,,,,
SV1,County of Aktio-Vonitsa,Δήμος Ακτίου-Βόνιτσας,38°55′09″N,20°53′20″E,GR.AA.AV,,,,,
SV1,County of Amfilochia,Δήμος Αμφιλοχίας,38°51′48″N,21°10′00″E,GR.AA.AM,,,,,
SV1,County of Messolonghi (Mesolongi),Δήμος Ιεράς Πόλης Μεσολογγίου,38°22′08″N,21°25′50″E,GR.AA.ME,,,,,
SV1,County of Nafpaktia,Δήμος Ναυπακτίας,38°23′41″N,21°50′02″E,GR.AA.NA,,,,,
SV1,County of Thermo,Δήμος Θέρμου,38°34′23″N,21°39′59″E,GR.AA.TH,,,,,
SV1,County of Xiromero,Δήμος Ξηρομέρου,38°32′09″N,21°04′54″E,GR.AA.XI,,,,,
Peripheral Unit of Achaea ► Περιφερειακή Ενότητα Αχαΐας,,,,,,,,,,
SV3,County of Aigialeia,Δήμος Αιγιαλείας,38°12′41″N,21°44′28″E,GR.AC.AI,,,,,
SV3,County of Erymanthos,Δήμος Ερύμανθου,38°13′57″N, 21°44′13″E,GR.AC.ER,,,,,
SV3,County of Kalavryta,Δήμος Καλαβρύτων,38°01′51″N,22°06′38″E,GR.AC.KA,,,,,
SV3,County of Patras (Patra),Δήμος Πατρέων,38°15′16″N,21°44′13″E,GR.AC.PA,,,,,
SV3,County of West Achaea (Dytiki Achaia),Δήμος Δυτικής Αχαΐας,38°07′56″N,21°33′03″E,GR.AC.DA,,,,,
Peripheral Unit of Elis (Ilia) ► Περιφερειακή Ενότητα Ηλείας,,,,,,,,,,
SV3,County of Ancient Olympia (Archaia Olympia),Δήμος Αρχαίας Ολυμπιάς ,37°38′54″N,21°37′38″E,GR.EL.AO,,,,,
SV3,County of Andravida-Kyllini,Δήμος Ανδραβίδας-Κυλλήνης,37°54′24″N,21°16′06″E,GR.EL.AK,,,,,
SV3,County of Andritsaina-Krestena,Δήμος Ανδρίτσαινας-Κρεστένων,37°29′05″N,21°54′15″E,GR.EL.AN,,,,,
SV3,County of Ilida,Δήμος Ήλιδας,37°47′46″N,21°21′02″E,GR.EL.IL,,,,,
SV3,County of Pineios,Δήμος Πηνειού,37°51′39″N,21°12′22″E,GR.EL.PI,,,,,
SV3,County of Pyrgos,Δήμος Πύργου,37°40′21″N,21°26′32″E,GR.EL.PY,,,,,
SV3,County of Zacharo,Δήμος Ζαχάρως,37°29′11″N,21°38′58″E,GR.EL.ZA,,,,,
Periphery of Central Macedonia ► Περιφέρεια Κεντρικής Μακεδονίας,,,,,,,,,,
Peripheral Unit of Chalkidiki ► Περιφερειακή Ενότητα Χαλκιδικής,,,,,,,,,,
SV2,County of Aristotelis,Δήμος Αριστοτέλη,40°23′50″N,23°52′29″E,GR.CD.AR,,,,,
SV2,County of Kassandra,Δήμος Κασσάνδρας,40°02′60″N,23°25′00″E,GR.CD.KA,,,,,
SV2,County of Nea Propontida,Δήμος Νέας Προποντίδας,40°14′20″N,23°16′39″E,GR.CD.NP,,,,,
SV2,County of Polygyros,Δήμος Πολυγύρου,40°22′40″N,23°26′24″E,GR.CD.PO,,,,,
SV2,County of Sithonia,Δήμος Σιθωνίας,40°08′07″N,23°44′49″E,GR.CD.SI,,,,,
Peripheral Unit of Imathia ► Περιφερειακή Ενότητα Ημαθίας,,,,,,,,,,
SV2,County of Alexandreia,Δήμος Αλεξάνδρειας,40°37′43″N,22°27′03″E,GR.IM.AL,,,,,
SV2,County of Naousa,Δήμος Νάουσας, 40°37′50″N,22°04′10″E,GR.IM.NA,,,,,
SV2,County of Veroia,Δήμος Βέροιας,40°31′33″N,22°12′10″E,GR.IM.VE,,,,,
Peripheral Unit of Kilkis ► Περιφερειακή Ενότητα Κιλκίς,,,,,,,,,,
SV2,County of Kilkis,Δήμος Κιλκίς,40°59′37″N,22°52′34″E,GR.KL.KL,,,,,
SV2,County of Paionia,Δήμος Παιονίας,40°59′07″N,22°32′25″E,GR.KL.PA,,,,,
Peripheral Unit of Pella ► Περιφερειακή Ενότητα Πέλλας,,,,,,,,,,
SV2,County of Almopia,Δήμος Αλμωπίας,40°58′31″N,22°03′45″E,GR.PE.AL,,,,,
SV2,County of Edessa,Δήμος Έδεσσας,40°48′08″N,22°03′02″E,GR.PE.ED,,,,,
SV2,County of Pella,Δήμος Πέλλας,40°45′36″N,22°31′32″E,GR.PE.PE,,,,,
SV2,County of Skydra,Δήμος Σκύδρας,40°46′03″N,22°09′13″E,GR.PE.SK,,,,,
Peripheral Unit of Pieria ► Περιφερειακή Ενότητα Πιερίας,,,,,,,,,,
SV2,County of Dio-Olympos,Δήμος Δίου-Ολύμπου,40°16′23″N,22°34′42″E,GR.PI.DO,,,,,
SV2,County of Katerini,Δήμος Κατερίνης,40°16′17″N,22°30′31″E,GR.PI.KA,,,,,
SV2,County of Pydna-Kolindros,Δήμος Πύδνας-Κολινδρού,40°22′00″N,22°34′60″E,GR.PI.PK,,,,,
Peripheral Unit of Serres ► Περιφερειακή Ενότητα Σερρών,,,,,,,,,,
SV2,County of Amfipoli,Δήμος Αμφίπολης,40°49′26″N,23°50′48″E,GR.SE.AM,,,,,
SV2,County of Emmanouil Pappas,Δήμος Εμμανουήλ Παππά,41°05′06″N,23°42′32″E,GR.SE.EP,,,,,
SV2,County of Irakleia,Δήμος Ηράκλειας,41°10′58″N,23°16′55″E,GR.SE.IR,,,,,
SV2,County of Nea Zichni,Δήμος Νέας Ζίχνης,41°05′32″N,23°33′57″E,GR.SE.NZ,,,,,
SV2,County of Serres,Δήμος Σερρών,41°05′17″N,23°32′34″E,GR.SE.SE,,,,,
SV2,County of Sintiki,Δήμος Σιντικής, 41°19′18″N,23°32′29″E,GR.SE.SI,,,,,
SV2,County of Visaltia,Δήμος Βισαλτίας,40°56′24″N,23°24′22″E,GR.SE.VI,,,,,
Peripheral Unit of Thessaloniki ► Περιφερειακή Ενότητα Θεσσαλονίκης,,,,,,,,,,
SV2,County of Ampelokipoi-Menemeni,Δήμος Αμπελοκήπων-Μενεμένης,40°39′31″N,22°54′36″E,GR.TS.AM,,,,,
SV2,County of Chalkidona,Δήμος Χαλκηδόνος,40°43′55″N,22°36′06″E,GR.TS.CH,,,,,
SV2,County of Delta,Δήμος Δέλτα,40°37′39″N,22°43′59″E,GR.TS.DE,,,,,
SV2,County of Kalamaria,Δήμος Καλαμαριάς, 40°35′00″N,22°56′05″E,GR.TS.KA,,,,,
SV2,County of Kordelio-Evosmos,Δήμος Κορδελιού-Εύοσμου,40°36′36″N,22°58′34″E,GR.TS.KE,,,,,
SV2,County of Lagkadas,Δήμος Λαγκαδά,40°44′59″N,23°04′00″E,GR.TS.LA,,,,,
SV2,County of Neapoli-Sykies,Δήμος Νεάπολης-Συκεών,40°39′12″N,22°56′20″E,GR.TS.NS,,,,,
SV2,County of Oraiokastro,Δήμος Ωραιοκάστρου,40°43′48″N,22°55′02″E,GR.TS.OR,,,,,
SV2,County of Pavlos Melas,Δήμος Παύλου Μελά,41°11′54″N,24°42′18″E,GR.TS.PM,,,,,
SV2,County of Pylaia-Chortiatis,Δήμος Πυλαίας-Χορτιάτη,40°35′59″N,22°59′09″E,GR.TS.PC,,,,,
SV2,County of Thermaikos,Δήμος Θερμαϊκού,40°29′31″N,22°54′42″E,GR.TS.TH,,,,,
SV2,County of Thermi,Δήμος Θέρμης,40°29′31″N,22°54′42″E,GR.TS.TE,,,,,
SV2,County of Thessaloniki,Δήμος Θεσσαλονίκης,40°38′21″N,22°56′40″E,GR.TS.TS,,,,,
SV2,County of Volvi,Δήμος Βόλβης,40°37′59″N,23°24′22″E,GR.TS.VO,,,,,
Periphery of West Macedonia ► Περιφέρεια Δυτικής Μακεδονίας,,,,,,,,,,
Peripheral Unit of Florina ► Περιφερειακή Ενότητα Φλώρινας,,,,,,,,,,
SV2,County of Amyntaio,Δήμος Αμύνταιου,40°41′24″N,21°40′43″E,GR.FL.AM,,,,,
SV2,County of Florina,Δήμος Φλώρινας,40°46′56″N,21°24′35″E,GR.FL.FL,,,,,
SV2,County of Prespes,Δήμος Πρεσπών,40°45′49″N,21°08′29″E,GR.FL.PR,,,,,
Peripheral Unit of Grevena ► Περιφερειακή Ενότητα Γρεβενών,,,,,,,,,,
SV2,County of Deskati,Δήμος Δεσκάτης,39°55′35″N,21°48′30″E,GR.GE.DE,,,,,
SV2,County of Grevena,Δήμος Γρεβενών,40°05′00″N,21°25′34″E,GR.GE.GE,,,,,
Peripheral Unit of Kastoria ► Περιφερειακή Ενότητα Καστοριάς,,,,,,,,,,
SV2,County of Kastoria,Δήμος Καστοριάς ,40°31′09″N,21°16′05″E,GR.KS.KS,,,,,
SV2,County of Nestorio,Δήμος Νεστορίου ,40°25′02″N,21°03′25″E,GR.KS.NE,,,,,
SV2,County of Orestida,Δήμος Ορεστίδος,40°23′33″N,21°12′03″E,GR.KS.OR,,,,,
Peripheral Unit of Kozani ► Περιφερειακή Ενότητα Κοζάνης,,,,,,,,,,
SV2,County of Eordaia,Δήμος Εορδαίας,40°30′41″N,21°40′45″E,GR.KZ.EO,,,,,
SV2,County of Kozani,Δήμος Κοζάνης,40°18′03″N,21°47′09″E,GR.KZ.KZ,,,,,
SV2,County of Servia-Velventos,Δήμος Ζερβιών-Βελβεντού,40°15′22″N,22°04′18″E,GR.KZ.SV,,,,,
SV2,County of Voio,Δήμος Βοϊου,40°21′18″N,21°32′48″E,GR.KZ.VO,,,,,
Periphery of Peloponnese ► Περιφέρεια Πελοποννήσου,,,,,,,,,,
Peripheral Unit of Arcadia ► Περιφερειακή Ενότητα Αρκαδίας,,,,,,,,,,
SV3,County of Gortynia,Δήμος Γορτυνίας,37°35′45″N,22°02′21″E,GR.AR.GO,,,,,
SV3,County of Megalopoli,Δήμος Μεγαλόπολης,37°24′08″N,22°08′12″E,GR.AR.ME,,,,,
SV3,County of North Kynouria (Voreia Kynouria),Δήμος Βόρειας Κυνουρίας,37°22′02″N,22°40′03″E,GR.AR.VK,,,,,
SV3,County of South Kynouria (Notia Kynouria),Δήμος Νότιας Κυνουρίας,37°10′03″N,22°51′43″E,GR.AR.NK,,,,,
SV3,County of Tripoli,Δήμος Τρίπολης,37°30′35″N,22°22′22″E,GR.AR.TR,,,,,
Peripheral Unit of Argolis ► Περιφερειακή Ενότητα Αργολίδας,,,,,,,,,,
SV3,County of Argos-Mykines,Δήμος Άργους-Μυκηνών,37°38′09″N,22°43′46″E,GR.AG.AM,,,,,
SV3,County of Epidaurus (Epidavros),Δήμος Επιδαύρου,37°37′59″N,23°09′36″E,GR.AG.EP,,,,,
SV3,County of Ermionida,Δήμος Ερμιονίδας,37°37′59″N,23°09′36″E,GR.AG.ER,,,,,
SV3,County of Nafplion (Nafplio),Δήμος Ναυπλιέων,37°34′05″N,22°48′31″E,GR.AG.NA,,,,,
Peripheral Unit of Corinthia (Korinthía) ► Περιφερειακή Ενότητα Κορινθίας,,,,,,,,,,
SV3,County of Corinth (Korinthos),Δήμος Κορινθίων ,37°56′18″N,22°55′55″E,GR.CT.CO,,,,,
SV3,County of Loutraki-Agioi Theodoroi,Δήμος Λουτρακίου-Αγίων Θεοδώρων,37°58′32″N,22°58′38″E,GR.CT.LA,,,,,
SV3,County of Nemea,Δήμος Νεμέας,37°49′14″N,22°39′45″E,GR.CT.NE,,,,,
SV3,County of Sikyona,Δήμος Σικυωνίων,38°00′37″N,22°44′38″E,GR.CT.SI,,,,,
SV3,County of Velo-Vocha,Δήμος Βέλου-Βόχας,37°58′59″N,22°45′57″E,GR.CT.VV,,,,,
SV3,County of Xylokastro-Evrostina,Δήμος Ξυλοκάστρου-Ευρωστίνης,38°04′36″N,22°38′09″E,GR.CT.XE,,,,,
Peripheral Unit of Laconia ► Περιφερειακή Ενότητα Λακωνίας,,,,,,,,,,
SV3,County of East Mani (Anatoliki Mani),Δήμος Ανατολικής Μάνης,36°45′34″N,22°33′58″E,GR.LA.AM,,,,,
SV3,County of Elafonisos,Δήμος Ελαφονήσου,36°30′32″N,22°58′44″E,GR.LA.EL,,,,,
SV3,County of Evrotas,Δήμος Ευρώτα,36°30′54″N,23°03′29″E,GR.LA.EV,,,,,
SV3,County of Monemvasia,Δήμος Μονεμβασιάς,36°41′12″N,23°03′17″E,GR.LA.MO,,,,,
SV3,County of Sparti,Δήμος Σπάρτης ,37°04′27″N,22°25′57″E,GR.LA.SP,,,,,
Peripheral Unit of Messenia ► Περιφερειακή Ενότητα Μεσσηνίας,,,,,,,,,,
SV3,County of Kalamata,Δήμος Καλαμάτας,37°01′38″N,22°06′32″E,GR.ME.KA,,,,,
SV3,County of Messene (Messini),Δήμος Μεσσήνης,37°06′14″N,22°02′27″E,GR.ME.MS,,,,,
SV3,County of Oichalia,Δήμος Οιχαλίας,37°15′16″N,21°59′55″E,GR.ME.OI,,,,,
SV3,County of Pylos-Nestoras,Δήμος Πύλου-Νέστορος,36°54′49″N,21°41′47″E,GR.ME.PN,,,,,
SV3,County of Trifylia,Δήμος Τριφυλίας,37°15′04″N,21°40′07″E,GR.ME.TR,,,,,
SV3,County of West Mani (Dytiki Mani),Δήμος Δυτικής Μάνης,36°57′58″N,22°08′34″E,GR.ME.DM,,,,,
Periphery of Thessaly ► Περιφέρεια Θεσσαλίας,,,,,,,,,,
Peripheral Unit of Karditsa ► Περιφερειακή Ενότητα Καρδίτσας,,,,,,,,,,
SV4,County of Argithea,Δήμος Αργιθέας,39°21′27″N,21°32′18″E,GR.KD.AR,,,,,
SV4,County of Karditsa,Δήμος Καρδίτσας,39°21′56″N,21°55′36″E,GR.KD.KD,,,,,
SV4,County of Lake Plastiras (Limni Plastiras),Δήμος Λίμνης Πλαστήρα,39°21′10″N,21°45′00″E,GR.KD.LP,,,,,
SV4,County of Mouzaki,Δήμος Μουζακίου ,39°25′40″N,21°39′49″E,GR.KD.MO,,,,,
SV4,County of Palamas,Δήμος Παλαμά,39°31′06″N,21°57′51″E,GR.KD.PA,,,,,
SV4,County of Sofades,Δήμος Σοφάδων,39°20′02″N,22°05′55″E,GR.KD.SO,,,,,
Peripheral Unit of Larissa ► Περιφερειακή Ενότητα Λάρισας,,,,,,,,,,
SV4,County of Agia,Δήμος Αγιάς,39°43′08″N,22°45′19″E,GR.LR.AG,,,,,
SV4,County of Elassona,Δήμος Ελασσόνας,39°53′40″N,22°11′18″E,GR.LR.EL,,,,,
SV4,County of Farsala,Δήμος Φαρσάλων,39°17′38″N,22°23′04″E,GR.LR.FA,,,,,
SV4,County of Kileler,Δήμος Κιλελέρ,39°30′20″N,22°38′23″E,GR.LR.KI,,,,,
SV4,County of Larissa (Larisa),Δήμος Λαρισαίων,39°37′55″N,22°25′11″E,GR.LR.LR,,,,,
SV4,County of Tempi,Δήμος Τεμπών,39°51′32″N,22°31′48″E,GR.LR.TE,,,,,
SV4,County of Tyrnavos,Δήμος Τυρνάβου,39°44′19″N,22°17′17″E,GR.LR.TY,,,,,
Peripheral Unit of Magnesia ► Περιφερειακή Ενότητα Μαγνησίας,,,,,,,,,,
SV4,County of Almyros,Δήμος Αλμυρού,39°10′57″N,22°45′33″E,GR.MA.AL,,,,,
SV4,County of Rigas Feraios,Δήμος Ρήγα Φεραίου,39°23′01″N,22°44′47″E,GR.MA.RF,,,,,
SV4,County of South Pelion (Notio Pilio),Δήμος Νότιου Πηλίου,39°23′01″N,22°44′47″E,GR.MA.NP,,,,,
SV4,County of Volos,Δήμος Βόλου,39°21′52″N,22°55′59″E,GR.MA.VO,,,,,
SV4,County of Zagora-Mouresi,Δήμος Ζαγοράς-Μουρεσίου,39°26′30″N,23°06′16″E,GR.MA.ZM,,,,,
Peripheral Unit of the Sporades ► Περιφερειακή Ενότητα Σποράδων,,,,,,,,,,
SV8,County of Alonissos (Alonnisos),Δήμος Αλλοννήσου,39°08′56″N,23°50′39″E,GR.SP.AL,,,,,
SV8,County of Skiathos,Δήμος Σκιάθου,39°09′22″N,23°26′30″E,GR.SP.SK,,,,,
SV8,County of Skopelos,Δήμος Σκοπέλου,39°07′30″N,23°40′47″E,GR.SP.SL,,,,,
Peripheral Unit of Trikala ► Περιφερειακή Ενότητα Τρικάλων,,,,,,,,,,
SV4,County of Farkadona,Δήμος Φαρκαδόνας,41°19′18″N,23°32′29″E,GR.TR.FA,,,,,
SV4,County of Kalampaka,Δήμος Καλαμπάκας,39°42′23″N,21°37′43″E,GR.TR.KA,,,,,
SV4,County of Pyli,Δήμος Πύλης,39°27′31″N,21°37′13″E,GR.TR.PY,,,,,
SV4,County of Trikala,Δήμος Τρικκαίων,39°33′41″N,21°45′35″E,GR.TR.TR,,,,,
South Aegean Periphery ► Περιφέρεια Νοτίου Αιγαίου,,,,,,,,,,
Peripheral Unit of Kalymnos ► Περιφερειακή Ενότητα Καλύμνου,,,,,,,,,,
SV5,County of Agathonisi,Δήμος Αγαθονησίου,37°27′48″N,26°58′02″E,GR.KA.AG,,,,,
SV5,County of Astypalaia,Δήμος Αστυπάλαιας,36°32′49″N,26°21′05″E,GR.KA.AS,,,,,
SV5,County of Kalymnos,Δήμος Καλυμνίων,36°56′59″N,26°59′02″E,GR.KA.KA,,,,,
SV5,County of Leipsoi,Δήμος Λειψών ,37°17′47″N,26°46′17″E,GR.KA.LE,,,,,
SV5,County of Leros,Δήμος Λέρου,37°10′12″N,26°47′27″E,GR.KA.LR,,,,,
SV5,County of Patmos,Δήμος Πάτμου,37°18′32″N,26°32′51″E,GR.KA.PA,,,,,
Peripheral Unit of Karpathos ► Περιφερειακή Ενότητα Καρπάθου,,,,,,,,,,
SV5,County of Karpathos,Δήμος Καρπάθου,35°30′24″N,27°12′47″E,GR.KP.KP,,,,,
SV5,County of Kasos,Δήμος Κάσου ,35°23′60″N,26°55′00″E,GR.KP.KA,,,,,
Peripheral Unit of Kos ► Περιφερειακή Ενότητα Κω,,,,,,,,,,
SV5,County of Kos,Δήμος Κω,36°53′28″N,27°17′00″E,GR.KO.KO,,,,,
SV5,County of Nisyros,Δήμος Νισύρου,36°35′43″N,27°09′42″E,GR.KO.NI,,,,,
Peripheral Unit of Rhodes ► Περιφερειακή Ενότητα Ρόδου,,,,,,,,,,
SV5,County of Chalki,Δήμος Χάλκης,36°13′20″N,27°36′41″E,GR.RH.CH,,,,,
SV5,County of Kastelorizo (Megisti),Δήμος Μεγίστης,36°08′16″N,29°34′59″E,GR.RH.KA,,,,,
SV5,County of Rhodes (Rodos),Δήμος Ρόδου ,36°26′35″N,28°13′37″E,GR.RH.RH,,,,,
SV5,County of Symi,Δήμος Σύμης ,36°36′46″N,27°50′15″E,GR.RH.SY,,,,,
SV5,County of Tilos,Δήμος Τήλου,36°25′60″N,27°22′00″E,GR.RH.TI,,,,,
Peripheral Unit of Andros ► Περιφερειακή Ενότητα Άνδρου,,,,,,,,,,
SV8,County of Andros,Δήμος Άνδρου,37°50′13″N,24°56′12″E,GR.AN.AN,,,,,
Peripheral Unit of Kea-Kythnos ► Περιφερειακή Ενότητα Κέας-Κύθνου,,,,,,,,,,
SV8,County of Kea,Δήμος Κέας,37°37′23″N,24°20′21″E,GR.KK.KE,,,,,
SV8,County of Kythnos,Δήμος Κύθνου,37°24′44″N,24°25′47″E,GR.KK.KY,,,,,
Peripheral Unit of Milos ► Περιφερειακή Ενότητα Μήλου,,,,,,,,,,
SV8,County of Kimolos,Δήμος Κιμώλου,36°47′30″N,24°34′30″E,GR.MI.KI,,,,,
SV8,County of Milos,Δήμος Μήλου,36°44′38″N,24°25′23″E,GR.MI.MI,,,,,
SV8,County of Serifos,Δήμος Σέριφου,37°09′22″N,24°30′20″E,GR.MI.SE,,,,,
SV8,County of Sifnos,Δήμος Σίφνου,36°58′60″N,24°40′00″E,GR.MI.SF,,,,,
Peripheral Unit of Mykonos ► Περιφερειακή Ενότητα Μυκόνου,,,,,,,,,,
SV8,County of Mykonos,Δήμος Μυκόνου,37°26′47″N,25°19′42″E,GR.MY.MY,,,,,
Peripheral Unit of Naxos ► Περιφερειακή Ενότητα Νάξου,,,,,,,,,,
SV8,County of Amorgos,Δήμος Αμοργού,36°49′55″N,25°53′52″E,GR.NX.AM,,,,,
SV8,County of Naxos and Lesser Cyclades (Naxos & Mikres Kyklades),Δήμος Νάξου-Μικρών Κυκλάδων,37°06′24″N,25°22′32″E,GR.NX.NK,,,,,
Peripheral Unit of Paros ► Περιφερειακή Ενότητα Πάρου,,,,,,,,,,
SV8,County of Antiparos,Δήμος Αντίπαρου,37°02′25″N,25°04′59″E,GR.PA.AN,,,,,
SV8,County of Paros,Δήμος Πάρου,37°05′09″N,25°09′02″E,GR.PA.PA,,,,,
Peripheral Unit of Syros ► Περιφερειακή Ενότητα Σύρου,,,,,,,,,,
SV8,County of Syros-Ermoupoli,Δήμος Σύρου-Ερμούπολης,37°25′24″N,24°54′57″E,GR.SY.SE,,,,,
Peripheral Unit of of Thira (Santorini) ► Περιφερειακή Ενότητα Θήρας,,,,,,,,,,
SV8,County of Anafi,Δήμος Ανάφης,36°21′04″N,25°46′04″E,GR.TA.AN,,,,,
SV8,County of Folegandros,Δήμος Φολεγάνδρου,36°37′43″N,24°55′12″E,GR.TA.FO,,,,,
SV8,County of Ios,Δήμος Ιητών,36°43′24″N,25°16′55″E,GR.TA.IO,,,,,
SV8,County of Santorini (Thira),Δήμος Θήρας,36°25′05″N,25°25′52″E,GR.TA.SA,,,,,
SV8,County of Sikinos,Δήμος Σίκινου,36°41′38″N,25°06′59″E,GR.TA.SI,,,,,
Peripheral Unit of of Tinos ► Περιφερειακή Ενότητα Τήνου,,,,,,,,,,
SV8,County of Tinos,Δήμος Τήνου,37°32′16″N,25°09′40″E,GR.TI.TI,,,,,
Periphery of Epirus ► Περιφέρεια Ηπείρου,,,,,,,,,,
Peripheral Unit of Arta ► Περιφερειακή Ενότητα Άρτας,,,,,,,,,,
SV6,County of Arta,Δήμος Αρταίων,39°09′20″N,20°58′48″E,GR.AT.AT,,,,,
SV6,County of Central Tzoumerka (Kentrika Tzoumerka),Δήμος Κεντρικών Τζουμέρκων,39°34′47″N,21°02′02″E,GR.AT.KT,,,,,
SV6,County of Georgios Karaiskakis,Δήμος Γεωργίου Καραϊσκάκη,39°15′18″N,21°12′40″E,GR.AT.GK,,,,,
SV6,County of Nikolaos Skoufas,Δήμος Νικολάου Σκουφά,39°04′05″N,21°00′36″E,GR.AT.NS,,,,,
Peripheral Unit of Ioannina ► Περιφερειακή Ενότητα Ιωαννίνων,,,,,,,,,,
SV6,County of Dodoni,Δήμος Δωδώνης,39°32′38″N,20°46′24″E,GR.IO.DO,,,,,
SV6,County of Ioannina,Δήμος Ιωαννιτών ,39°40′28″N,20°50′24″E,GR.IO.IO,,,,,
SV6,County of Konitsa,Δήμος Κόνιτσας,40°02′43″N,20°44′56″E,GR.IO.KO,,,,,
SV6,County of Metsovo,Δήμος Μετσόβου ,39°46′12″N,21°10′57″E,GR.IO.ME,,,,,
SV6,County of North Tzoumerka (Voreia Tzoumerka),Δήμος Βορείων Τζουμερκών,39°28′56″N,20°58′28″E,GR.IO.VT,,,,,
SV6,County of Pogoni,Δήμος Πωγωνίου,39°49′37″N,20°33′26″E,GR.IO.PO,,,,,
SV6,County of Zagori,Δήμος Ζαγορίου,39°40′20″N,20°50′42″E,GR.IO.ZA,,,,,
SV6,County of Zitsa,Δήμος Ζίτσας,39°45′13″N,20°38′56″E,GR.IO.ZI,,,,,
Peripheral Unit of Preveza ► Περιφερειακή Ενότητα Πρεβέζης,,,,,,,,,,
SV6,County of Parga,Δήμος Πάργας,39°17′06″N,20°23′57″E,GR.PV.PA,,,,,
SV6,County of Preveza,Δήμος Πρέβεζας,38°57′39″N,20°45′01″E,GR.PV.PV,,,,,
SV6,County of Ziros,Δήμος Ζηρού,39°12′14″N,20°52′52″E,GR.PV.ZI,,,,,
Peripheral Unit of Thesprotia ► Περιφερειακή Ενότητα Θεσπρωτίας,,,,,,,,,,
SV6,County of Filiates,Δήμος Φιλιατών,39°37′24″N,20°11′38″E,GR.TP.FI,,,,,
SV6,County of Igoumenitsa,Δήμος Ηγουμενίτσας,39°30′22″N,20°15′55″E,GR.TP.IG,,,,,
SV6,County of Souli,Δήμος Σουλίου,39°22′00″N,20°37′60″E,GR.TP.SO,,,,,
Periphery of East Macedonia and Thrace ► Περιφέρεια Ανατολικής Μακεδονίας και Θράκης,,,,,,,,,,
Peripheral Unit of Drama ► Περιφερειακή Ενότητα Δράμας,,,,,,,,,,
SV7,County of Doxato,Δήμος Δοξάτου,41°05′33″N,24°13′51″E,GR.DR.DO,,,,,
SV7,County of Drama,Δήμος Δράμας,41°09′01″N,24°09′08″E,GR.DR.DR,,,,,
SV7,County of Kato Nevrokopi,Δήμος Κάτω Νευροκοπίου,41°20′38″N,23°51′59″E,GR.DR.KN,,,,,
SV7,County of Paranesti,Δήμος Παρανεστίου,41°16′00″N,24°30′05″E,GR.DR.PA,,,,,
SV7,County of Prosotsani,Δήμος Προσοτσάνης,41°10′43″N,23°58′19″E,GR.DR.PR,,,,,
Peripheral Unit of Evros ► Περιφερειακή Ενότητα Έβρου,,,,,,,,,,
SV7,County of Alexandroupoli,Δήμος Αλεξανδρούπολης,40°50′55″N,25°52′23″E,GR.EV.AL,,,,,
SV7,County of Didymoteicho,Δήμος Διδυμοτείχου ,41°20′52″N,26°29′35″E,GR.EV.DI,,,,,
SV7,County of Orestiada,Δήμος Ορεστιάδας ,41°30′25″N,26°31′53″E,GR.EV.OR,,,,,
SV8,County of Samothrace (Samothraki),Δήμος Σαμοθράκης ,40°26′51″N,25°35′30″E,GR.EV.SA,,,,,
SV7,County of Soufli,Δήμος Σουφλίου,41°11′34″N,26°18′01″E,GR.EV.SO,,,,,
Peripheral Unit of Kavala ► Περιφερειακή Ενότητα Καβάλας,,,,,,,,,,
SV7,County of Kavala,Δήμος Καβάλας,40°56′11″N,24°24′34″E,GR.KV.KV,,,,,
SV7,County of Nestos,Δήμος Νέστου,40°51′32″N,24°42′19″E,GR.KV.NE,,,,,
SV7,County of Pangaio,Δήμος Παγγαίου,40°51′02″N,24°15′25″E,GR.KV.PA,,,,,
Peripheral Unit of Rhodope ► Περιφερειακή Ενότητα Ροδόπης,,,,,,,,,,
SV7,County of Arriana,Δήμος Αρριανών,41°04′53″N,25°41′43″E,GR.RD.AR,,,,,
SV7,County of Iasmos,Δήμος Ιάσμου,41°07′39″N,25°11′04″E,GR.RD.IA,,,,,
SV7,County of Komotini,Δήμος Κομοτηνής,41°07′07″N,25°24′19″E,GR.RD.KO,,,,,
SV7,County of Maroneia-Sapes,Δήμος Μαρωνείας-Σαπών,40°54′25″N,25°31′07″E,GR.RD.MS,,,,,
Peripheral Unit of Thasos ► Περιφερειακή Ενότητα Θάσου,,,,,,,,,,
SV8,County of Thasos,Δήμος Θάσου,40°46′43″N,24°42′38″E,GR.TH.TH,,,,,
Peripheral Unit of Xanthi ► Περιφερειακή Ενότητα Ξάνθης,,,,,,,,,,
SV7,County of Abdera (Avdira),Δήμος Αβδήρων,40°58′54″N,24°57′03″E,GR.XA.AD,,,,,
SV7,County of Myki,Δήμος Μύκης,41°14′36″N,24°55′17″E,GR.XA.MY,,,,,
SV7,County of Topeiros,Δήμος Τοπείρου ,41°00′56″N,24°47′07″E,GR.XA.TO,,,,,
SV7,County of Xanthi,Δήμος Ξάνθης ,41°08′09″N,24°53′02″E,GR.XA.XA,,,,,
Periphery of the Ionian Islands ► Περιφέρεια Ιονίων Νήσων,,,,,,,,,,
Peripheral Unit of Corfu ► Περιφερειακή Ενότητα Κέρκυρας,,,,,,,,,,
SV8,County of Corfu (Kerkyra),Δήμος Κέρκυρας,39°37′09″N,19°55′10″E,GR.CO.CO,,,,,
SV8,County of Paxoi,Δήμος Παξών ,39°11′51″N,20°10′12″E,GR.CO.PA,,,,,
Peripheral Unit of Ithaca ► Περιφερειακή Ενότητα Ιθάκης,,,,,,,,,,
SV8,County of Ithaca,Δήμος Ιθάκης,38°21′47″N,20°43′04″E,GR.IT.IT,,,,,
Peripheral Unit of Kefalonia ► Περιφερειακή Ενότητα Κεφαλληνίας,,,,,,,,,,
SV8,County of Kefalonia,Δήμος Κεφαλονιάς,38°10′31″N,20°34′09″E,GR.KF.KF,,,,,
Peripheral Unit of Lefkada ► Περιφερειακή Ενότητα Λευκάδας,,,,,,,,,,
SV8,County of Lefkada,Δήμος Λευκάδος ,38°50′00″N,20°42′26″E,GR.LF.LF,,,,,
SV8,County of Meganisi,Δήμος Μεγανησίου,38°39′02″N,20°45′14″E,GR.LF.ME,,,,,
Peripheral Unit of Zakynthos ► Περιφερειακή Ενότητα Ζακύνθου,,,,,,,,,,
SV8,County of Zakynthos,Δήμος Ζακύνθου,37°46′57″N,20°53′50″E,GR.ZA.ZA,,,,,
North Aegean Periphery ► Περιφέρεια Βορείου Αιγαίου,,,,,,,,,,
Peripheral Unit of Chios ► Περιφερειακή Ενότητα Χίου,,,,,,,,,,
SV8,County of Chios,Δήμος Χίου,38°21′49″N,26°08′14″E,GR.CS.CS,,,,,
SV8,County of Oinousses,Δήμος Οινουσσών,38°30′54″N,26°13′21″E,GR.CS.OI,,,,,
SV8,County of Psara,Δήμος Ψαρών,38°32′33″N,25°33′49″E,GR.CS.PS,,,,,
Peripheral Unit of Ikaria ► Περιφερειακή Ενότητα Ικαρίας,,,,,,,,,,
SV8,County of Fournoi Korseon,Δήμος Φούρνων Κορσεών,37°34′36″N,26°28′58″E,GR.IK.FK,,,,,
SV8,County of Ikaria,Δήμος Ικαρίας,37°35′48″N,26°06′44″E,GR.IK.IK,,,,,
Peripheral Unit of Lemnos ► Περιφερειακή Ενότητα Λήμνου,,,,,,,,,,
SV8,County of Agios Efstratios,Δήμος Αγίου Ευστρατίου ,39°32′17″N,24°59′25″E,GR.LE.AE,,,,,
SV8,County of Lemnos,Δήμος Λήμνου,39°55′11″N,25°08′29″E,GR.LE.LE,,,,,
Peripheral Unit of Lesbos ► Περιφερειακή Ενότητα Λέσβου,,,,,,,,,,
SV8,County of Lesbos,Δήμος Λέσβου,39°13′56″N,26°05′19″E,GR.LB.LB,,,,,
Peripheral Unit of Samos ► Περιφερειακή Ενότητα Σάμου,,,,,,,,,,
SV8,County of Samos,Δήμος Σάμου,37°44′35″N,26°49′13″E,GR.SM.SM,,,,,
Periphery of Crete ► Περιφέρεια Κρήτης,,,,,,,,,,
Peripheral Unit of Chania ► Περιφερειακή Ενότητα Χανίων,,,,,,,,,,
SV9,County of Apokoronas,Δήμος Αποκορώνου,35°25′46″N,24°09′29″E,GR.CH.AP,,,,,
SV9,County of Chania,Δήμος Χανίων,35°30′58″N,24°01′07″E,GR.CH.CH,,,,,
SV9,County of Gavdos,Δήμος Γαύδου,34°50′46″N,24°05′04″E,GR.CH.GA,,,,,
SV9,County of Kantanos-Selino,Δήμος Καντάνου-Σελίνου,35°19′39″N,23°44′31″E,GR.CH.KS,,,,,
SV9,County of Kissamos,Δήμος Κισσάμου,35°29′38″N,23°39′20″E,GR.CH.KI,,,,,
SV9,County of Platanias,Δήμος Πλατανιά,35°31′01″N,23°54′29″E,GR.CH.PL,,,,,
SV9,County of Sfakia,Δήμος Σφακίων,35°12′02″N,24°08′15″E,GR.CH.SF,,,,,
Peripheral Unit of Heraklion ► Περιφερειακή Ενότητα Ηρακλείου,,,,,,,,,,
SV9,County of Archanes-Asterousia,Δήμος Αρχανών-Αστερουσίων,35°14′02″N,25°09′41″E,GR.HE.AA,,,,,
SV9,County of Faistos,Δήμος Φαιστού,35°07′50″N,24°54′16″E,GR.HE.FA,,,,,
SV9,County of Gortyna,Δήμος Γόρτυνας,35°03′43″N,24°56′49″E,GR.HE.GO,,,,,
SV9,County of Heraklion (Irakleio),Δήμος Ηρακλείου ,35°19′44″N,25°08′18″E,GR.HE.HE,,,,,
SV9,County of Hersonissos (Chersonisos),Δήμος Χερσονήσου,35°18′28″N,25°22′18″E,GR.HE.HS,,,,,
SV9,County of Malevizi,Δήμος Μαλεβιζίου,35°19′31″N,25°04′01″E,GR.HE.MA,,,,,
SV9,County of Minoa Pediada,Δήμος Μινώα Πεδιάδας,35°11′15″N,25°16′54″E,GR.HE.MP,,,,,
SV9,County of Viannos,Δήμος Βιάννου,35°02′60″N,25°25′00″E,GR.HE.VI,,,,,
Peripheral Unit of Lasithi ► Περιφερειακή Ενότητα Λασιθίου,,,,,,,,,,
SV9,County of Agios Nikolaos,Δήμος Αγίου Νικολάου,35°11′21″N,25°43′02″E,GR.LS.AN,,,,,
SV9,County of Ierapetra,Δήμος Ιεράπετρας,35°00′36″N,25°44′25″E,GR.LS.IE,,,,,
SV9,County of Oropedio Lasithiou,Δήμος Οροπέδιου Λασιθίου,35°11′56″N,25°29′19″E,GR.LS.OL,,,,,
SV9,County of Siteia,Δήμος Σητείας,35°12′28″N,26°06′22″E,GR.LS.SI,,,,,
Peripheral Unit of Rethymno ► Περιφερειακή Ενότητα Ρεθύμνου,,,,,,,,,,
SV9,County of Agios Vasileios,Δήμος Αγίου Βασιλείου,35°18′33″N,25°23′37″E,GR.RE.AV,,,,,
SV9,County of Amari,Δήμος Αμαρίου,35°13′36″N,24°39′01″E,GR.RE.AM,,,,,
SV9,County of Anogeia,Δήμος Ανωγείων,35°17′27″N,24°52′51″E,GR.RE.AN,,,,,
SV9,County of Mylopotamos,Δήμος Μυλοποτάμου,35°19′16″N,25°04′49″E,GR.RE.MY,,,,,
SV9,County of Rethymno,Δήμος Ρεθύμνης,35°22′00″N,24°28′29″E,GR.RE.RE,,,,,
Exceptional Territories of the Hellenic Republic,,,,,,,,,,
SV2,Autonomous Monastic State of the Holy Mountain (Mount Athos),Αυτόνομη Μοναστική Πολιτεία Αγίου Όρους,40°15′26″N,24°14′42″E,GR.DX.MA,,,,,
Most Serene Republic of San Marino ► Serenissima Repubblica di San Marino,,,,,,,,,,
T7,County of Acquaviva,Castello di Acquaviva,43°57′00″N,12°25′00″E,EU.SM.AC,,,,,
T7,County of Borgo Maggiore,Castello di Borgo Maggiore,43°56′50″N,12°26′59″E,EU.SM.BM,,,,,
T7,County of Chiesanuova,Castello di Chiesanuova,43°55′00″N,12°25′00″E,EU.SM.CH,,,,,
T7,County of Domagnano,Castello di Domagnano,43°56′52″N,12°28′08″E,EU.SM.DO,,,,,
T7,County of Faetano,Castello di Faetano,43°55′32″N,12°29′54″E,EU.SM.FA,,,,,
T7,County of Fiorentino,Castello di Fiorentino,43°54′38″N,12°27′20″E,EU.SM.FI,,,,,
T7,County of Montegiardino,Castello di Montegiardino,43°54′32″N,12°29′04″E,EU.SM.MO,,,,,
T7,County of the City of San Marino,Castello della Città di San Marino,43°56′04″N,12°26′50″E,EU.SM.SM,,,,,
T7,County of Serravalle,Castello di Serravalle,43°58′09″N,12°28′42″E,EU.SM.SE,,,,,
Republic of Turkey ► Türkiye Cumhuriyeti (European Part),,,,,,,,,,
Province of Çanakkale ► Çanakkale İl (European Part),,,,,,,,,,
TA1,County of Eceabat,Eceabat İlçe,40°11′00″N,26°21′00″E,TR.CA.EC,,,,,
TA1,County of Gelibolu,Gelibolu İlçe,40°25′00″N,26°40′00″E,TR.CA.GE,,,,,
TAØ,County of Gökçeada,Gökçeada İlçe,40°11′00″N,25°55′00″E,TR.CA.GO,,,,,
Province of Edirne ► Edirne İl,,,,,,,,,,
TA1,County of Edirne,Edirne İlçe,41°40′00″N,26°34′00″E,TR.ED.ED,,,,,
TA1,County of Enez,Enez İlçe,40°43′00″N,26°05′00″E,TR.ED.EN,,,,,
TA1,County of Havsa,Havsa İlçe,41°33′00″N,26°49′00″E,TR.ED.HA,,,,,
TA1,County of İpsala,İpsala İlçe,40°55′48″N,26°23′24″E,TR.ED.IP,,,,,
TA1,County of Keşan,Keşan İlçe,40°51′00″N,26°38′00″E,TR.ED.KE,,,,,
TA1,County of Lalapaşa,Lalapaşa İlçe,41°50′00″N,26°44′00″E,TR.ED.LA,,,,,
TA1,County of Meriç,Meriç İlçe,41°11′20″N,26°25′04″E,TR.ED.ME,,,,,
TA1,County of Süloğlu,Süloğlu İlçe,41°46′00″N,26°55′00″E,TR.ED.SU,,,,,
TA1,County of Uzunköprü,Uzunköprü İlçe,41°16′10″N,26°41′10″E,TR.ED.UZ,,,,,
Province of Istanbul ► İstanbul İl (European Part),,,,,,,,,,
TA1,County of Arnavutköy,Arnavutköy İlçe,41°04′05″N,29°02′35″E,TR.IS.AR,,,,,
TA1,County of Avcılar,Avcılar İlçe,40°58′45″N,28°43′17″E,TR.IS.AV,,,,,
TA1,County of Bağcılar,Bağcılar İlçe,41°02′26″N,28°49′34″E,TR.IS.BG,,,,,
TA1,County of Bahçelievler,Bahçelievler İlçe,40°59′51″N,28°51′02″E,TR.IS.BA,,,,,
TA1,County of Bakırköy,Bakırköy İlçe,40°59′15″N,28°51′42″E,TR.IS.BK,,,,,
TA1,County of Başakşehir,Başakşehir İlçe,41°06′58″N,28°47′11″E,TR.IS.BS,,,,,
TA1,County of Bayrampaşa,Bayrampaşa İlçe,41°01′00″N,28°55′59″E,TR.IS.BY,,,,,
TA1,County of Beşiktaş,Beşiktaş İlçe,41°02′33″N,29°00′26″E,TR.IS.BE,,,,,
TA1,County of Beylikdüzü,Beylikdüzü İlçe,40°58′55″N,28°38′24″E,TR.IS.BL,,,,,
TA1,County of Beyoğlu,Beyoğlu İlçe,41°01′55″N,28°58′34″E,TR.IS.BO,,,,,
TA1,County of Büyükçekmece,Büyükçekmece İlçe,41°01′00″N,28°34′00″E,TR.IS.BU,,,,,
TA1,County of Çatalca,Çatalca İlçe,41°09′00″N,28°27′01″E,TR.IS.CA,,,,,
TA1,County of Esenler,Esenler İlçe,41°03′00″N,28°51′00″E,TR.IS.ES,,,,,
TA1,County of Esenyurt,Esenyurt İlçe,41°02′03″N,28°40′48″E,TR.IS.EN,,,,,
TA1,County of Eyüp,Eyüp İlçe,41°03′18″N,28°50′54″E,TR.IS.EY,,,,,
TA1,County of Fatih,Fatih İlçe,41°01′26″N,28°56′16″E,TR.IS.FA,,,,,
TA1,County of Gaziosmanpaşa,Gaziosmanpaşa İlçe,41°03′00″N,28°54′36″E,TR.IS.GA,,,,,
TA1,County of Güngören,Güngören İlçe,41°01′00″N,28°53′00″E,TR.IS.GU,,,,,
TA1,County of Kâğıthane,Kâğıthane İlçe,41°04′15″N,28°58′12″E,TR.IS.KA,,,,,
TA1,County of Küçükçekmece,Küçükçekmece İlçe,41°03′49″N,28°46′41″E,TR.IS.KU,,,,,
TA1,County of Sarıyer,Sarıyer İlçe,41°10′12″N,29°03′21″E,TR.IS.SA,,,,,
TA1,County of Silivri,Silivri İlçe,41°05′00″N,28°15′00″E,TR.IS.SI,,,,,
TA1,County of Sultangazi,Sultangazi İlçe,41°06′15″N,28°51′41″E,TR.IS.SU,,,,,
TA1,County of Şişli,Şişli İlçe,41°03′36″N,28°59′13″E,TR.IS.SL,,,,,
TA1,County of Zeytinburnu ,Zeytinburnu İlçe,40°58′59″N,28°53′59″E,TR.IS.ZE,,,,,
Province of Kırklareli ► Kırklareli İl,,,,,,,,,,
TA1,County of Babaeski,Babaeski İlçe,41°26′00″N,27°06′00″E,TR.KI.BA,,,,,
TA1,County of Demirköy,Demirköy İlçe,41°49′22″N,27°45′44″E,TR.KI.DE,,,,,
TA1,County of Kırklareli,Kırklareli İlçe,41°44′00″N,27°13′00″E,TR.KI.KI,,,,,
TA1,County of Kofçaz,Kofçaz İlçe,41°56′00″N,27°10′00″E,TR.KI.KO,,,,,
TA1,County of Lüleburgaz,Lüleburgaz İlçe,41°24′00″N,27°21′00″E,TR.KI.LU,,,,,
TA1,County of Pehlivanköy,Pehlivanköy İlçe,41°20′53″N,26°55′11″E,TR.KI.PE,,,,,
TA1,County of Pınarhisar,Pınarhisar İlçe,41°37′00″N,27°31′00″E,TR.KI.PI,,,,,
TA1,County of Vize,Vize İlçe,41°34′25″N,27°45′55″E,TR.KI.VI,,,,,
Province of Tekirdağ ► Tekirdağ İl,,,,,,,,,,
TA1,County of Çerkezköy,Çerkezköy İlçe,41°17′00″N,28°00′00″E,TR.TE.CE,,,,,
TA1,County of Çorlu,Çorlu İlçe,41°07′00″N,27°45′00″E,TR.TE.CO,,,,,
TA1,County of Hayrabolu,Hayrabolu İlçe,41°13′00″N,27°07′00″E,TR.TE.HA,,,,,
TA1,County of Malkara,Malkara İlçe,40°53′36″N,26°54′15″E,TR.TE.MA,,,,,
TA1,County of Marmara Ereğli,Marmara Ereğli İlçe,40°58′12″N,27°57′18″E,TR.TE.ME,,,,,
TA1,County of Muratlı,Muratlı İlçe,41°10′22″N,27°29′48″E,TR.TE.MU,,,,,
TA1,County of Saray,Saray İlçe,41°26′30″N,27°55′15″E,TR.TE.SA,,,,,
TA1,County of Şarköy,Şarköy İlçe,40°36′48″N,27°06′48″E,TR.TE.SR,,,,,
TA1,County of Tekirdağ,Tekirdağ İlçe,40°59′00″N,27°31′00″E,TR.TE.TE,,,,,
Republic of Iceland ► Lýðveldið Ísland,,,,,,,,,,
Region of Suðurland ► Landsvæðun Suðurland,,,,,,,,,,
TF1,County of Árborg,Sveitarfélagið Árborg,63°56′10″N,21°00′00″W,IS.SL.AR,,,,,
TF1,County of Ásahreppur,Sveitarfélagið Ásahreppur,64°30′00″N,18°30′00″W,IS.SL.AS,,,,,
TF1,County of Bláskógabyggð,Sveitarfélagið Bláskógabyggð,64°16′35″N,20°24′03″W,IS.SL.BL,,,,,
TF1,County of Flóahreppur,Sveitarfélagið Flóahreppur,63°59′22″N,21°11′05″W,IS.SL.FL,,,,,
TF1,County of Grímsnes- og Grafningshreppur,Sveitarfélagið Grímsnes- og Grafningshreppur,64°04′06″N,20°38′35″W,IS.SL.GG,,,,,
TF1,County of Hrunamannahreppur,Sveitarfélagið Hrunamannahreppur,64°07′30″N,20°21′27″W,IS.SL.HR,,,,,
TF1,County of Hveragerði,Sveitarfélagið Hveragerði,64°00′02″N,21°11′29″W,IS.SL.HV,,,,,
TF1,County of Mýrdalshreppur,Sveitarfélagið Mýrdalshreppur,63°25′10″N,19°00′35″W,IS.SL.MY,,,,,
TF1,County of Rangárþing Eystra,Sveitarfélagið Rangárþing Eystra,63°44′59″N,20°14′02″W,IS.SL.RE,,,,,
TF1,County of Rangárþing Ytra,Sveitarfélagið Rangárþing Ytra,63°50′00″N,20°24′00″W,IS.SL.RY,,,,,
TF1,County of Skaftárhreppur,Sveitarfélagið Skaftárhreppur,63°47′19″N,18°03′14″W,IS.SL.SK,,,,,
TF1,County of Skeiða- og Gnúpverjahreppur,Sveitarfélagið Skeiða- og Gnúpverjahreppur,64°28′50″N,19°11′50″W,IS.SL.SG,,,,,
TF1,County of Ölfus,Sveitarfélagið Ölfus,63°51′28″N,21°23′03″W,IS.SL.SO,,,,,
TF7,County of Vestmannaeyjar (Westman Islands),Sveitarfélagið Vestmannaeyjar,63°25′54″N,20°16′27″W,IS.SL.VM,,,,,
Region of Vesturland ► Landsvæðun Vesturland,,,,,,,,,,
TF2,County of Akranes,Sveitarfélagið Akranes,64°19′15″N,22°04′13″W,IS.VL.AK,,,,,
TF2,County of Borgarbyggð,Sveitarfélagið Borgarbyggð,64°32′24″N,21°55′00″W,IS.VL.BO,,,,,
TF2,County of Dalabyggð,Sveitarfélagið Dalabyggð,65°06′36″N,21°46′02″W,IS.VL.DA,,,,,
TF2,County of Eyja- og Miklaholtshreppur,Sveitarfélagið Eyja- og Miklaholtshreppur,64°50′06″N,22°33′44″W,IS.VL.EM,,,,,
TF2,County of Grundarfjarðarbær,Sveitarfélagið Grundarfjarðarbær,64°55′36″N,23°15′31″W,IS.VL.GR,,,,,
TF2,County of Helgafellssveit,Sveitarfélagið Helgafellssveit,65°02′28″N,22°43′45″W,IS.VL.HE,,,,,
TF2,County of Hvalfjarðarsveit,Sveitarfélagið Hvalfjarðarsveit,64°17′45″N,21°55′30″W,IS.VL.HV,,,,,
TF2,County of Skorradalshreppur,Sveitarfélagið Skorradalshreppur,64°30′18″N,21°27′52″W,IS.VL.SK,,,,,
TF2,County of Snæfellsbær,Sveitarfélagið Snæfellsbær,64°53′52″N,23°42′19″W,IS.VL.SN,,,,,
TF2,County of Stykkishólmur,Sveitarfélagið Stykkishólmur,65°04′21″N,22°44′00″W,IS.VL.ST,,,,,
Region of Höfuðborgarsvæðið ► Landsvæðun Höfuðborgarsvæðið,,,,,,,,,,
TF3,County of Álftanes,Sveitarfélagið Álftanes,64°06′26″N,22°00′59″W,IS.HB.AL,,,,,
TF3,County of Garðabær,Sveitarfélagið Garðabær,64°05′00″N,21°54′00″W,IS.HB.GA,,,,,
TF3,County of Hafnarfjörður,Sveitarfélagið Hafnarfjörður,64°04′00″N,21°57′00″W,IS.HB.HA,,,,,
TF3,County of Kjósarhreppur,Sveitarfélagið Kjósarhreppur,64°09′58″N,21°42′33″W,IS.HB.KJ,,,,,
TF3,County of Kópavogur,Sveitarfélagið Kópavogur,64°06′41″N,21°54′17″W,IS.HB.KO,,,,,
TF3,County of Mosfellsbær,Sveitarfélagið Mosfellsbær,64°10′08″N,21°42′47″W,IS.HB.MO,,,,,
TF3,County of the City of Reykjavík,Sveitarfélagið Reykjavíkurborg,64°09′00″N,21°56′00″W,IS.HB.RE,,,,,
TF3,County of Seltjarnarnes,Sveitarfélagið Seltjarnarnes,64°07′59″N,21°55′59″W,IS.HB.SE,,,,,
Region of Vestfirðir ► Landsvæðun Vestfirðir,,,,,,,,,,
TF4,County of Árneshreppur,Sveitarfélagið Árneshreppur,65°58′49″N,21°27′10″W,IS.VF.AR,,,,,
TF4,County of Bæjarhreppur,Sveitarfélagið Bæjarhreppur,65°12′36″N,21°05′53″W,IS.VF.BJ,,,,,
TF4,County of Bolungarvík,Sveitarfélagið Bolungarvík,66°09′31″N,23°15′06″W,IS.VF.BO,,,,,
TF4,County of Ísafjarðarbær,Sveitarfélagið Ísafjarðarbær,66°04′00″N,23°09′00″W,IS.VF.IS,,,,,
TF4,County of Kaldrananeshreppur,Sveitarfélagið Kaldrananeshreppur,65°41′25″N,21°26′30″W,IS.VF.KA,,,,,
TF4,County of Reykhólahreppur,Sveitarfélagið Reykhólahreppur,65°26′46″N,22°12′29″W,IS.VF.RE,,,,,
TF4,County of Strandabyggð,Sveitarfélagið Strandabyggð,65°42′26″N,21°40′03″W,IS.VF.ST,,,,,
TF4,County of Súðavíkurhreppur,Sveitarfélagið Súðavíkurhreppur,66°01′43″N,22°59′26″W,IS.VF.SU,,,,,
TF4,County of Tálknafjarðarhreppur,Sveitarfélagið Tálknafjarðarhreppur,65°37′41″N,23°49′32″W,IS.VF.TA,,,,,
TF4,County of Vesturbyggð,Sveitarfélagið Vesturbyggð,65°35′52″N,24°00′06″W,IS.VF.VE,,,,,
Region of Norðurland Eystra ► Landsvæðun Norðurland Eystra,,,,,,,,,,
TF5,County of Akureyri,Sveitarfélagið Akureyri,65°41′00″N,18°06′00″W,IS.NE.AK,,,,,
TF5,County of Dalvíkurbyggð,Sveitarfélagið Dalvíkurbyggð,65°58′25″N,18°32′00″W,IS.NE.DA,,,,,
TF5,County of Eyjafjarðarsveit,Sveitarfélagið Eyjafjarðarsveit,65°34′22″N,18°05′41″W,IS.NE.EY,,,,,
TF5,County of Fjallabyggð,Sveitarfélagið Fjallabyggð,66°09′06″N,18°54′34″W,IS.NE.FJ,,,,,
TF5,County of Grýtubakkahreppur,Sveitarfélagið Grýtubakkahreppur,65°56′56″N,18°10′53″W,IS.NE.GR,,,,,
TF5,County of Hörgársveit,Sveitarfélagið Hörgársveit,65°27′26″N,18°47′34″W,IS.NE.HO,,,,,
TF5,County of Langanesbyggð,Sveitarfélagið Langanesbyggð,66°11′57″N,15°20′09″W,IS.NE.LA,,,,,
TF5,County of Norðurþing,Sveitarfélagið Norðurþing,66°02′50″N,17°20′46″W,IS.NE.NO,,,,,
TF5,County of Skútustaðahreppur,Sveitarfélagið Skútustaðahreppur,65°38′37″N,16°54′31″W,IS.NE.SK,,,,,
TF5,County of Svalbarðshreppur,Sveitarfélagið Svalbarðshreppur,66°12′25″N,15°42′46″W,IS.NE.SV,,,,,
TF5,County of Svalbarðsstrandarhreppur,Sveitarfélagið Svalbarðsstrandarhreppur,65°44′46″N,18°04′52″W,IS.NE.SB,,,,,
TF5,County of Þingeyjarsveit,Sveitarfélagið Þingeyjarsveit,65°43′22″N,17°21′34″W,IS.NE.TH,,,,,
TF5,County of Tjörneshreppur,Sveitarfélagið Tjörneshreppur,66°09′32″N,17°07′33″W,IS.NE.TJ,,,,,
Region of Austurland ► Landsvæðun Austurland,,,,,,,,,,
TF6,County of Borgarfjarðarhreppur,Sveitarfélagið Borgarfjarðarhreppur,65°31′34″N,13°48′44″W,IS.AL.BO,,,,,
TF6,County of Breiðdalshreppur,Sveitarfélagið Breiðdalshreppur,64°47′36″N,14°00′24″W,IS.AL.BR,,,,,
TF6,County of Djúpavogshreppur,Sveitarfélagið Djúpavogshreppur,64°39′31″N,14°16′59″W,IS.AL.DJ,,,,,
TF6,County of Fjarðabyggð,Sveitarfélagið Fjarðabyggð,65°02′00″N,14°13′00″W,IS.AL.FJ,,,,,
TF6,County of Fljótsdalshérað,Sveitarfélagið Fljótsdalshérað,65°15′50″N,14°23′41″W,IS.AL.FL,,,,,
TF6,County of Fljótsdalshreppur,Sveitarfélagið Fljótsdalshreppur,64°49′48″N,15°30′00″W,IS.AL.FO,,,,,
TF6,County of Hornafjörður,Sveitarfélagið Hornafjörður,64°15′10″N,15°12′30″W,IS.AL.HO,,,,,
TF6,County of Seyðisfjörður,Sveitarfélagið Seyðisfjörður,65°15′47″N,14°00′32″W,IS.AL.SE,,,,,
TF6,County of Vopnafjarðarhreppur,Sveitarfélagið Vopnafjarðarhreppur,65°45′23″N,14°49′35″W,IS.AL.VO,,,,,
Region of Suðurnes ► Landsvæðun Suðurnes,,,,,,,,,,
TF8,County of Garður,Sveitarfélagið Garður,64°04′14″N,22°39′04″W,IS.SN.GA,,,,,
TF8,County of Grindavík,Sveitarfélagið Grindavík,63°50′31″N,22°26′16″W,IS.SN.GR,,,,,
TF8,County of Reykjanesbær,Sveitarfélagið Reykjanesbær,64°00′04″N,22°33′07″W,IS.SN.RE,,,,,
TF8,County of Sandgerði,Sveitarfélagið Sandgerði,64°02′11″N,22°42′15″W,IS.SN.SA,,,,,
TF8,County of Vogar,Sveitarfélagið Vogar,63°58′53″N,22°22′56″W,IS.SN.SV,,,,,
Region of Norðurland Vestra ► Landsvæðun Norðurland Vestra,,,,,,,,,,
TF9,County of Akrahreppur,Sveitarfélagið Akrahreppur,65°27′25″N,18°57′41″W,IS.NV.AK,,,,,
TF9,County of Blönduós,Sveitarfélagið Blönduós,65°39′50″N,20°17′40″W,IS.NV.BL,,,,,
TF9,County of Húnaþing Vestra,Sveitarfélagið Húnaþing Vestra,65°23′50″N,20°56′30″W,IS.NV.HV,,,,,
TF9,County of Húnavatnshreppur,Sveitarfélagið Húnavatnshreppur,65°30′57″N,20°22′15″W,IS.NV.HU,,,,,
TF9,County of Skagabyggð,Sveitarfélagið Skagabyggð,65°54′24″N,20°16′43″W,IS.NV.SK,,,,,
TF9,County of Skagafjörður,Sveitarfélagið Skagafjörður,65°44′46″N,19°38′22″W,IS.NV.SF,,,,,
TF9,County of Skagaströnd,Sveitarfélagið Skagaströnd,65°49′25″N,20°18′25″W,IS.NV.SG,,,,,
Republic of Kazakhstan ► Қазақстан Республикасы ► Республика Казахстан (European Part),,,,,,,,,,
Province of Aktobe ► Ақтөбе Облысы ► Актюбинская Область (European Part),,,,,,,,,,
UN-I,Township of Aktobe,Ақтөбе Қаласы (Город Актюбинск),50°17′00″N,57°10′00″E,KZ.AK.AK,,,,,
UN-I,County of Alga,Алға Ауданы (Алгинский Район),49°54′36″N,58°19′12″E,KZ.AK.AL,,,,,
UN-I,County of Bayganin (Right Bank of the Emba River),Байғанин Ауданы (Байганинский Район) (Правый берег реки Эмба),48°41′41″N,55°52′27″E,KZ.AK.BA,,,,,
UN-I,County of Kargaly,Қарғалы Ауданы (Каргалинский Район),50°33′34″N,58°16′29″E,KZ.AK.KA,,,,,
UN-I,County of Kobda,Қобда Ауданы (Хобдинский Район),50°08′45″N,55°40′08″E,KZ.AK.KO,,,,,
UN-I,County of Martuk,Мәртөк Ауданы (Мартукский Район),50°44′51″N,56°30′20″E,KZ.AK.MA,,,,,
UN-I,County of Mugalzhar (Right Bank of the Emba River and Left Bank of Or River),Мұғалжар Ауданы (Мугалжарский Район) (Правый берег р. Эмба и левый берег р. Орь),49°28′28″N,57°25′27″E,KZ.AK.MU,,,,,
UN-I,County of Oiyl,Ойыл Ауданы (Уилский Район),49°04′27″N,54°40′16″E,KZ.AK.OY,,,,,
UN-I,County of Temir,Темір Ауданы (Темирский Район),49°08′29″N,57°07′48″E,KZ.AK.TE,,,,,
UN-I,County of Khromtau (Left Bank of Or River),Хромтау Ауданы (Хромтауский Район) (Левый берег реки Орь),50°15′01″N,58°26′05″E,KZ.AK.KH,,,,,
Province of West Kazakhstan ► Батыс Қазақстан Облысы ► Западно-Казахстанская Область,,,,,,,,,,
UN-M,County of Akzhaiyk,Ақжайық Ауданы (Акжаикский Район),50°12′00″N,51°10′00″E,KZ.WK.AK,,,,,
UN-M,County of Bokey Orda,Бөкей Орда Ауданы (Бокейординский Район),48°48′45″N,46°45′49″E,KZ.WK.BO,,,,,
UN-M,County of Borili,Бөрілі Ауданы (Бурлинский Район),51°10′04″N,52°59′42″E,KZ.WK.BR,,,,,
UN-M,County of Zhanakala,Жаңақала Ауданы (Жангалинский Район),48°56′00″N,49°36′00″E,KZ.WK.ZN,,,,,
UN-M,County of Zhanybek,Жәнібек Ауданы (Жанибекский Район),49°25′00″N,46°51′00″E,KZ.WK.ZH,,,,,
UN-M,County of Zelenov,Зеленов Ауданы (Зеленовский Район),51°11′00″N,50°49′00″E,KZ.WK.ZE,,,,,
UN-M,County of Kaztal,Қазтал Ауданы (Казталовский Район),49°45′27″N,48°41′42″E,KZ.WK.KA,,,,,
UN-M,County of Karatobe,Қаратөбе Ауданы (Каратобинский Район),49°44′00″N,53°30′00″E,KZ.WK.KR,,,,,
UN-M,Township of Oral,Орал Қаласы (Город Уральск),51°14′00″N,51°22′00″E,KZ.WK.OR,,,,,
UN-M,County of Syrym,Сырым Ауданы (Сырымский Район),50°15′13″N,52°35′42″E,KZ.WK.SY,,,,,
UN-M,County of Taskala,Тасқала Ауданы (Таскалинский Район),51°07′00″N,50°19′00″E,KZ.WK.TA,,,,,
UN-M,County of Terekti,Теректі Ауданы (Теректинский Район),51°12′00″N,51°59′00″E,KZ.WK.TE,,,,,
UN-M,County of Shyngyrlau,Шыңғырлау Ауданы (Чингирлауский Район),51°05′42″N,54°04′53″E,KZ.WK.SH,,,,,
Province of Atyrau ► Атырау Облысы ► Атырауская Область (European Part),,,,,,,,,,
UN-O,Township of Atyrau,Атырау Қаласы (Город Атырау),47°07′00″N,51°53′00″E,KZ.AT.AT,,,,,
UN-O,County of Zhylyoi (Right Bank of the Emba River),Жылыой Ауданы (Жылыойский Район) (Правый берег реки Эмба),46°59′00″N,54°01′00″E,KZ.AT.ZH,,,,,
UN-O,County of Inder,Индер Ауданы (Индерский Район),48°33′00″N,51°47′00″E,KZ.AT.IN,,,,,
UN-O,County of Isatay,Исатай Ауданы (Исатайский Район),47°14′00″N,51°00′00″E,KZ.AT.IS,,,,,
UN-O,County of Kyzylkoga,Қызылқоға Ауданы (Кзылкогинский Район),48°53′04″N,53°47′01″E,KZ.AT.KY,,,,,
UN-O,County of Kurmangazy,Құрманғазы Ауданы (Курмангазинский Район),46°36′00″N,49°16′00″E,KZ.AT.KU,,,,,
UN-O,County of Makat,Мақат Ауданы (Макатский Район),47°39′00″N,53°19′00″E,KZ.AT.MA,,,,,
UN-O,County of Makhambet,Махамбет Ауданы (Махамбетский Район),47°40′00″N,51°35′00″E,KZ.AT.MH,,,,,
Ukraine ► Україна,,,,,,,,,,
Province of Sumy ► Сумська Область ► Сумская Область,,,,,,,,,,
UR-A,County of Bilopillia,Білопільський Район (Белопольский Район),51°09′12″N,34°18′09″E,UA.SU.BP,,,,,
UR-A,County of Buryn,Буринський Район (Бурынский Район),51°11′42″N,33°49′34″E,UA.SU.BU,,,,,
UR-A,County of Velyka Pysarivka,Великописарівський Район (Великописаревский Район),50°25′22″N,35°28′43″E,UA.SU.VP,,,,,
UR-A,Township of Hlukhiv,Місто Глухів (Город Глухов),51°40′35″N,33°54′28″E,UA.SU.MH,,,,,
UR-A,County of Hlukhiv,Глухівський Район (Глуховский Район),51°44′09″N,33°52′02″E,UA.SU.HL,,,,,
UR-A,Township of Konotop,Місто Конотоп (Город Конотоп),51°14′13″N,33°12′10″E,UA.SU.MK,,,,,
UR-A,County of Konotop,Конотопський Район (Конотопский Район),51°08′05″N,33°22′30″E,UA.SU.KO,,,,,
UR-A,County of Krasnopillya,Краснопільський Район (Краснопольский Район),50°46′24″N,35°16′18″E,UA.SU.KP,,,,,
UR-A,County of Krolevets,Кролевецький Район (Кролевецкий Район),51°03′11″N,33°22′57″E,UA.SU.KR,,,,,
UR-A,Township of Lebedyn,Місто Лебедин (Город Лебедин),50°34′59″N,34°28′57″E,UA.SU.ML,,,,,
UR-A,County of Lebedyn,Лебединський Район (Лебединский Район),50°37′44″N,34°37′19″E,UA.SU.LE,,,,,
UR-A,County of Lypova Dolyna,Липоводолинський Район (Липоводолинский Район),50°33′49″N,33°47′37″E,UA.SU.LD,,,,,
UR-A,County of Nedryhayliv,Недригайлівський Район (Недригайловский Район),50°49′59″N,33°52′48″E,UA.SU.NE,,,,,
UR-A,Township of Okhtyrka,Місто Охтирка (Город Ахтырка),50°18′27″N,34°54′06″E,UA.SU.MO,,,,,
UR-A,County of Okhtyrka,Охтирський Район (Ахтырский Район),50°22′48″N,34°35′11″E,UA.SU.OH,,,,,
UR-A,County of Putyvl,Путивльський Район (Путивльский Район),51°20′05″N,33°52′07″E,UA.SU.PU,,,,,
UR-A,County of Romny,Роменський Район (Роменский Район),50°34′57″N,33°33′09″E,UA.SU.RO,,,,,
UR-A,Township of Romny,Місто Ромни (Город Ромны),50°44′34″N,33°29′17″E,UA.SU.MR,,,,,
UR-A,County of Seredyna-Buda,Середино-Будський Район (Середино-Будский Район),52°11′08″N,34°02′19″E,UA.SU.SB,,,,,
UR-A,County of Sumy,Сумський Район (Сумский Район),50°46′49″N,34°46′53″E,UA.SU.SU,,,,,
UR-A,Township of Sumy,Місто Суми (Город Сумы),50°54′50″N,34°48′09″E,UA.SU.MS,,,,,
UR-A,County of Trostyanets,Тростянецький Район (Тростянецкий Район),50°28′30″N,34°58′18″E,UA.SU.TR,,,,,
UR-A,Township of Shostka,Місто Шостка (Город Шостка),51°51′47″N,33°29′24″E,UA.SU.SO,,,,,
UR-A,County of Shostka,Шосткинський Район (Шосткинский Район),51°46′08″N,33°28′19″E,UA.SU.SH,,,,,
UR-A,County of Yampil,Ямпільський Район (Ямпольский Район),51°56′51″N,33°47′15″E,UA.SU.YA,,,,,
Province of Ternopil ► Тернопільська Область ► Тернопольская Область,,,,,,,,,,
UR-B,County of Berezhany,Бережанський Район (Бережанский Район),49°26′42″N,24°56′17″E,UA.TE.BE,,,,,
UR-B,County of Borshchiv,Борщівський Район (Борщёвский Район),48°48′00″N,26°03′00″E,UA.TE.BO,,,,,
UR-B,County of Buchach,Бучацький Район (Бучачский Район),49°03′45″N,25°23′09″E,UA.TE.BU,,,,,
UR-B,County of Husiatyn,Гусятинський Район (Гусятинский Район),49°04′00″N,26°12′00″E,UA.TE.HU,,,,,
UR-B,County of Zalishchyky,Заліщицький Район (Залещицкий Район),48°39′00″N,25°44′00″E,UA.TE.ZA,,,,,
UR-B,County of Zbarazh,Збаразький Район (Збаражский Район),49°40′00″N,25°46′40″E,UA.TE.ZB,,,,,
UR-B,County of Zboriv,Зборівський Район (Зборовский Район),49°40′00″N,25°08′15″E,UA.TE.ZO,,,,,
UR-B,County of Kozova,Козівський Район (Козовский Район),49°25′53″N,25°09′26″E,UA.TE.KO,,,,,
UR-B,County of Kremenets,Кременецький Район (Кременецкий Район),50°07′11″N,25°43′00″E,UA.TE.KR,,,,,
UR-B,County of Lanivtsi,Лановецький Район (Лановецкий Район),49°52′12″N,26°04′48″E,UA.TE.LA,,,,,
UR-B,County of Monastyryska,Монастириський Район (Монастырисский Район),49°05′20″N,25°10′10″E,UA.TE.MO,,,,,
UR-B,County of Pidvolochysk,Підволочиський Район (Подволочисский Район),49°31′52″N,26°08′48″E,UA.TE.PV,,,,,
UR-B,County of Pidhaitsi,Підгаєцький Район (Подгаецкий Район),49°16′00″N,25°08′00″E,UA.TE.PH,,,,,
UR-B,County of Terebovlya,Теребовлянський Район (Теребовлянский Район),49°18′00″N,25°42′00″E,UA.TE.TR,,,,,
UR-B,Township of Ternopil,Місто Тернопіль (Город Тернополь),49°34′00″N,25°36′00″E,UA.TE.MT,,,,,
UR-B,County of Ternopil,Тернопільський Район (Тернопольский Район),49°31′40″N,25°34′39″E,UA.TE.TE,,,,,
UR-B,County of Chortkiv,Чортківський Район (Чортковский Район),49°01′00″N,25°48′00″E,UA.TE.CH,,,,,
UR-B,County of Shumsk,Шумський Район (Шумский Район),50°07′10″N,26°07′00″E,UA.TE.SH,,,,,
Province of Cherkasy ► Черкаська Область ► Черкасская Область,,,,,,,,,,
UR-C,Township of Vatutine,Місто Ватутіне (Город Ватутино),49°01′00″N,31°04′00″E,UA.CH.VA,,,,,
UR-C,County of Horodyshche,Городищенський Район (Городищенский Район),49°17′33″N,31°27′29″E,UA.CH.HO,,,,,
UR-C,County of Drabiv,Драбівський Район (Драбовский Район),49°57′37″N,32°08′53″E,UA.CH.DR,,,,,
UR-C,County of Zhashkiv,Жашківський Район (Жашковский Район),49°14′09″N,30°06′40″E,UA.CH.ZH,,,,,
UR-C,County of Zvenyhorodka,Звенигородський Район (Звенигородский Район),49°05′00″N,30°58′00″E,UA.CH.ZV,,,,,
UR-C,Township of Zolotonosha,Місто Золотоноша (Город Золотоноша),49°41′00″N,32°02′00″E,UA.CH.MZ,,,,,
UR-C,County of Zolotonosha,Золотоніський Район (Золотоношский Район),49°43′15″N,32°03′51″E,UA.CH.ZO,,,,,
UR-C,County of Kamyanka,Кам'янський Район (Каменский Район),49°01′52″N,32°05′51″E,UA.CH.KM,,,,,
UR-C,Township of Kaniv,Місто Канів (Город Канев),49°45′00″N,31°28′00″E,UA.CH.MK,,,,,
UR-C,County of Kaniv,Канівський Район (Каневский Район),49°42′16″N,31°17′43″E,UA.CH.KA,,,,,
UR-C,County of Katerynopil,Катеринопільський Район (Катеринопольский Район),48°56′06″N,30°54′40″E,UA.CH.KT,,,,,
UR-C,County of Korsun-Shevchenkivsky,Корсунь-Шевченківський Район (Корсунь-Шевченковский Район),49°41′00″N,32°02′00″E,UA.CH.KS,,,,,
UR-C,County of Lysyanka,Лисянський Район (Лысянский Район),49°15′25″N,30°49′24″E,UA.CH.LY,,,,,
UR-C,County of Mankivka,Маньківський Район (Маньковский Район),48°57′42″N,30°20′31″E,UA.CH.MA,,,,,
UR-C,County of Monastyryshche,Монастирищенський Район (Монастырищенский Район),48°59′24″N,29°48′04″E,UA.CH.MO,,,,,
UR-C,Township of Smila,Місто Сміла (Город Смела),49°13′00″N,31°52′00″E,UA.CH.MS,,,,,
UR-C,County of Smila,Смілянський Район (Смелянский Район),49°08′56″N,31°42′57″E,UA.CH.SM,,,,,
UR-C,County of Talne,Тальнівський Район (Тальновский Район),48°53′19″N,30°42′15″E,UA.CH.TA,,,,,
UR-C,County of Uman,Уманський Район (Уманский Район),48°45′00″N,30°13′00″E,UA.CH.UM,,,,,
UR-C,Township of Uman,Місто Умань (Город Умань),48°45′00″N,30°13′00″E,UA.CH.MU,,,,,
UR-C,County of Khrystynivka,Христинівський Район (Христиновский Район),48°48′53″N,29°58′06″E,UA.CH.KH,,,,,
UR-C,County of Cherkasy,Черкаський Район (Черкасский Район),49°26′58″N,31°57′06″E,UA.CH.CH,,,,,
UR-C,Township of Cherkasy,Місто Черкаси (Город Черкассы),49°26′40″N,32°03′35″E,UA.CH.MC,,,,,
UR-C,County of Chornobay,Чорнобаївський Район (Чернобаевский Район),49°40′14″N,32°19′23″E,UA.CH.CB,,,,,
UR-C,County of Chyhyryn,Чигиринський Район (Чигиринский Район),49°05′00″N,32°40′00″E,UA.CH.CY,,,,,
UR-C,County of Shpola,Шполянський Район (Шполянский Район),49°02′00″N,31°25′00″E,UA.CH.SH,,,,,
Province of Transcarpathia ► Закарпатська Область ► Закарпатская Область,,,,,,,,,,
UR-D,Township of Berehove,Місто Берегове (Город Берегово),48°12′17″N,22°38′23″E,UA.ZA.MB,,,,,
UR-D,County of Berehove,Берегівський Район (Береговский Район),48°12′03″N,22°38′03″E,UA.ZA.BE,,,,,
UR-D,County of Velyky Berezny,Великоберезнянський Район (Великоберезнянский Район),48°53′32″N,22°27′31″E,UA.ZA.VB,,,,,
UR-D,County of Vynohradiv,Виноградівський Район (Виноградовский Район),48°09′00″N,23°01′30″E,UA.ZA.VY,,,,,
UR-D,County of Volovets,Воловецький Район (Воловецкий Район),48°43′27″N,23°12′00″E,UA.ZA.VO,,,,,
UR-D,County of Irshava,Іршавський Район (Иршавский Район),48°19′00″N,23°03′00″E,UA.ZA.IR,,,,,
UR-D,County of Mizhhirya,Міжгірський Район (Межгорский Район),48°31′43″N,23°30′07″E,UA.ZA.MH,,,,,
UR-D,Township of Mukacheve,Місто Мукачеве (Город Мукачево),48°26′29″N,22°42′49″E,UA.ZA.MM,,,,,
UR-D,County of Mukacheve,Мукачівський Район (Мукачевский Район),48°24′54″N,22°41′23″E,UA.ZA.MU,,,,,
UR-D,County of Perechyn,Перечинський Район (Перечинский Район),48°44′00″N,22°28′00″E,UA.ZA.PE,,,,,
UR-D,County of Rakhiv,Рахівський Район (Раховский Район),48°03′00″N,24°13′00″E,UA.ZA.RA,,,,,
UR-D,County of Svalyava,Свалявський Район (Свалявский Район),48°32′50″N,22°59′10″E,UA.ZA.SV,,,,,
UR-D,County of Tyachiv,Тячівський Район (Тячевский Район),48°00′41″N,23°34′20″E,UA.ZA.TY,,,,,
UR-D,Township of Uzhhorod,Місто Ужгород (Город Ужгород),48°37′12″N,22°18′00″E,UA.ZA.UH,,,,,
UR-D,County of Uzhhorod,Ужгородський Район (Ужгородский Район),48°36′14″N,22°14′25″E,UA.ZA.UZ,,,,,
UR-D,Township of Khust,Місто Хуст (Город Хуст),48°10′53″N,23°17′52″E,UA.ZA.MK,,,,,
UR-D,County of Khust,Хустський Район (Хустский Район),48°06′00″N,22°50′00″E,UA.ZA.KH,,,,,
UR-D,Township of Chop,Місто Чоп (Город Чоп),48°26′00″N,22°12′00″E,UA.ZA.CH,,,,,
Province of Dnipropetrovsk ► Дніпропетровська Область ► Днепропетровская Область,,,,,,,,,,
UR-E,County of Apostolove,Апостолівський Район (Апостоловский Район),47°39′00″N,33°43′00″E,UA.DN.AP,,,,,
UR-E,County of Vasylkivka,Васильківський Район (Васильковский Район),48°12′36″N,36°01′03″E,UA.DN.VA,,,,,
UR-E,County of Verkhnodniprovsk,Верхньодніпровський Район (Верхнеднепровский Район),48°38′33″N,34°20′25″E,UA.DN.VD,,,,,
UR-E,Township of Vilnohirsk,Місто Вільногірськ (Город Вольногорск),48°28′50″N,34°01′17″E,UA.DN.VH,,,,,
UR-E,Township of Dniprodzerzhynsk,Місто Дніпродзержинськ (Город Днепродзержинск),48°30′00″N,34°37′00″E,UA.DN.DD,,,,,
UR-E,Township of Dnipropetrovsk,Місто Дніпропетровськ (Город Днепропетровск),48°27′53″N,35°02′46″E,UA.DN.MD,,,,,
UR-E,County of Dnipropetrovsk,Дніпропетровський Район (Днепропетровский Район),48°32′00″N,34°51′00″E,UA.DN.DN,,,,,
UR-E,Township of Zhovti Vody,Місто Жовті Води (Город Жёлтые Воды),48°21′00″N,33°31′00″E,UA.DN.ZV,,,,,
UR-E,Township of Kryvy Rih,Місто Кривий Ріг (Город Кривой Рог),47°57′00″N,33°24′00″E,UA.DN.MK,,,,,
UR-E,County of Kryvy Rih,Криворізький Район (Криворожский Район),47°58′58″N,33°05′39″E,UA.DN.KR,,,,,
UR-E,County of Krynychky,Криничанський Район (Криничанский Район),48°22′25″N,34°27′23″E,UA.DN.KY,,,,,
UR-E,County of Mahdalynivka,Магдалинівський Район (Магдалиновский Район),48°55′17″N,34°55′01″E,UA.DN.MA,,,,,
UR-E,Township of Marhanets,Місто Марганець (Город Марганец),47°38′23″N,34°38′11″E,UA.DN.MM,,,,,
UR-E,County of Mezhova,Межівський Район (Межевский Район),48°15′00″N,36°43′00″E,UA.DN.MH,,,,,
UR-E,Township of Nikopol,Місто Нікополь (Город Никополь),47°34′05″N,34°23′28″E,UA.DN.MN,,,,,
UR-E,County of Nikopol,Нікопольський Район (Никопольский Район),47°37′48″N,34°31′28″E,UA.DN.NP,,,,,
UR-E,Township of Novomoskovsk,Місто Новомосковськ (Город Новомосковск),48°37′58″N,35°13′26″E,UA.DN.NO,,,,,
UR-E,County of Novomoskovsk,Новомосковський Район (Новомосковский Район),49°00′50″N,35°21′51″E,UA.DN.NM,,,,,
UR-E,Township of Ordzhonikidze,Місто Орджонікідзе (Город Орджоникидзе),47°39′56″N,34°05′00″E,UA.DN.OR,,,,,
UR-E,Township of Pavlohrad,Місто Павлоград (Город Павлоград),48°31′12″N,35°52′12″E,UA.DN.MP,,,,,
UR-E,County of Pavlohrad,Павлоградський Район (Павлоградский Район),48°35′32″N,35°53′57″E,UA.DN.PH,,,,,
UR-E,Township of Pershotravensk,Місто Першотравенськ (Город Першотравенск),48°20′47″N,36°24′16″E,UA.DN.PT,,,,,
UR-E,County of Petrykivka,Петриківський Район (Петриковский Район),48°43′06″N,34°37′33″E,UA.DN.PE,,,,,
UR-E,County of Petropavlivka,Петропавлівський Район (Петропавловский Район),48°27′15″N,36°26′25″E,UA.DN.PP,,,,,
UR-E,County of Pokrovske,Покровський Район (Покровский Район),47°58′57″N,36°14′02″E,UA.DN.PO,,,,,
UR-E,County of Pyatykhatky,П’ятихатський Район (Пятихатский Район),48°24′45″N,33°42′12″E,UA.DN.PY,,,,,
UR-E,Township of Synelnykove,Місто Синельникове (Город Синельниково),48°19′04″N,35°30′43″E,UA.DN.MS,,,,,
UR-E,County of Synelnykove,Синельниківський Район (Синельниковский Район),48°24′21″N,35°16′20″E,UA.DN.SY,,,,,
UR-E,County of Solone,Солонянський Район (Солонянский Район),48°13′00″N,34°52′00″E,UA.DN.SO,,,,,
UR-E,County of Sofiyivka,Софіївський Район (Софиевский Район),48°04′47″N,33°53′35″E,UA.DN.SF,,,,,
UR-E,Township of Ternivka,Місто Тернівка (Город Терновка),48°31′20″N,36°04′20″E,UA.DN.TE,,,,,
UR-E,County of Tomakivka,Томаківський Район (Томаковский Район),47°48′49″N,34°44′49″E,UA.DN.TO,,,,,
UR-E,County of Tsarychanka,Царичанський Район (Царичанский Район),48°56′46″N,34°28′41″E,UA.DN.TS,,,,,
UR-E,County of Shyroke,Широківський Район (Широковский Район),47°41′04″N,33°16′22″E,UA.DN.SH,,,,,
UR-E,County of Yuryivka,Юр'ївський Район (Юрьевский Район),48°44′22″N,36°01′24″E,UA.DN.YU,,,,,
Province of Odessa ► Одеська Область ► Одесская Область,,,,,,,,,,
UR-F,County of Ananyiv,Ананьївський Район (Ананьевский Район),47°43′00″N, 29°58′00″E ,UA.OD.AN,,,,,
UR-F,County of Artsyz,Арцизький Район (Арцизский Район),45°55′00″N,29°16′00″E,UA.OD.AR,,,,,
UR-F,County of Balta,Балтський Район (Балтский Район),48°00′00″N,29°40′00″E,UA.OD.BA,,,,,
UR-F,Township of Bilhorod-Dnistrovsky,Місто Білгород-Дністровський (Город Белгород-Днестровский),46°11′00″N,30°20′00″E,UA.OD.MB,,,,,
UR-F,County of Bilhorod-Dnistrovsky,Білгород-Дністровський Район (Белгород-Днестровский Район),46°10′00″N,30°10′00″E,UA.OD.BD,,,,,
UR-F,County of Bilyayivka,Біляївський Район (Беляевский Район),46°32′00″N,30°15′00″E,UA.OD.BI,,,,,
UR-F,County of Berezivka,Березівський Район (Березовский Район),47°11′00″N,30°55′00″E,UA.OD.BE,,,,,
UR-F,County of Bolhrad,Болградський Район (Болградский Район),45°46′00″N,28°48′00″E,UA.OD.BH,,,,,
UR-F,County of Velyka Mykhaylivka,Великомихайлівський Район (Великомихайловский Район),47°05′00″N,30°00′00″E,UA.OD.VM,,,,,
UR-F,County of Ivanivka,Іванівський Район (Ивановский Район),46°56′00″N,30°32′00″E,UA.OD.IV,,,,,
UR-F,Township of Izmayil,Місто Ізмаїл (Город Измаил),45°21′00″N,28°50′00″E,UA.OD.MI,,,,,
UR-F,County of Izmayil,Ізмаїльський Район (Измаильский Район),45°21′00″N,28°50′00″E,UA.OD.IZ,,,,,
UR-F,Township of Illichivsk,Місто Іллічівськ (Город Ильичёвск),46°18′00″N,30°40′00″E,UA.OD.IL,,,,,
UR-F,County of Kiliya (Excluding Snake Island),Кілійський Район (Килийский Район) (Исключая остров Змеиный),45°27′00″N,29°16′00″E,UA.OD.KI,,,,,
UR-F,County of Kodyma,Кодимський Район (Кодымский Район),48°06′00″N,29°07′00″E,UA.OD.KD,,,,,
UR-F,County of Kominternivske,Комінтернівський Район (Коминтерновский Район),46°49′12″N,30°56′42″E,UA.OD.KM,,,,,
UR-F,Township of Kotovsk,Місто Котовськ (Город Котовск),47°45′00″N,29°35′00″E,UA.OD.MK,,,,,
UR-F,County of Kotovsk,Котовський Район (Котовский Район),47°44′58″N,29°41′43″E,UA.OD.KT,,,,,
UR-F,County of Krasni Okny,Красноокнянський Район (Красноокнянский Район),47°32′19″N, 29°27′37″E ,UA.OD.KO,,,,,
UR-F,County of Lyubashivka,Любашівський Район (Любашёвский Район),47°51′00″N , 30°15′00″E ,UA.OD.LU,,,,,
UR-F,County of Mykolayivka,Миколаївський Район (Николаевский Район),46°22′08″N , 29°24′34″E ,UA.OD.MY,,,,,
UR-F,County of Ovidiopol,Овідіопольський Район (Овидиопольский Район),46°16′00″N,30°26′00″E,UA.OD.OV,,,,,
UR-F,Township of Odessa,Місто Одеса (Город Одесса),46°28′45″N,30°43′48″E,UA.OD.OD,,,,,
UR-F,County of Rozdilna,Роздільнянський Район (Раздельнянский Район),46°51′00″N,30°05′00″E,UA.OD.RO,,,,,
UR-F,County of Reni,Ренійський Район (Ренийский Район),45°27′00″N,28°17′00″E,UA.OD.RE,,,,,
UR-F,County of Savran,Савранський Район (Савранский Район),48°08′00″N,30°05′00″E,UA.OD.SA,,,,,
UR-F,County of Sarata,Саратський Район (Саратский Район),46°01′00″N,29°40′00″E,UA.OD.SR,,,,,
UR-F,County of Tarutyne,Тарутинський Район (Тарутинский Район),46°11′09″N,29°09′02″E,UA.OD.TA,,,,,
UR-F,County of Tatarbunary,Татарбунарський Район (Татарбунарский Район),45°51′00″N,29°37′00″E,UA.OD.TB,,,,,
UR-F,Township of Teplodar,Місто Теплодар (Город Теплодар),46°30′00″N,30°20′00″E,UA.OD.TD,,,,,
UR-F,County of Frunzivka,Фрунзівський Район (Фрунзовский Район),47°20′00″N,29°45′00″E,UA.OD.FR,,,,,
UR-F,County of Shiryaeve,Ширяївський Район (Ширяевский Район),47°22′38″N,30°11′41″E,UA.OD.SH,,,,,
UR-F,Township of Yuzhne,Місто Южне (Город Южное),46°38′00″N,31°03′00″E,UA.OD.YU,,,,,
Exceptional Territories of the Province of Odessa,,,,,,,,,,
UR-F,Snake Island,Острів Зміїний (Остров Змеиный),45°14′57″N,30°11′33″E,UA.DX.ZM,,,,,
Province of Kherson ► Херсонська Область ► Херсонская Область,,,,,,,,,,
UR-G,County of Bilozerka,Білозерський Район (Белозёрский Район),46°37′31″N,32°26′39″E,UA.HE.BO,,,,,
UR-G,County of Beryslav,Бериславський Район (Бериславский Район),46°50′00″N,33°25′00″E,UA.HE.BS,,,,,
UR-G,County of Velyka Olexandrivka,Великоолександрівський Район (Великоалександровский Район),47°19′00″N,33°19′00″E,UA.HE.VO,,,,,
UR-G,County of Velyka Lepetykha,Великолепетиський Район (Великолепетихский Район),47°11′00″N,33°57′00″E,UA.HE.VL,,,,,
UR-G,County of Verkhny Rohachyk,Верхньорогачицький Район (Верхнерогачикский Район),47°14′49″N,34°20′13″E,UA.HE.VR,,,,,
UR-G,County of Vysokopillya,Високопільський Район (Высокопольский Район),47°29′00″N,33°32′00″E,UA.HE.VP,,,,,
UR-G,County of Henichesk,Генiчеський Район (Генический Район),46°10′25″N,34°48′29″E,UA.HE.HN,,,,,
UR-G,County of Hola Prystan,Голопристанський Район (Голопристанский Район),46°31′14″N,32°31′33″E,UA.HE.HP,,,,,
UR-G,County of Hornostayivka,Горностаівський Район (Горностаевский Район),47°00′36″N,33°43′50″E,UA.HE.HS,,,,,
UR-G,County of Ivanivka,Iванівський Район (Ивановский Район),46°14′34″N,33°55′16″E,UA.HE.IV,,,,,
UR-G,County of Kalanchak,Каланчацький Район (Каланчакский Район),46°15′13″N,33°27′51″E,UA.HE.KL,,,,,
UR-G,Township of Kakhovka,Місто Каховка (Город Каховка),46°48′37″N,33°28′36″E,UA.HE.MK,,,,,
UR-G,County of Kakhovka,Каховський Район (Каховский Район),46°44′48″N,33°24′26″E,UA.HE.KA,,,,,
UR-G,County of Nyzhni Sirohozy,Нижньосiрогозський Район (Нижнесерогозский Район),46°50′37″N,34°22′51″E,UA.HE.NS,,,,,
UR-G,Township of Nova Kakhovka,Місто Нова Каховка (Город Новая Каховка),46°45′03″N,33°22′49″E,UA.HE.NK,,,,,
UR-G,County of Novovorontsovka,Нововоронцовський Район (Нововоронцовский Район),47°30′00″N,33°56′00″E,UA.HE.NV,,,,,
UR-G,County of Novotroyitske,Новотроіцький Район (Новотроицкий Район),46°21′09″N,34°20′24″E,UA.HE.NT,,,,,
UR-G,County of Skadovsk,Скадовський Район (Скадовский Район),46°07′00″N,32°55′00″E,UA.HE.SK,,,,,
UR-G,Township of Kherson,Місто Херсон (Город Херсон),46°38′00″N,32°36′00″E,UA.HE.KH,,,,,
UR-G,County of Tsyurupynsk,Цюрупинський Район (Цюрупинский Район),46°37′17″N,32°42′37″E,UA.HE.TS,,,,,
UR-G,County of Chaplynka,Чаплинський Район (Чаплинский Район),46°21′45″N,33°32′11″E,UA.HE.CH,,,,,
Province of Poltava ► Полтавська Область ► Полтавская Область,,,,,,,,,,
UR-H,County of Velyka Bahachka,Великобагачанський Район (Великобагачанский Район),49°47′39″N,33°43′14″E,UA.PO.VB,,,,,
UR-H,County of Hadyach,Гадяцький Район (Гадячский Район),50°22′15″N,33°59′20″E,UA.PO.HA,,,,,
UR-H,County of Hlobyne,Глобинський Район (Глобинский Район),49°23′18″N,33°15′47″E,UA.PO.HL,,,,,
UR-H,County of Hrebinka,Гребінківський Район (Гребенковский Район),50°07′04″N,32°26′22″E,UA.PO.HR,,,,,
UR-H,County of Dykanka,Диканський Район (Диканьский Район),49°49′20″N,34°32′02″E,UA.PO.DY,,,,,
UR-H,County of Zinkiv,Зіньківський Район (Зеньковский Район),50°12′29″N,34°22′00″E,UA.PO.ZI,,,,,
UR-H,County of Karlivka,Карлівський Район (Карловский Район),49°27′17″N,35°07′50″E,UA.PO.KA,,,,,
UR-H,County of Kobelyaky,Кобеляцький Район (Кобелякский Район),49°08′50″N,34°11′57″E,UA.PO.KO,,,,,
UR-H,County of Kozelshchyna,Козельщинський Район (Козельщинский Район),49°12′46″N,33°50′40″E,UA.PO.KZ,,,,,
UR-H,Township of Komsomolsk,Місто Комсомольськ (Город Комсомольск),49°01′00″N,33°40′00″E,UA.PO.KM,,,,,
UR-H,County of Kotelva,Котелевський Район (Котелевский Район),50°04′05″N,34°45′33″E,UA.PO.KT,,,,,
UR-H,Township of Kremenchuk,Місто Кременчук (Город Кременчуг),49°04′39″N,33°25′26″E,UA.PO.MK,,,,,
UR-H,County of Kremenchuk,Кременчуцький Район (Кременчугский Район),48°49′56″N,33°20′54″E,UA.PO.KR,,,,,
UR-H,County of Lokhvytsya,Лохвицький Район (Лохвицкий Район),50°21′39″N,33°15′54″E,UA.PO.LO,,,,,
UR-H,County of Lubny,Лубенський Район (Лубенский Район),49°55′06″N,33°10′48″E,UA.PO.LU,,,,,
UR-H,Township of Lubny,Місто Лубни (Город Лубны),50°01′00″N,33°00′00″E,UA.PO.MS,,,,,
UR-H,County of Mashivka,Машівський Район (Машевский Район),49°26′41″N,34°52′32″E,UA.PO.MA,,,,,
UR-H,Township of Myrhorod,Місто Миргород (Город Миргород),49°58′00″N,33°36′00″E,UA.PO.MM,,,,,
UR-H,County of Myrhorod,Миргородський Район (Миргородский Район),50°11′03″N,33°41′04″E,UA.PO.MH,,,,,
UR-H,County of Novi Sanzhary,Новосанжарський Район (Новосанжарский Район),49°20′07″N,34°18′58″E,UA.PO.NS,,,,,
UR-H,County of Orzhytsya,Оржицький Район (Оржицкий Район),49°47′27″N,32°42′05″E,UA.PO.OR,,,,,
UR-H,County of Pyryatyn,Пирятинський Район (Пирятинский Район),50°14′26″N,32°30′33″E,UA.PO.PY,,,,,
UR-H,Township of Poltava,Місто Полтава (Город Полтава),49°34′28″N,34°34′07″E,UA.PO.MP,,,,,
UR-H,County of Poltava,Полтавський Район (Полтавский Район),49°40′11″N,34°45′29″E,UA.PO.PO,,,,,
UR-H,County of Reshetylivka,Решетилівський Район (Решетиловский Район),49°34′00″N,34°04′00″E,UA.PO.RE,,,,,
UR-H,County of Semenivka,Семенівський Район (Семёновский Район),49°36′00″N,33°11′00″E,UA.PO.SE,,,,,
UR-H,County of Khorol,Хорольський Район (Хорольский Район),49°47′02″N,33°16′15″E,UA.PO.KH,,,,,
UR-H,County of Chornukhy,Чорнухинський Район (Чернухинский Район),50°16′00″N,37°57′00″E,UA.PO.CO,,,,,
UR-H,County of Chutove,Чутівський Район (Чутовский Район),49°43′00″N,35°10′00″E,UA.PO.CU,,,,,
UR-H,County of Shyshaky,Шишацький Район (Шишацкий Район),49°53′00″N,34°00′00″E,UA.PO.SH,,,,,
Province of Donetsk ► Донецька Область ► Донецкая Область,,,,,,,,,,
UR-I,Township of Avdiyivka,Місто Авдіївка (Город Авдеевка),48°08′00″N,37°44′00″E,UA.DO.AV,,,,,
UR-I,County of Amvrosiyivka,Амвросіївський Район (Амвросиевский Район),47°47′41″N,38°28′38″E,UA.DO.AM,,,,,
UR-I,Township of Artemivsk,Місто Артемівськ (Город Артёмовск),48°36′00″N,38°00′00″E,UA.DO.MA,,,,,
UR-I,County of Artemivsk,Артемівський Район (Артёмовский Район),48°52′00″N,38°05′00″E,UA.DO.AR,,,,,
UR-I,County of Velyka Novosilka,Великоновосілківський Район (Великоновоселковский Район),47°50′00″N,36°50′00″E,UA.DO.VN,,,,,
UR-I,County of Volnovakha,Волноваський Район (Волновахский Район),47°35′52″N,37°29′01″E,UA.DO.VO,,,,,
UR-I,County of Volodarske,Володарський Район (Володарский Район),47°12′07″N,37°18′46″E,UA.DO.VD,,,,,
UR-I,Township of Vuhledar,Місто Вугледар (Город Угледар),47°46′46″N,37°14′51″E,UA.DO.VU,,,,,
UR-I,Township of Horlivka,Місто Горлівка (Город Горловка),48°18′00″N,38°03′00″E,UA.DO.HO,,,,,
UR-I,Township of Debaltseve,Місто Дебальцеве (Город Дебальцево),48°20′12″N,38°24′04″E,UA.DO.DE,,,,,
UR-I,Township of Dzerzhynsk,Місто Дзержинськ (Город Дзержинск),48°24′00″N,37°50′00″E,UA.DO.DZ,,,,,
UR-I,Township of Dymytrov,Місто Димитров (Город Димитров),48°18′00″N,37°15′00″E,UA.DO.DY,,,,,
UR-I,Township of Dobropillya,Місто Добропілля (Город Доброполье),48°48′00″N,37°11′00″E,UA.DO.MD,,,,,
UR-I,County of Dobropillya,Добропільський Район (Добропольский Район),48°28′51″N,37°01′48″E,UA.DO.DP,,,,,
UR-I,Township of Dokuchayevsk,Місто Докучаєвськ (Город Докучаевск),47°46′00″N,37°41′00″E,UA.DO.DK,,,,,
UR-I,Township of Donetsk,Місто Донецьк (Город Донецк),48°00′00″N,37°48′00″E,UA.DO.DO,,,,,
UR-I,Township of Druzhkivka,Місто Дружківка (Город Дружковка),48°37′10″N,37°31′30″E,UA.DO.DR,,,,,
UR-I,Township of Yenakiyeve,Місто Єнакієве (Город Енакиево),48°13′00″N,38°12′00″E,UA.DO.YE,,,,,
UR-I,Township of Zhdanivka,Місто Жданівка (Город Ждановка),48°09′00″N,38°15′00″E,UA.DO.ZH,,,,,
UR-I,Township of Kirovske,Місто Кіровське (Город Кировское),48°09′00″N,38°22′00″E,UA.DO.KI,,,,,
UR-I,Township of Kostyantynivka,Місто Костянтинівка (Город Константиновка),48°32′00″N,37°43′00″E,UA.DO.MK,,,,,
UR-I,County of Kostyantynivka,Костянтинівський Район (Константиновский Район),48°32′00″N,37°43′00″E,UA.DO.KO,,,,,
UR-I,Township of Kramatorsk,Місто Краматорськ (Город Краматорск),48°44′24″N,37°34′31″E,UA.DO.KR,,,,,
UR-I,Township of Krasnoarmiysk,Місто Красноармійськ (Город Красноармейск),48°17′00″N,37°11′00″E,UA.DO.KS,,,,,
UR-I,County of Krasnoarmiysk,Красноармійський Район (Красноармейский Район),48°19′40″N,37°19′55″E,UA.DO.KA,,,,,
UR-I,County of Krasny Lyman,Краснолиманський Район (Краснолиманский Район),49°01′08″N,37°56′01″E,UA.DO.KL,,,,,
UR-I,Township of Krasny Lyman,Місто Красний Лиман (Город Красный Лиман),48°59′00″N,37°48′00″E,UA.DO.KN,,,,,
UR-I,Township of Makiyivka,Місто Макіївка (Город Макеевка),48°02′30″N,37°57′50″E,UA.DO.MV,,,,,
UR-I,Township of Mariupol,Місто Маріуполь (Город Мариуполь),47°07′50″N,37°33′50″E,UA.DO.MP,,,,,
UR-I,County of Maryinka,Мар'їнський Район (Марьинский Район),47°59′06″N,37°16′33″E,UA.DO.MN,,,,,
UR-I,County of Novoazovsk,Новоазовський Район (Новоазовский Район),47°07′00″N,38°05′00″E,UA.DO.NA,,,,,
UR-I,Township of Novohrodivka,Місто Новогродівка (Город Новогродовка),48°20′00″N,37°35′00″E,UA.DO.NH,,,,,
UR-I,County of Olexandrivka,Олександрівський Район (Александровский Район),48°42′00″N,36°55′00″E,UA.DO.OL,,,,,
UR-I,County of Pershe Travnya,Першотравневий Район (Першотравневый Район),47°03′00″N,37°18′00″E,UA.DO.PT,,,,,
UR-I,Township of Selydove,Місто Селидове (Город Селидово),48°09′00″N,37°18′00″E,UA.DO.SE,,,,,
UR-I,Township of Slovyansk,Місто Слов'янськ (Город Славянск),48°51′00″N,37°36′00″E,UA.DO.MS,,,,,
UR-I,County of Slovyansk,Слов'янський Район (Славянский Район),48°01′00″N,37°03′00″E,UA.DO.SL,,,,,
UR-I,Township of Snizhne,Місто Сніжне (Город Снежное),48°01′00″N,38°46′00″E,UA.DO.SN,,,,,
UR-I,County of Starobesheve,Старобешівський Район (Старобешевский Район),47°40′00″N,38°04′00″E,UA.DO.SB,,,,,
UR-I,County of Telmanove,Тельманівський Район (Тельмановский Район),47°24′24″N,38°01′09″E,UA.DO.TE,,,,,
UR-I,Township of Thorez,Місто Торез (Город Торез),48°01′24″N,38°37′45″E,UA.DO.TO,,,,,
UR-I,Township of Khartsyzk,Місто Харцизьк (Город Харцызск),48°02′00″N,38°09′00″E,UA.DO.KH,,,,,
UR-I,Township of Shakhtarsk,Місто Шахтарськ (Город Шахтёрск),48°02′00″N,38°29′00″E,UA.DO.SA,,,,,
UR-I,County of Shakhtarsk,Шахтарський Район (Шахтёрский Район),48°03′00″N,38°31′00″E,UA.DO.SH,,,,,
UR-I,Township of Yasynuvata,Місто Ясинувата (Город Ясиноватая),48°07′00″N,37°50′00″E,UA.DO.MY,,,,,
UR-I,County of Yasynuvata,Ясинуватський Район (Ясиноватский Район),48°13′00″N,37°52′00″E,UA.DO.YA,,,,,
Province of Rivne ► Рівненська Область ► Ровненская Область,,,,,,,,,,
UR-K,County of Berezne,Березнівський Район (Березновский Район),51°00′00″N,26°45′00″E,UA.RI.BE,,,,,
UR-K,County of Volodymyrets,Володимирецький Район (Владимирецкий Район),51°25′15″N,26°08′24″E,UA.RI.VO,,,,,
UR-K,County of Hoshcha,Гощанський Район (Гощанский Район),50°35′55″N,26°40′31″E,UA.RI.HO,,,,,
UR-K,County of Demydivka,Демидівський Район (Демидовский Район),50°25′32″N,25°19′47″E,UA.RI.DE,,,,,
UR-K,County of Dubno,Дубенський Район (Дубенский Район),50°25′00″N,25°45′00″E,UA.RI.DU,,,,,
UR-K,Township of Dubno,Місто Дубно (Город Дубно),50°23′35″N,25°44′06″E,UA.RI.MD,,,,,
UR-K,County of Dubrovytsya,Дубровицький Район (Дубровицкий Район),51°34′33″N,26°33′34″E,UA.RI.DB,,,,,
UR-K,County of Zarichne,Зарічненський Район (Заречненский Район),51°49′32″N,26°08′34″E,UA.RI.ZA,,,,,
UR-K,County of Zdolbuniv,Здолбунівський Район (Здолбуновский Район),50°30′34″N,26°15′35″E,UA.RI.ZD,,,,,
UR-K,County of Korets,Корецький Район (Корецкий Район),50°37′00″N,27°10′00″E,UA.RI.KO,,,,,
UR-K,County of Kostopil,Костопільський Район (Костопольский Район),50°53′00″N,26°26′35″E,UA.RI.KS,,,,,
UR-K,Township of Kuznetsovsk,Місто Кузнецовськ (Город Кузнецовск),51°20′24″N,25°51′00″E,UA.RI.KU,,,,,
UR-K,County of Mlyniv,Млинівський Район (Млиновский Район),50°30′50″N,25°36′24″E,UA.RI.ML,,,,,
UR-K,Township of Ostroh,Місто Острог (Город Острог),50°19′44″N,26°30′51″E,UA.RI.MO,,,,,
UR-K,County of Ostroh,Острозький Район (Острожский Район),50°19′44″N,26°30′51″E,UA.RI.OS,,,,,
UR-K,County of Radyvyliv,Радивилівський Район (Радивиловский Район),50°07′43″N,25°15′52″E,UA.RI.RA,,,,,
UR-K,County of Rivne,Рівненський Район (Ровненский Район),50°37′56″N,26°22′52″E,UA.RI.RI,,,,,
UR-K,Township of Rivne,Місто Рівне (Город Ровно),50°37′11″N,26°15′05″E,UA.RI.MR,,,,,
UR-K,County of Rokytne,Рокитнівський Район (Рокитновский Район),51°17′14″N,27°12′37″E,UA.RI.RO,,,,,
UR-K,County of Sarny,Сарненський Район (Сарненский Район),51°19′37″N,26°37′59″E,UA.RI.SA,,,,,
Province of Kharkiv ► Харківська Область ► Харьковская Область,,,,,,,,,,
UR-L,County of Balakliya,Балаклійський Район (Балаклейский Район),49°27′23″N,36°50′20″E,UA.HA.BA,,,,,
UR-L,County of Barvinkove,Барвінківський Район (Барвенковский Район),48°54′24″N,37°00′47″E,UA.HA.BR,,,,,
UR-L,County of Blyznyuky,Близнюківський Район (Близнюковский Район),48°51′22″N,36°33′24″E,UA.HA.BL,,,,,
UR-L,County of Bohodukhiv,Богодухівський Район (Богодуховский Район),50°09′42″N,35°31′32″E,UA.HA.BD,,,,,
UR-L,County of Borova,Борівський Район (Боровский Район),49°23′03″N,37°37′15″E,UA.HA.BO,,,,,
UR-L,County of Valky,Валківський Район (Валковский Район),49°50′19″N,35°37′18″E,UA.HA.VA,,,,,
UR-L,County of Velyky Burluk,Великобурлуцький Район (Великобурлукский Район),50°02′44″N,37°23′26″E,UA.HA.VB,,,,,
UR-L,County of Vovchansk,Вовчанський Район (Волчанский Район),50°17′17″N,36°56′46″E,UA.HA.VO,,,,,
UR-L,County of Dvorichna,Дворічанський Район (Двуречанский Район),49°51′02″N,37°40′32″E,UA.HA.DR,,,,,
UR-L,County of Derhachi,Дергачівський Район (Дергачёвский Район),50°06′41″N,36°07′19″E,UA.HA.DE,,,,,
UR-L,County of Zachepylivka,Зачепилівський Район (Зачепиловский Район),49°11′49″N,35°14′52″E,UA.HA.ZA,,,,,
UR-L,County of Zmiyiv,Зміївський Район (Змиёвский Район),49°41′16″N,36°21′21″E,UA.HA.ZM,,,,,
UR-L,County of Zolochiv,Золочівський Район (Золочевский Район),50°17′00″N,35°58′12″E,UA.HA.ZO,,,,,
UR-L,Township of Izyum,Місто Ізюм (Город Изюм),49°13′25″N,37°17′29″E,UA.HA.MI,,,,,
UR-L,County of Izyum,Ізюмський Район (Изюмский Район),49°27′54″N,37°15′57″E,UA.HA.IZ,,,,,
UR-L,County of Kehychivka,Кегичівський Район (Кегичевский Район),49°17′09″N,35°45′44″E,UA.HA.KE,,,,,
UR-L,County of Kolomak,Коломацький Район (Коломакский Район),49°50′24″N,35°17′56″E,UA.HA.KO,,,,,
UR-L,County of Krasnohrad,Красноградський Район (Красноградский Район),49°22′19″N,35°27′25″E,UA.HA.KH,,,,,
UR-L,County of Krasnokutsk,Краснокутський Район (Краснокутский Район),50°03′24″N,35°08′57″E,UA.HA.KK,,,,,
UR-L,Township of Kupyansk,Місто Куп'янськ (Город Купянск),49°42′23″N,37°37′00″E,UA.HA.MK,,,,,
UR-L,County of Kupyansk,Куп'янський Район (Купянский Район),49°48′28″N,37°20′30″E,UA.HA.KU,,,,,
UR-L,Township of Lozova,Місто Лозова (Город Лозовая),48°53′21″N,36°18′58″E,UA.HA.ML,,,,,
UR-L,County of Lozova,Лозівський Район (Лозовский Район),49°12′51″N,36°30′09″E,UA.HA.LO,,,,,
UR-L,Township of Lyubotyn,Місто Люботин (Город Люботин),49°56′56″N,35°55′50″E,UA.HA.LU,,,,,
UR-L,County of Nova Vodolaha,Нововодолазький Район (Нововодолажский Район),49°43′11″N,35°52′38″E,UA.HA.NV,,,,,
UR-L,Township of Pervomaysky,Місто Первомайський (Город Первомайский),49°23′13″N,36°12′51″E,UA.HA.MP,,,,,
UR-L,County of Pervomaysky,Первомайський Район (Первомайский Район),49°28′45″N,36°06′20″E,UA.HA.PM,,,,,
UR-L,County of Pechenihy,Печенізький Район (Печенежский Район),49°51′53″N,36°56′11″E,UA.HA.PE,,,,,
UR-L,County of Sakhnovshchyna,Сахновщинський Район (Сахновщинский Район),49°08′56″N,35°52′28″E,UA.HA.SA,,,,,
UR-L,Township of Kharkiv,Місто Харків (Город Харьков),50°00′21″N,36°13′45″E,UA.HA.MH,,,,,
UR-L,County of Kharkiv,Харківський Район (Харьковский Район),49°56′25″N,36°30′21″E,UA.HA.HA,,,,,
UR-L,Township of Chuhuyiv,Місто Чугуїв (Город Чугуев),49°50′07″N,36°40′32″E,UA.HA.MC,,,,,
UR-L,County of Chuhuyiv,Чугуївський Район (Чугуевский Район),50°02′27″N,36°40′33″E,UA.HA.CH,,,,,
UR-L,County of Shevchenkove,Шевченківський Район (Шевченковский Район),49°41′38″N,37°10′46″E,UA.HA.SH,,,,,
Province of Luhansk ► Луганська Область ► Луганская Область,,,,,,,,,,
UR-M,Township of Alchevsk,Місто Алчевськ (Город Алчевск),48°28′49″N,38°47′52″E,UA.LU.AL,,,,,
UR-M,Township of Antratsyt,Місто Антрацит (Город Антрацит),48°07′47″N,39°06′15″E,UA.LU.AT,,,,,
UR-M,County of Antratsyt,Антрацитівський Район (Антрацитовский Район),48°13′57″N,38°57′09″E,UA.LU.AN,,,,,
UR-M,County of Bilovodsk,Біловодський Район (Беловодский Район),49°11′57″N,39°34′32″E,UA.LU.BV,,,,,
UR-M,County of Bilokurakyne,Білокуракинський Район (Белокуракинский Район),49°31′54″N,38°43′20″E,UA.LU.BK,,,,,
UR-M,Township of Bryanka,Місто Брянка (Город Брянка),48°11′35″N,39°08′24″E,UA.LU.BR,,,,,
UR-M,Township of Kirovsk,Місто Кіровськ (Город Кировск),48°38′15″N,38°38′36″E,UA.LU.KI,,,,,
UR-M,Township of Krasnodon,Місто Краснодон (Город Краснодон),48°17′57″N,39°44′59″E,UA.LU.MK,,,,,
UR-M,County of Krasnodon,Краснодонський Район (Краснодонский Район),48°15′31″N,39°34′11″E,UA.LU.KD,,,,,
UR-M,Township of Krasny Luch,Місто Красний Луч (Город Красный Луч),48°07′17″N,38°56′43″E,UA.LU.KL,,,,,
UR-M,County of Kreminna,Кремінський Район (Кременской Район),49°03′00″N,38°13′16″E,UA.LU.KR,,,,,
UR-M,Township of Lysychansk,Місто Лисичанськ (Город Лисичанск),48°54′04″N,38°26′45″E,UA.LU.LY,,,,,
UR-M,Township of Luhansk,Місто Луганськ (Город Луганск),48°34′00″N,39°18′00″E,UA.LU.LU,,,,,
UR-M,County of Lutuhyne,Лутугинський Район (Лутугинский Район),48°24′08″N,39°12′40″E,UA.LU.LT,,,,,
UR-M,County of Markivka,Марківський Район (Марковский Район),49°31′31″N,39°33′20″E,UA.LU.MA,,,,,
UR-M,County of Milove,Міловський Район (Меловской Район),49°22′23″N,40°08′16″E,UA.LU.MI,,,,,
UR-M,County of Novoaydar,Новоайдарський Район (Новоайдарский Район),48°57′33″N,39°01′10″E,UA.LU.NA,,,,,
UR-M,County of Novopskov,Новопсковський Район (Новопсковский Район),49°31′47″N,39°07′02″E,UA.LU.NP,,,,,
UR-M,Township of Pervomaysk,Місто Первомайськ (Город Первомайск),48°37′47″N,38°33′43″E,UA.LU.PM,,,,,
UR-M,County of Perevalsk,Перевальський Район (Перевальский Район),48°26′21″N,38°48′56″E,UA.LU.PE,,,,,
UR-M,County of Popasna,Попаснянський Район (Попаснянский Район),48°37′54″N,38°21′37″E,UA.LU.PO,,,,,
UR-M,Township of Rovenky,Місто Ровеньки (Город Ровеньки),48°04′16″N,39°20′34″E,UA.LU.RO,,,,,
UR-M,Township of Rubizhne,Місто Рубіжне (Город Рубежное),49°01′00″N,38°22′00″E,UA.LU.RU,,,,,
UR-M,County of Svatove,Сватівський Район (Сватовский Район),49°24′33″N,38°09′43″E,UA.LU.ST,,,,,
UR-M,Township of Sverdlovsk,Місто Свердловськ (Город Свердловск),48°03′30″N,39°39′30″E,UA.LU.MS,,,,,
UR-M,County of Sverdlovsk,Свердловський Район (Свердловский Район),47°57′10″N,39°44′18″E,UA.LU.SV,,,,,
UR-M,Township of Severodonetsk,Місто Сєвєродонецьк (Город Северодонецк),48°57′23″N,38°28′53″E,UA.LU.SD,,,,,
UR-M,County of Slovyanoserbsk,Слов’яносербський Район (Славяносербский Район),48°41′39″N,38°58′45″E,UA.LU.SS,,,,,
UR-M,County of Stanytsya Luhanska,Станично-Луганський Район (Станично-Луганский Район),48°40′14″N,39°28′20″E,UA.LU.SL,,,,,
UR-M,County of Starobilsk,Старобільський Район (Старобельский Район),49°16′39″N,38°55′27″E,UA.LU.SB,,,,,
UR-M,Township of Stakhanov,Місто Стаханов (Город Стаханов),48°34′05″N,38°39′31″E,UA.LU.SK,,,,,
UR-M,County of Troyitske,Троїцький Район (Троицкий Район),49°54′17″N,38°18′06″E,UA.LU.TR,,,,,
Province of Vinnytsya ► Вінницька Область ► Винницкая Область,,,,,,,,,,
UR-N,County of Bar,Барський Район (Барский Район),49°04′41″N,27°40′59″E,UA.VI.BA,,,,,
UR-N,County of Bershad,Бершадський Район (Бершадский Район),48°22′22″N,29°31′57″E,UA.VI.BE,,,,,
UR-N,Township of Vinnytsya,Місто Вінниця (Город Винница),49°14′14″N,28°28′02″E,UA.VI.MV,,,,,
UR-N,County of Vinnytsya,Вінницький Район (Винницкий Район),49°15′10″N,28°26′22″E,UA.VI.VI,,,,,
UR-N,County of Haysyn,Гайсинський Район (Гайсинский Район),48°48′37″N,29°23′03″E,UA.VI.HA,,,,,
UR-N,Township of Zhmerynka,Місто Жмеринка (Город Жмеринка),49°02′00″N,28°07′00″E,UA.VI.MZ,,,,,
UR-N,County of Zhmerynka,Жмеринський Район (Жмеринский Район),49°05′33″N,28°08′11″E,UA.VI.ZH,,,,,
UR-N,County of Illintsi,Іллінецький Район (Ильинецкий Район),49°06′20″N,29°12′32″E,UA.VI.IL,,,,,
UR-N,Township of Kozyatyn,Місто Козятин (Город Казатин),49°43′00″N,28°50′00″E,UA.VI.KZ,,,,,
UR-N,County of Kozyatyn,Козятинський Район (Казатинский Район),49°45′06″N,28°58′06″E,UA.VI.KO,,,,,
UR-N,County of Kalynivka,Калинівський Район (Калиновский Район),49°26′50″N,28°31′23″E,UA.VI.KA,,,,,
UR-N,County of Kryzhopil,Крижопільський Район (Крыжопольский Район),48°23′03″N,28°51′45″E,UA.VI.KR,,,,,
UR-N,Township of Ladyzhyn,Місто Ладижин (Город Ладыжин),48°41′23″N,29°14′30″E,UA.VI.LA,,,,,
UR-N,County of Lypovets,Липовецький Район (Липовецкий Район),49°12′58″N,29°03′22″E,UA.VI.LY,,,,,
UR-N,County of Lityn,Літинський Район (Литинский Район),49°19′38″N,28°05′00″E,UA.VI.LI,,,,,
UR-N,Township of Mohyliv-Podilsky,Місто Могилів-Подільський (Город Могилёв-Подольский),48°27′18″N,27°48′29″E,UA.VI.MM,,,,,
UR-N,County of Mohyliv-Podilsky,Могилів-Подільський Район (Могилёв-Подольский Район),48°36′13″N,27°42′18″E,UA.VI.MP,,,,,
UR-N,County of Murovani Kurylivtsi,Мурованокурилiвецький Район (Мурованокуриловецкий Район),48°43′20″N,27°30′54″E,UA.VI.MK,,,,,
UR-N,County of Nemyriv,Немирівський Район (Немировский Район),48°58′46″N,28°50′38″E,UA.VI.NE,,,,,
UR-N,County of Orativ,Оратівський Район (Оратовский Район),49°11′32″N,29°31′27″E,UA.VI.OR,,,,,
UR-N,County of Pishchanka,Піщанський Район (Песчанский Район),48°12′21″N,28°53′20″E,UA.VI.PI,,,,,
UR-N,County of Pohrebyshche,Погребищенський Район (Погребищенский Район),49°29′13″N,29°16′24″E,UA.VI.PO,,,,,
UR-N,County of Teplyk,Теплицький Район (Тепликский Район),48°39′34″N,29°45′14″E,UA.VI.TE,,,,,
UR-N,County of Tomashpil,Томашпільський Район (Томашпольский Район),48°33′01″N,28°31′17″E,UA.VI.TO,,,,,
UR-N,County of Trostyanets,Тростянецький Район (Тростянецкий Район),48°30′46″N,29°13′40″E,UA.VI.TR,,,,,
UR-N,County of Tulchyn,Тульчинський Район (Тульчинский Район),48°40′28″N,28°50′59″E,UA.VI.TU,,,,,
UR-N,County of Tyvriv,Тиврівський Район (Тывровский Район),49°00′43″N,28°30′14″E,UA.VI.TY,,,,,
UR-N,Township of Khmilnyk,Місто Хмільник (Город Хмельник),49°33′00″N,27°58′00″E,UA.VI.KM,,,,,
UR-N,County of Khmilnyk,Хмільницький Район (Хмельницкий Район),48°40′56″N,26°34′57″E,UA.VI.KH,,,,,
UR-N,County of Chernivtsi,Чернівецький Район (Черневецкий Район),48°32′34″N,28°06′27″E,UA.VI.CR,,,,,
UR-N,County of Chechelnyk,Чечельницький Район (Чечельницкий Район),48°12′59″N,29°20′54″E,UA.VI.CH,,,,,
UR-N,County of Sharhorod,Шаргородський Район (Шаргородский Район),48°45′19″N,28°04′44″E,UA.VI.SH,,,,,
UR-N,County of Yampil,Ямпільський Район (Ямпольский Район),48°14′42″N,28°16′40″E,UA.VI.YA,,,,,
Province of Volyn ► Волинська Область ► Волынская Область,,,,,,,,,,
UR-P,Township of Volodymyr-Volynsky,Місто Володимир-Волинський (Город Владимир-Волынский),50°50′53″N,24°19′20″E,UA.VO.MV,,,,,
UR-P,County of Volodymyr-Volynsky,Володимир-Волинський Район (Владимир-Волынский Район),50°51′36″N,24°09′25″E,UA.VO.VV,,,,,
UR-P,County of Horokhiv,Горохівський Район (Гороховский Район),50°29′58″N,24°45′54″E,UA.VO.HO,,,,,
UR-P,County of Ivanychi,Іваничівський Район (Иваничевский Район),50°38′23″N,24°21′37″E,UA.VO.IV,,,,,
UR-P,County of Kamin-Kashyrsky,Камінь-Каширський Район (Камень-Каширский Район),51°37′12″N,24°57′55″E,UA.VO.KK,,,,,
UR-P,County of Kivertsi,Ківерцівський Район (Киверцовский Район),50°49′59″N,25°27′41″E,UA.VO.KI,,,,,
UR-P,Township of Kovel,Місто Ковель (Город Ковель),51°13′09″N,24°41′16″E,UA.VO.MK,,,,,
UR-P,County of Kovel,Ковельський Район (Ковельский Район),51°14′22″N,24°56′30″E,UA.VO.KO,,,,,
UR-P,County of Lokachi,Локачинський Район (Локачинский Район),50°44′18″N,24°38′14″E,UA.VO.LO,,,,,
UR-P,Township of Lutsk,Місто Луцьк (Город Луцк),50°44′52″N,25°19′28″E,UA.VO.ML,,,,,
UR-P,County of Lutsk,Луцький Район (Луцкий Район),50°47′41″N,24°19′50″E,UA.VO.LU,,,,,
UR-P,County of Lyubeshiv,Любешівський Район (Любешовский Район),51°45′47″N,25°29′57″E,UA.VO.LY,,,,,
UR-P,County of Lyuboml,Любомльський Район (Любомльский Район),51°13′25″N,24°01′58″E,UA.VO.LB,,,,,
UR-P,County of Manevychi,Маневицький Район (Маневичский Район),51°17′33″N,25°33′01″E,UA.VO.MA,,,,,
UR-P,Township of Novovolynsk,Місто Нововолинськ (Город Нововолынск),50°44′08″N,24°09′45″E,UA.VO.NV,,,,,
UR-P,County of Ratne,Ратнівський Район (Ратновский Район),51°39′16″N,24°31′33″E,UA.VO.RA,,,,,
UR-P,County of Rozhyshche,Рожищенський Район (Рожищенский Район),50°54′47″N,25°16′12″E,UA.VO.RO,,,,,
UR-P,County of Stara Vyzhivka,Старовижівський Район (Старовыжевский Район),51°26′27″N,24°25′54″E,UA.VO.SV,,,,,
UR-P,County of Turiysk,Турійський Район (Турийский Район),51°05′18″N,24°31′28″E,UA.VO.TU,,,,,
UR-P,County of Shatsk,Шацький Район (Шацкий Район),51°29′16″N,23°55′47″E,UA.VO.SH,,,,,
Province of Zaporizhzhya ► Запорізька Область ► Запорожская Область,,,,,,,,,,
UR-Q,Township of Berdyansk,Місто Бердянськ (Город Бердянск),46°45′45″N,36°47′11″E,UA.ZP.MB,,,,,
UR-Q,County of Berdyansk,Бердянський Район (Бердянский Район),44°30′00″N,33°36′00″E,UA.ZP.BE,,,,,
UR-Q,County of Vasylivka,Василівський Район (Васильевский Район),47°26′03″N,35°16′35″E,UA.ZP.VA,,,,,
UR-Q,County of Velyka Bilozerka,Великобілозерський Район (Великобелозёрский Район),47°16′27″N,34°42′36″E,UA.ZP.VB,,,,,
UR-Q,County of Vesele,Веселівський Район (Весёловский Район),47°00′56″N,34°53′59″E,UA.ZP.VE,,,,,
UR-Q,County of Vilnyansk,Вільнянський Район (Вольнянский Район),47°56′30″N,35°25′52″E,UA.ZP.VI,,,,,
UR-Q,County of Hulyaypole,Гуляйпільський Район (Гуляйпольский Район),47°39′37″N,36°16′54″E,UA.ZP.HP,,,,,
UR-Q,Township of Enerhodar,Місто Енергодар (Город Энергодар),47°29′56″N,34°39′21″E,UA.ZP.ED,,,,,
UR-Q,County of Zaporizhzhya,Запорізький Район (Запорожский Район),47°44′39″N,35°13′13″E,UA.ZP.ZP,,,,,
UR-Q,Township of Zaporizhzhya,Місто Запоріжжя (Город Запорожье),47°50′16″N,35°08′18″E,UA.ZP.MZ,,,,,
UR-Q,County of Kamyanka-Dniprovska,Кам’янсько-Дніпровський Район (Каменско-Днепровский Район),47°27′46″N,34°25′22″E,UA.ZP.KD,,,,,
UR-Q,County of Kuybysheve,Куйбишевський Район (Куйбышевский Район),47°21′33″N,36°38′51″E,UA.ZP.KU,,,,,
UR-Q,Township of Melitopol,Місто Мелітополь (Город Мелитополь),46°50′25″N,35°21′32″E,UA.ZP.MM,,,,,
UR-Q,County of Melitopol,Мелітопольський Район (Мелитопольский Район),46°57′23″N,35°10′00″E,UA.ZP.ME,,,,,
UR-Q,County of Mykhaylivka,Михайлівський Район (Михайловский Район),47°16′06″N,35°13′44″E,UA.ZP.MY,,,,,
UR-Q,County of Novomykolayivka,Новомиколаївський Район (Новониколаевский Район),47°58′43″N,35°54′28″E,UA.ZP.NM,,,,,
UR-Q,County of Orikhiv,Оріхівський Район (Ореховский Район),47°34′10″N,35°46′40″E,UA.ZP.OR,,,,,
UR-Q,County of Polohy,Пологівський Район (Пологовский Район),47°28′25″N,36°15′50″E,UA.ZP.PO,,,,,
UR-Q,County of Pryazovske,Приазовський Район (Приазовский Район),46°44′17″N,35°38′04″E,UA.ZP.PA,,,,,
UR-Q,County of Prymorsk,Приморський Район (Приморский Район),46°44′00″N,36°21′00″E,UA.ZP.PM,,,,,
UR-Q,County of Rozivka,Розівський Район (Розовский Район),47°23′54″N,37°04′11″E,UA.ZP.RO,,,,,
UR-Q,Township of Tokmak,Місто Токмак (Город Токмак),47°15′05″N,35°42′21″E,UA.ZP.MT,,,,,
UR-Q,County of Tokmak,Токмацький Район (Токмакский Район),47°17′15″N,35°43′28″E,UA.ZP.TO,,,,,
UR-Q,County of Chernihivka,Чернігівський Район (Черниговский Район),47°11′35″N,36°12′51″E,UA.ZP.CH,,,,,
UR-Q,County of Yakymivka,Якимівський Район (Акимовский Район),46°42′07″N,35°09′53″E,UA.ZP.YA,,,,,
Province of Chernihiv ► Чернігівська Область ► Черниговская Область,,,,,,,,,,
UR-R,County of Bakhmach,Бахмацький Район (Бахмачский Район),51°10′32″N,32°49′38″E,UA.CR.BA,,,,,
UR-R,County of Bobrovytsya,Бобровицький Район (Бобровицкий Район),50°45′00″N,31°23′11″E,UA.CR.BO,,,,,
UR-R,County of Borzna,Борзнянський Район (Борзнянский Район),51°15′11″N,32°25′45″E,UA.CR.BZ,,,,,
UR-R,County of Varva,Варвинський Район (Варвинский Район),50°29′58″N,32°43′20″E,UA.CR.VA,,,,,
UR-R,County of Horodnya,Городнянський Район (Городнянский Район),51°53′35″N,31°35′41″E,UA.CR.HO,,,,,
UR-R,County of Ichnya,Ічнянський Район (Ичнянский Район),50°51′22″N,32°22′38″E,UA.CR.IC,,,,,
UR-R,County of Kozelets,Козелецький Район (Козелецкий Район),50°54′59″N,31°06′53″E,UA.CR.KZ,,,,,
UR-R,County of Korop,Коропський Район (Коропский Район),51°33′58″N,32°57′03″E,UA.CR.KR,,,,,
UR-R,County of Koryukivka,Корюківський Район (Корюковский Район),51°46′22″N,32°16′23″E,UA.CR.KO,,,,,
UR-R,County of Kulykivka,Куликівський Район (Куликовский Район),51°22′29″N,31°38′37″E,UA.CR.KU,,,,,
UR-R,County of Mena,Менський Район (Менский Район),51°31′27″N,32°13′16″E,UA.CR.ME,,,,,
UR-R,Township of Nizhyn,Місто Ніжин (Город Нежин),51°02′34″N,31°52′25″E,UA.CR.MN,,,,,
UR-R,County of Nizhyn,Ніжинський Район (Нежинский Район),50°56′21″N,31°59′06″E,UA.CR.NI,,,,,
UR-R,County of Novhorod-Siversky,Новгород-Сіверський Район (Новгород-Северский Район),52°00′31″N,33°16′25″E,UA.CR.NS,,,,,
UR-R,County of Nosivka,Носівський Район (Носовский Район),50°55′48″N,31°34′50″E,UA.CR.NO,,,,,
UR-R,Township of Pryluky,Місто Прилуки (Город Прилуки),50°35′21″N,32°23′08″E,UA.CR.MP,,,,,
UR-R,County of Pryluky,Прилуцький Район (Прилукский Район),50°37′28″N,32°24′25″E,UA.CR.PR,,,,,
UR-R,County of Ripky,Ріпкинський Район (Репкинский Район),51°47′58″N,31°05′58″E,UA.CR.RI,,,,,
UR-R,County of Semenivka,Семенівський Район (Семёновский Район),52°10′22″N,32°35′32″E,UA.CR.SE,,,,,
UR-R,County of Sosnytsya,Сосницький Район (Сосницкий Район),51°31′52″N,32°29′59″E,UA.CR.SO,,,,,
UR-R,County of Sribne,Срібнянський Район (Сребнянский Район),50°39′47″N,32°55′18″E,UA.CR.SR,,,,,
UR-R,County of Talalayivka,Талалаївський Район (Талалаевский Район),50°50′14″N,33°08′27″E,UA.CR.TA,,,,,
UR-R,Township of Chernihiv,Місто Чернігів (Город Чернигов),51°29′28″N,31°17′55″E,UA.CR.MC,,,,,
UR-R,County of Chernihiv,Чернігівський Район (Черниговский Район),51°31′12″N,30°42′41″E,UA.CR.CH,,,,,
UR-R,County of Shchors,Щорський Район (Щорский Район),51°49′13″N,31°57′03″E,UA.CR.SH,,,,,
Province of Ivano-Frankivsk ► Івано-Франківська Область ► Ивано-Франковская Область,,,,,,,,,,
UR-S,County of Bohorodchany,Богородчанський Район (Богородчанский Район),48°48′29″N,24°32′17″E,UA.IF.BO,,,,,
UR-S,Township of Bolekhiv,Місто Болехів (Город Болехов),49°04′01″N,23°51′05″E,UA.IF.BL,,,,,
UR-S,County of Verkhovyna,Верховинський Район (Верховинский Район),48°09′06″N,24°48′49″E,UA.IF.VE,,,,,
UR-S,County of Halych,Галицький Район (Галичский Район),49°08′22″N,24°43′54″E,UA.IF.HA,,,,,
UR-S,County of Horodenka,Городенківський Район (Городенковский Район),48°40′03″N,25°30′01″E,UA.IF.HO,,,,,
UR-S,County of Dolyna,Долинський Район (Долинский Район),48°58′13″N,24°00′39″E,UA.IF.DO,,,,,
UR-S,Township of Ivano-Frankivsk,Місто Івано-Франківськ (Город Ивано-Франковск),48°55′22″N,24°42′38″E,UA.IF.IF,,,,,
UR-S,Township of Kalush,Місто Калуш (Город Калуш),49°02′39″N,24°21′35″E,UA.IF.MK,,,,,
UR-S,County of Kalush,Калуський Район (Калушский Район),49°01′41″N,24°17′24″E,UA.IF.KA,,,,,
UR-S,County of Kolomyya,Коломийський Район (Коломыйский Район),48°32′20″N,24°58′09″E,UA.IF.KO,,,,,
UR-S,Township of Kolomyya,Місто Коломия (Город Коломыя),48°32′30″N,25°02′19″E,UA.IF.KL,,,,,
UR-S,County of Kosiv,Косівський Район (Косовский Район),48°19′15″N,25°05′33″E,UA.IF.KS,,,,,
UR-S,County of Nadvirna,Надвірнянський Район (Надворнянский Район),48°37′49″N,24°34′45″E,UA.IF.NA,,,,,
UR-S,County of Rohatyn,Рогатынський Район (Рогатинский Район),49°24′43″N,24°36′56″E,UA.IF.RO,,,,,
UR-S,County of Rozhnyativ,Рожнятівський Район (Рожнятовский Район),48°56′11″N,24°09′17″E,UA.IF.RZ,,,,,
UR-S,County of Snyatyn,Снятинський Район (Снятынский Район),48°27′04″N,25°34′16″E,UA.IF.SN,,,,,
UR-S,County of Tlumach,Тлумацький Район (Тлумачский Район),48°51′10″N,24°59′44″E,UA.IF.TL,,,,,
UR-S,County of Tysmenytsya,Тисменицький Район (Тысменицкий Район),48°54′07″N,24°50′53″E,UA.IF.TY,,,,,
UR-S,Township of Yaremche,Місто Яремче (Город Яремче),48°27′37″N,24°33′31″E,UA.IF.YA,,,,,
Province of Khmelnytsky ► Хмельницька Область ► Хмельницкая Область,,,,,,,,,,
UR-T,County of Bilohirya,Білогірський Район (Белогорский Район),50°00′18″N,26°24′57″E,UA.HM.BH,,,,,
UR-T,County of Vinkivtsi,Віньковецький Район (Виньковецкий Район),49°01′59″N,27°14′01″E,UA.HM.VI,,,,,
UR-T,County of Volochysk,Волочиський Район (Волочисский Район),49°32′16″N,26°12′02″E,UA.HM.VO,,,,,
UR-T,County of Horodok,Городоцький Район (Городокский Район),49°10′01″N,26°34′54″E,UA.HM.HO,,,,,
UR-T,County of Derazhnya,Деражнянський Район (Деражнянский Район),49°16′13″N,27°26′17″E,UA.HM.DE,,,,,
UR-T,County of Dunayivtsi,Дунаєвецький Район (Дунаевецкий Район),48°53′22″N,26°51′25″E,UA.HM.DU,,,,,
UR-T,County of Izyaslav,Ізяславський Район (Изяславский Район),50°07′08″N,26°49′17″E,UA.HM.IZ,,,,,
UR-T,Township of Kamyanets-Podilsky,Місто Кам'янець-Подільський (Город Каменец-Подольский),48°40′56″N,26°34′57″E,UA.HM.MK,,,,,
UR-T,County of Kamyanets-Podilsky,Кам’янець-Подільський Район (Каменец-Подольский Район),48°35′48″N,27°04′25″E,UA.HM.KP,,,,,
UR-T,County of Krasyliv,Красилівський Район (Красиловский Район),49°39′03″N,26°58′00″E,UA.HM.KR,,,,,
UR-T,County of Letychiv,Летичівський Район (Летичевский Район),49°23′30″N,27°37′24″E,UA.HM.LE,,,,,
UR-T,Township of Netishyn,Місто Нетішин (Город Нетешин),50°20′17″N,26°38′20″E,UA.HM.NE,,,,,
UR-T,County of Nova Ushytsya,Новоушицький Район (Новоушицкий Район),48°50′06″N,27°16′17″E,UA.HM.NU,,,,,
UR-T,County of Polonne,Полонський Район (Полонский Район),50°07′32″N,27°30′39″E,UA.HM.PO,,,,,
UR-T,Township of Slavuta,Місто Славута (Город Славута),50°18′10″N,26°52′06″E,UA.HM.MS,,,,,
UR-T,County of Slavuta,Славутський Район (Славутский Район),50°20′18″N,26°48′51″E,UA.HM.SL,,,,,
UR-T,Township of Starokostyantyniv,Місто Старокостянтинів (Город Староконстантинов),49°45′14″N,27°13′13″E,UA.HM.ST,,,,,
UR-T,County of Starokostyantyniv,Старокостянтинівський Район (Староконстантиновский Район),49°47′54″N,27°08′21″E,UA.HM.SK,,,,,
UR-T,County of Stara Synyava,Старосинявський Район (Старосинявский Район),49°35′45″N,27°37′23″E,UA.HM.SS,,,,,
UR-T,County of Teofipol,Теофіпольський Район (Теофипольский Район),49°50′31″N,26°24′43″E,UA.HM.TE,,,,,
UR-T,Township of Khmelnytsky,Місто Хмельницький (Город Хмельницкий),49°25′10″N,26°58′46″E,UA.HM.KM,,,,,
UR-T,County of Khmelnytsky,Хмельницький Район (Хмельницкий Район),49°25′47″N,27°07′20″E,UA.HM.KH,,,,,
UR-T,County of Chemerivtsi,Чемеровецький Район (Чемеровецкий Район),49°00′44″N,26°21′11″E,UA.HM.CH,,,,,
UR-T,Township of Shepetivka,Місто Шепетівка (Город Шепетовка),50°11′08″N,27°04′06″E,UA.HM.SE,,,,,
UR-T,County of Shepetivka,Шепетівський Район (Шепетовский Район),50°10′46″N,27°08′01″E,UA.HM.SH,,,,,
UR-T,County of Yarmolyntsi,Ярмолинецький Район (Ярмолинецкий Район),49°11′33″N,26°50′23″E,UA.HM.YA,,,,,
Province of Kiev ► Київська Область ► Киевская Область,,,,,,,,,,
UR-R,Township of Slavutych (Enclave of the Province of Chernihiv),Місто Славутич (Город Славутич) (Анклав Черниговской Области),51°31′21″N,30°43′05″E,UA.KO.SL,,,,,
UR-U,County of Baryshivka,Баришівський Район (Барышевский Район),50°21′14″N,31°19′00″E,UA.KO.BA,,,,,
UR-U,Township of Bila Tserkva,Місто Біла Церква (Город Белая Церковь),49°47′44″N,30°07′00″E,UA.KO.MB,,,,,
UR-U,County of Bila Tserkva,Білоцерківський Район (Белоцерковский Район),49°49′19″N,30°24′21″E,UA.KO.BT,,,,,
UR-U,Township of Berezan,Місто Березань (Город Березань),50°18′27″N,31°29′06″E,UA.KO.BE,,,,,
UR-U,County of Bohuslav,Богуславський Район (Богуславский Район),49°32′48″N,30°52′22″E,UA.KO.BS,,,,,
UR-U,Township of Boryspil,Місто Бориспіль (Город Борисполь),50°21′04″N,30°57′03″E,UA.KO.BO,,,,,
UR-U,County of Boryspil,Бориспільський Район (Бориспольский Район),50°22′16″N,31°04′30″E,UA.KO.BR,,,,,
UR-U,County of Borodyanka,Бородянський Район (Бородянский Район),50°38′45″N,29°55′14″E,UA.KO.BD,,,,,
UR-U,County of Brovary,Броварський Район (Броварский Район),50°35′34″N,30°54′37″E,UA.KO.BV,,,,,
UR-U,Township of Brovary,Місто Бровари (Город Бровары),50°30′41″N,30°47′25″E,UA.KO.BY,,,,,
UR-U,Township of Bucha,Місто Буча (Город Буча),50°32′47″N,30°14′06″E,UA.KO.BU,,,,,
UR-U,Township of Vasylkiv,Місто Васильків (Город Васильков),50°10′39″N,30°19′18″E,UA.KO.MV,,,,,
UR-U,County of Vasylkiv,Васильківський Район (Васильковский Район),50°06′39″N,30°22′25″E,UA.KO.VA,,,,,
UR-U,County of Volodarka,Володарський Район (Володарский Район),49°31′33″N,29°54′56″E,UA.KO.VD,,,,,
UR-U,County of Vyshhorod,Вишгородський Район (Вышгородский Район),50°35′14″N,30°29′20″E,UA.KO.VH,,,,,
UR-U,County of Zghurivka,Згурівський Район (Згуровский Район),50°29′20″N,31°46′42″E,UA.KO.ZG,,,,,
UR-U,County of Ivankiv (Excluding the Exclusion Zone of the Chernobyl Nuclear Power Plant),Іванківський Район (Иванковский Район) (Исключая Чернобыльскую Зону Отчуждения),50°56′07″N,29°53′46″E,UA.KO.IV,,,,,
UR-U,Township of Irpin,Місто Ірпінь (Город Ирпень),50°31′10″N,30°14′41″E,UA.KO.IR,,,,,
UR-U,County of Kaharlyk,Кагарлицький Район (Кагарлыкский Район),49°51′08″N,30°48′33″E,UA.KO.KA,,,,,
UR-U,County of Kiev-Svyatoshyn,Києво-Святошинський Район (Киево-Святошинский Район),50°27′00″N,30°31′25″E,UA.KO.KS,,,,,
UR-U,County of Makariv,Макарівський Район (Макаровский Район),50°27′35″N,29°48′53″E,UA.KO.MA,,,,,
UR-U,County of Myronivka,Миронівський Район (Мироновский Район),49°39′46″N,31°00′19″E,UA.KO.MY,,,,,
UR-U,Township of Obukhiv,Місто Обухів (Город Обухов),50°06′00″N,30°37′00″E,UA.KO.MO,,,,,
UR-U,County of Obukhiv,Обухівський Район (Обуховский Район),50°09′00″N,30°45′07″E,UA.KO.OB,,,,,
UR-U,Township of Pereyaslav-Khmelnytsky,Місто Переяслав-Хмельницький (Город Переяслав-Хмельницкий),50°03′58″N,31°27′16″E,UA.KO.MP,,,,,
UR-U,County of Pereyaslav-Khmelnytsky,Переяслав-Хмельницький Район (Переяслав-Хмельницкий Район),50°07′33″N,31°37′51″E,UA.KO.PK,,,,,
UR-U,County of Poliske (Excluding the Exclusion Zone of the Chernobyl Nuclear Power Plant),Поліський Район (Полесский Район) (Исключая Чернобыльскую Зону Отчуждения),51°04′33″N,29°38′14″E,UA.KO.PO,,,,,
UR-U,County of Rokytne,Рокитнянський Район (Ракитнянский Район),49°41′35″N,30°28′53″E,UA.KO.RO,,,,,
UR-U,Township of Rzhyshchiv,Місто Ржищів (Город Ржищев),49°57′40″N,31°02′37″E,UA.KO.RZ,,,,,
UR-U,County of Skvyra,Сквирський Район (Сквирский Район),49°43′56″N,29°39′03″E,UA.KO.SK,,,,,
UR-U,County of Stavyshche,Ставищенський Район (Ставищенский Район),49°23′29″N,30°11′30″E,UA.KO.ST,,,,,
UR-U,County of Tarashcha,Таращанський Район (Таращанский Район),49°33′39″N,30°30′22″E,UA.KO.TA,,,,,
UR-U,County of Tetiyiv,Тетіївський Район (Тетиевский Район),49°22′15″N,29°41′24″E,UA.KO.TE,,,,,
UR-U,Township of Fastiv,Місто Фастів (Город Фастов),50°04′29″N,29°55′05″E,UA.KO.MF,,,,,
UR-U,County of Fastiv,Фастівський Район (Фастовский Район),49°54′36″N,29°45′00″E,UA.KO.FA,,,,,
UR-U,County of Yahotyn,Яготинський Район (Яготинский Район),50°15′25″N,31°46′54″E,UA.KO.YA,,,,,
Exceptional Territories of the Province of Kiev,,,,,,,,,,
UR-U,The Exclusion Zone of the Chernobyl Nuclear Power Plant,Зона Відчуження Чорнобильської АЕС (Зона Отчуждения Чернобыльской АЭС),51°23′41″N,30°05′07″E,UA.DX.CH,,,,,
Province of Kirovohrad ► Кіровоградська Область ► Кировоградская Область,,,,,,,,,,
UR-V,County of Bobrynets,Бобринецький Район (Бобринецкий Район),48°03′28″N,32°09′29″E,UA.KI.BO,,,,,
UR-V,County of Vilshanka,Вільшанський Район (Ольшанский Район),48°14′22″N,30°52′09″E,UA.KI.VI,,,,,
UR-V,County of Hayvoron,Гайворонський Район (Гайворонский Район),48°20′26″N,29°51′59″E,UA.KI.HV,,,,,
UR-V,County of Holovanivsk,Голованівський Район (Голованевский Район),48°22′48″N,30°26′50″E,UA.KI.HO,,,,,
UR-V,County of Dobrovelychkivka,Добровеличківський Район (Добровеличковский Район),48°23′05″N,31°10′37″E,UA.KI.DV,,,,,
UR-V,County of Dolynska,Долинський Район (Долинский Район),48°06′39″N,32°45′53″E,UA.KI.DO,,,,,
UR-V,Township of Znamyanka,Місто Знам'янка (Город Знаменка),48°42′49″N,32°40′24″E,UA.KI.MZ,,,,,
UR-V,County of Znamyanka,Знам'янський Район (Знаменский Район),48°46′30″N,32°34′30″E,UA.KI.ZN,,,,,
UR-V,Township of Kirovohrad,Місто Кіровоград (Город Кировоград),48°30′36″N,32°16′00″E,UA.KI.MK,,,,,
UR-V,County of Kirovohrad,Кіровоградський Район (Кировоградский Район),48°27′41″N,32°07′29″E,UA.KI.KI,,,,,
UR-V,County of Kompaniyivka,Компаніївський Район (Компанеевский Район),48°15′12″N,32°12′19″E,UA.KI.KO,,,,,
UR-V,County of Mala Vyska,Маловисківський Район (Маловисковский Район),48°38′27″N,31°37′38″E,UA.KI.MV,,,,,
UR-V,County of Novhorodka,Новгородківський Район (Новгородковский Район),48°21′20″N,32°38′59″E,UA.KI.NH,,,,,
UR-V,County of Novoarkhanhelsk,Новоархангельський Район (Новоархангельский Район),48°40′04″N,30°49′26″E,UA.KI.NA,,,,,
UR-V,County of Novomyrhorod,Новомиргородський Район (Новомиргородский Район),48°48′01″N,31°39′05″E,UA.KI.NM,,,,,
UR-V,County of Novoukrayinka,Новоукраїнський Район (Новоукраинский Район),48°18′56″N,31°31′37″E,UA.KI.NU,,,,,
UR-V,County of Oleksandrivka,Олександрівський Район (Александровский Район),48°57′11″N,32°15′28″E,UA.KI.OV,,,,,
UR-V,County of Oleksandriya,Олександрійський Район (Александрийский Район),48°39′51″N,33°05′19″E,UA.KI.OD,,,,,
UR-V,Township of Oleksandriya,Місто Олександрія (Город Александрия),48°40′11″N,33°07′14″E,UA.KI.MO,,,,,
UR-V,County of Onufriyivka,Онуфріївський Район (Онуфриевский Район),48°54′16″N,33°26′53″E,UA.KI.ON,,,,,
UR-V,County of Petrove,Петрівський Район (Петровский Район),48°20′33″N,33°16′30″E,UA.KI.PE,,,,,
UR-V,Township of Svitlovodsk,Місто Світловодськ (Город Светловодск),49°03′09″N,33°12′18″E,UA.KI.MS,,,,,
UR-V,County of Svitlovodsk,Світловодський Район (Светловодский Район),49°03′12″N,32°57′16″E,UA.KI.SV,,,,,
UR-V,County of Ulyanovka,Ульяновський Район (Ульяновский Район),48°19′48″N,30°13′56″E,UA.KI.UL,,,,,
UR-V,County of Ustynivka,Устинівський Район (Устиновский Район),47°56′45″N,32°32′03″E,UA.KI.US,,,,,
Province of Lviv ► Львівська Область ► Львовская Область,,,,,,,,,,
UR-W,Township of Boryslav (Borysław),Місто Борислав (Город Борислав),49°17′17″N,23°25′36″E,UA.LV.BS,,,,,
UR-W,County of Brody,Бродівський Район (Бродовский Район),50°04′41″N,25°09′15″E,UA.LV.BR,,,,,
UR-W,County of Busk,Буський Район (Бусский Район),49°58′06″N,24°36′30″E,UA.LV.BU,,,,,
UR-W,County of Horodok (Gródek),Городоцький Район (Городокский Район),49°47′05″N,23°40′47″E,UA.LV.HO,,,,,
UR-W,Township of Drohobych (Drohobycz),Місто Дрогобич (Город Дрогобыч),49°21′14″N,23°30′58″E,UA.LV.MD,,,,,
UR-W,County of Drohobych (Drohobycz),Дрогобицький Район (Дрогобычский Район),49°25′37″N,23°44′45″E,UA.LV.DR,,,,,
UR-W,County of Zhydachiv (Żydaczów),Жидачівський Район (Жидачовский Район),49°23′06″N,24°08′40″E,UA.LV.ZY,,,,,
UR-W,County of Zhovkva (Żółkiew),Жовківський Район (Жолковский Район),50°03′18″N,23°58′36″E,UA.LV.ZV,,,,,
UR-W,County of Zolochiv (Złoczów),Золочівський Район (Золочевский Район),49°48′22″N,24°53′47″E,UA.LV.ZO,,,,,
UR-W,County of Kamyanka-Buzka (Kamionka Bużańska),Кам’янка-Бузький Район (Каменка-Бугский Район),50°06′18″N,24°20′16″E,UA.LV.KB,,,,,
UR-W,Township of Lviv (Lwów),Місто Львів (Город Львов),49°49′48″N,24°00′51″E,UA.LV.LV,,,,,
UR-W,Township of Morshyn (Morszyn),Місто Моршин (Город Моршин),49°09′17″N,23°52′07″E,UA.LV.MO,,,,,
UR-W,County of Mostyska (Mościska),Мостиський Район (Мостисский Район),49°47′46″N,23°09′37″E,UA.LV.MT,,,,,
UR-W,County of Mykolayiv (Mikołajów),Миколаївський Район (Николаевский Район),49°31′29″N,23°58′44″E,UA.LV.MY,,,,,
UR-W,Township of Novy Rozdil (Nowy Rozdół),Місто Новий Розділ (Город Новый Раздол),49°28′11″N,24°08′12″E,UA.LV.NR,,,,,
UR-W,County of Peremyshlyany (Przemyślany),Перемишлянський Район (Перемышлянский Район),49°40′14″N,24°33′36″E,UA.LV.PE,,,,,
UR-W,County of Pustomyty,Пустомитівський Район (Пустомытовский Район),49°43′14″N,23°54′20″E,UA.LV.PU,,,,,
UR-W,County of Radekhiv (Radziechów),Радехівський Район (Радеховский Район),50°16′42″N,24°38′42″E,UA.LV.RA,,,,,
UR-W,Township of Sambir (Sambor),Місто Самбір (Город Самбор),49°31′20″N,23°11′49″E,UA.LV.MS,,,,,
UR-W,County of Sambir (Sambor),Самбірський Район (Самборский Район),49°39′10″N,23°29′13″E,UA.LV.SA,,,,,
UR-W,County of Skole,Сколівський Район (Сколевский Район),49°02′01″N,23°30′42″E,UA.LV.SK,,,,,
UR-W,County of Sokal,Сокальський Район (Сокальский Район),50°29′05″N,24°16′58″E,UA.LV.SO,,,,,
UR-W,County of Stary Sambir (Stary Sambor),Старосамбірський Район (Старосамборский Район),49°26′28″N,23°00′29″E,UA.LV.SS,,,,,
UR-W,Township of Stryy (Stryj),Місто Стрий (Город Стрый),49°15′29″N,23°50′26″E,UA.LV.ST,,,,,
UR-W,County of Stryy (Stryj),Стрийський Район (Стрыйский Район),49°17′08″N,23°56′11″E,UA.LV.SR,,,,,
UR-W,Township of Truskavets (Truskawiec),Місто Трускавець (Город Трускавец),49°16′50″N,23°30′18″E,UA.LV.TR,,,,,
UR-W,County of Turka,Турківський Район (Турковский Район),49°09′27″N,23°01′21″E,UA.LV.TU,,,,,
UR-W,Township of Chervonohrad (Czerwonogród),Місто Червоноград (Город Червоноград),50°23′12″N,24°13′44″E,UA.LV.CH,,,,,
UR-W,County of Yavoriv (Jaworów),Яворівський Район (Яворовский Район),49°56′23″N,23°23′09″E,UA.LV.YA,,,,,
Province of Zhytomyr ► Житомирська Область ► Житомирская Область,,,,,,,,,,
UR-X,County of Andrushivka,Андрушівський Район (Андрушёвский Район),50°01′42″N,29°01′27″E,UA.ZH.AN,,,,,
UR-X,County of Baranivka,Баранівський Район (Барановский Район),50°17′37″N,27°40′01″E,UA.ZH.BA,,,,,
UR-X,Township of Berdychiv,Місто Бердичів (Город Бердичев),49°53′31″N,28°36′00″E,UA.ZH.MB,,,,,
UR-X,County of Berdychiv,Бердичівський Район (Бердичевский Район),49°56′08″N,28°36′06″E,UA.ZH.BE,,,,,
UR-X,County of Brusyliv,Брусилівський Район (Брусиловский Район),50°17′08″N,29°31′21″E,UA.ZH.BR,,,,,
UR-X,County of Volodarsk-Volynsky,Володарсько-Волинський Район (Володарско-Волынский Район),50°35′51″N,28°26′21″E,UA.ZH.VV,,,,,
UR-X,County of Yemilchyne,Ємільчинський Район (Емильчинский Район),50°52′15″N,27°48′26″E,UA.ZH.YE,,,,,
UR-X,Township of Zhytomyr,Місто Житомир (Город Житомир),50°15′16″N,28°39′28″E,UA.ZH.MZ,,,,,
UR-X,County of Zhytomyr,Житомирський Район (Житомирский Район),50°11′47″N,28°19′30″E,UA.ZH.ZH,,,,,
UR-X,County of Korosten,Коростенський Район (Коростенский Район),50°55′12″N,28°29′57″E,UA.ZH.KO,,,,,
UR-X,Township of Korosten,Місто Коростень (Город Коростень),50°58′25″N,28°36′52″E,UA.ZH.MK,,,,,
UR-X,County of Korostyshiv,Коростишівський Район (Коростышевский Район),50°19′07″N,29°03′33″E,UA.ZH.KR,,,,,
UR-X,County of Luhyny,Лугинський Район (Лугинский Район),51°04′52″N,28°24′07″E,UA.ZH.LU,,,,,
UR-X,County of Lyubar,Любарський Район (Любарский Район),49°55′14″N,27°45′49″E,UA.ZH.LB,,,,,
UR-X,Township of Malyn,Місто Малин (Город Малин),50°46′08″N,29°16′12″E,UA.ZH.MM,,,,,
UR-X,County of Malyn,Малинський Район (Малинский Район),50°51′30″N,29°06′46″E,UA.ZH.MA,,,,,
UR-X,County of Narodychi (Excluding the Exclusion Zone of the Chernobyl NPP),Народицький Район (Народичский Район) (Искл. Чернобыльскую Зону Отчуждения),51°12′10″N,29°04′53″E,UA.ZH.NA,,,,,
UR-X,Township of Novohrad-Volynsky,Місто Новоград-Волинський (Город Новоград-Волынский),50°35′00″N,27°37′13″E,UA.ZH.MN,,,,,
UR-X,County of Novohrad-Volynsky,Новоград-Волинський Район (Новоград-Волынский Район),50°27′28″N,27°42′18″E,UA.ZH.NV,,,,,
UR-X,County of Ovruch (Excluding the Exclusion Zone of the Chernobyl Nuclear Power Plant),Овруцький Район (Овручский Район) (Исключая Чернобыльскую Зону Отчуждения),51°19′28″N,28°48′29″E,UA.ZH.OV,,,,,
UR-X,County of Olevsk,Олевський Район (Олевский Район),51°13′40″N,27°38′53″E,UA.ZH.OL,,,,,
UR-X,County of Popilnya,Попільнянський Район (Попельнянский Район),49°56′45″N,29°27′34″E,UA.ZH.PO,,,,,
UR-X,County of Radomyshl,Радомишльський Район (Радомышльский Район),50°29′35″N,29°15′29″E,UA.ZH.RA,,,,,
UR-X,County of Romaniv (Formerly Dzerzhynsk),Романівський Район (Романовский Район) (С 1933 по 2003 — Дзержинск),50°09′06″N,27°56′21″E,UA.ZH.RO,,,,,
UR-X,County of Ruzhyn,Ружинський Район (Ружинский Район),49°43′24″N,29°13′17″E,UA.ZH.RU,,,,,
UR-X,County of Chervonoarmiysk,Червоноармійський Район (Червоноармейский Район),50°27′58″N,28°15′39″E,UA.ZH.CA,,,,,
UR-X,County of Chernyakhiv,Черняхівський Район (Черняховский Район),50°27′18″N,28°39′55″E,UA.ZH.CH,,,,,
UR-X,County of Chudniv,Чуднівський Район (Чудновский Район),50°03′10″N,28°05′49″E,UA.ZH.CU,,,,,
Exceptional Territories of the Province of Zhytomyr,,,,,,,,,,
UR-X,The Exclusion Zone of the Chernobyl Nuclear Power Plant,Зона Відчуження Чорнобильської АЕС (Зона Отчуждения Чернобыльской АЭС),51°06′17″N,29°04′18″E,UA.DX.ZC,,,,,
Province of Chernivtsi ► Чернівецька Область ► Черновицкая Область,,,,,,,,,,
UR-Y,County of Vyzhnytsya (Vijnița),Вижницький Район (Вижницкий Район),48°14′43″N,25°10′56″E,UA.CN.VY,,,,,
UR-Y,County of Hertsa (Herța),Герцаївський Район (Герцаевский Район),48°08′48″N,26°15′30″E,UA.CN.HE,,,,,
UR-Y,County of Hlyboka (Adâncata),Глибоцький Район (Глыбокский Район),48°05′23″N,25°55′42″E,UA.CN.HL,,,,,
UR-Y,County of Zastavna,Заставнівський Район (Заставновский Район),48°31′13″N,25°50′42″E,UA.CN.ZA,,,,,
UR-Y,County of Kelmentsi (Chelmenți),Кельменецький Район (Кельменецкий Район),48°27′48″N,26°49′45″E,UA.CN.KE,,,,,
UR-Y,County of Kitsman (Cozmeni),Кіцманський Район (Кицманский Район),48°26′28″N,25°46′01″E,UA.CN.KI,,,,,
UR-Y,Township of Novodnistrovsk,Місто Новодністровськ (Город Новоднестровск),48°34′40″N,27°26′29″E,UA.CN.ND,,,,,
UR-Y,County of Novoselytsya (Noua Suliță),Новоселицький Район (Новоселицкий Район),48°13′09″N,26°15′55″E,UA.CN.NS,,,,,
UR-Y,County of Putyla (Putila),Путильський Район (Путильский Район),47°59′43″N,25°05′44″E,UA.CN.PU,,,,,
UR-Y,County of Sokyryany (Secureni),Сокирянський Район (Сокирянский Район),48°27′11″N,27°24′58″E,UA.CN.SO,,,,,
UR-Y,County of Storozhynets (Storojineț),Сторожинецький Район (Сторожинецкий Район),48°09′35″N,25°42′54″E,UA.CN.ST,,,,,
UR-Y,County of Khotyn (Hotin),Хотинський Район (Хотинский Район),48°30′34″N,26°29′31″E,UA.CN.KH,,,,,
UR-Y,Township of Chernivtsi (Cernăuți),Місто Чернівці (Город Черновцы),48°17′27″N,25°56′04″E,UA.CN.CH,,,,,
Province of Mykolayiv ► Миколаївська Область ► Николаевская Область,,,,,,,,,,
UR-Z,County of Arbuzynka,Арбузинський Район (Арбузинский Район),47°54′24″N,31°18′47″E,UA.MY.AR,,,,,
UR-Z,County of Bashtanka,Баштанський Район (Баштанский Район),47°24′10″N,32°26′39″E,UA.MY.BA,,,,,
UR-Z,County of Berezanka,Березанський Район (Березанский Район),46°51′18″N,31°23′15″E,UA.MY.BE,,,,,
UR-Z,County of Bereznehuvate,Березнегуватський Район (Березнеговатский Район),47°18′41″N,32°50′52″E,UA.MY.BH,,,,,
UR-Z,County of Bratske,Братський Район (Братский Район),47°52′14″N,31°34′24″E,UA.MY.BR,,,,,
UR-Z,County of Veselynove,Веселинівський Район (Веселиновский Район),47°21′25″N,31°14′16″E,UA.MY.VE,,,,,
UR-Z,Township of Voznesensk,Місто Вознесенськ (Город Вознесенск),47°34′21″N,31°18′43″E,UA.MY.MV,,,,,
UR-Z,County of Voznesensk,Вознесенський Район (Вознесенский Район),47°36′50″N,31°12′18″E,UA.MY.VO,,,,,
UR-Z,County of Vradiyivka,Врадіївський Район (Врадиевский Район),47°51′42″N,30°35′35″E,UA.MY.VR,,,,,
UR-Z,County of Domanivka,Доманівський Район (Доманёвский Район),47°37′39″N,30°58′43″E,UA.MY.DO,,,,,
UR-Z,County of Yelanets,Єланецький Район (Еланецкий Район),47°41′52″N,31°51′16″E,UA.MY.YE,,,,,
UR-Z,County of Zhovtneve,Жовтневий Район (Жовтневый Район),47°06′35″N,32°22′46″E,UA.MY.ZH,,,,,
UR-Z,County of Kazanka,Казанківський Район (Казанковский Район),47°50′17″N,32°49′34″E,UA.MY.KA,,,,,
UR-Z,County of Krive Ozero,Кривоозерський Район (Кривоозерский Район),47°56′43″N,30°19′47″E,UA.MY.KO,,,,,
UR-Z,Township of Mykolayiv,Місто Миколаїв (Город Николаев),46°58′31″N,31°59′37″E,UA.MY.MM,,,,,
UR-Z,County of Mykolayiv,Миколаївський Район (Николаевский Район),47°00′52″N,31°44′41″E,UA.MY.MY,,,,,
UR-Z,County of Novy Buh,Новобузький Район (Новобугский Район),47°41′02″N,32°30′28″E,UA.MY.NB,,,,,
UR-Z,County of Nova Odesa,Новоодеський Район (Новоодесский Район),47°17′38″N,31°47′20″E,UA.MY.NO,,,,,
UR-Z,Township of Ochakiv,Місто Очаків (Город Очаков),46°37′07″N,31°32′21″E,UA.MY.MO,,,,,
UR-Z,County of Ochakiv,Очаківський Район (Очаковский Район),46°41′57″N,31°32′16″E,UA.MY.OC,,,,,
UR-Z,Township of Pervomaysk,Місто Первомайськ (Город Первомайск),48°02′38″N,30°51′00″E,UA.MY.MP,,,,,
UR-Z,County of Pervomaysk,Первомайський Район (Первомайский Район),48°00′05″N,30°47′10″E,UA.MY.PM,,,,,
UR-Z,County of Snihurivka,Снігурівський Район (Снигирёвский Район),47°04′15″N,32°47′59″E,UA.MY.SN,,,,,
UR-Z,Township of Yuzhnoukrayinsk,Місто Южноукраїнськ (Город Южноукраинск),47°49′18″N,31°10′30″E,UA.MY.YU,,,,,
City of Kiev ► Місто Київ ► Город Киев,,,,,,,,,,
UT-U,Borough of Holosiyiv,Голосіївський Район (Голосеевский Район),50°18′54″N,30°32′37″E,UA.KV.HO,,,,,
UT-U,Borough of Darnytsya,Дарницький Район (Дарницкий Район),50°23′21″N,30°42′21″E,UA.KV.DA,,,,,
UT-U,Borough of Desna,Деснянський Район (Деснянский Район),50°31′10″N,30°39′47″E,UA.KV.DE,,,,,
UT-U,Borough of Dnipro,Дніпровський Район (Днепровский Район),50°27′06″N,30°38′36″E,UA.KV.DN,,,,,
UT-U,Borough of Obolon,Оболонський Район (Оболонский Район),50°31′29″N,30°26′47″E,UA.KV.OB,,,,,
UT-U,Borough of Pechersk,Печерський Район (Печерский Район),50°25′46″N,30°33′07″E,UA.KV.PE,,,,,
UT-U,Borough of Podil,Подільський Район (Подольский Район),50°29′27″N,30°27′03″E,UA.KV.PO,,,,,
UT-U,Borough of Svyatoshyn,Святошинський Район (Святошинский Район),50°28′19″N,30°20′14″E,UA.KV.SV,,,,,
UT-U,Borough of Solomyansk,Солом'янський Район (Соломенский Район),50°25′10″N,30°27′29″E,UA.KV.SO,,,,,
UT-U,Borough of Shevchenko,Шевченківський Район (Шевченковский Район),50°27′09″N,30°28′29″E,UA.KV.SH,,,,,
Autonomous Republic of Crimea ► Автономна Республіка Крим ► Qırım Muhtar Cumhuriyeti ► Автономная Республика Крым,,,,,,,,,,
UU,Township of Alushta (Aluşta),Алуштинська Міськрада (Алуштинский Горсовет / Aluşta Şeer Şurası),44°40′02″N,34°23′52″E,UA.KR.AL,,,,,
UU,Township of Armyansk (Ermeni Bazar),Армянська Міськрада (Армянский Горсовет / Ermeni Bazar Şeer Şurası),46°06′26″N,33°41′36″E,UA.KR.AR,,,,,
UU,County of Bakhchysaray (Bağçasaray),Бахчисарайський Район (Бахчисарайский Район / Bağçasaray Rayonı),44°45′10″N,33°51′39″E,UA.KR.BA,,,,,
UU,County of Bilohirsk (Qarasuvbazar),Білогірський Район (Белогорский Район / Qarasuvbazar Rayonı),45°03′16″N,34°36′08″E,UA.KR.BH,,,,,
UU,Township of Dzhankoy (Canköy),Джанкойська Міськрада (Джанкойский Горсовет / Canköy Şeer Şurası),45°35′29″N,34°34′03″E,UA.KR.MD,,,,,
UU,County of Dzhankoy (Canköy),Джанкойський Район (Джанкойский Район / Canköy Rayonı),45°42′31″N,34°23′36″E,UA.KR.DZ,,,,,
UU,Township of Yevpatoria (Kezlev),Євпаторійська Міськрада (Евпаторийский Горсовет / Kezlev Şeer Şurası),45°12′13″N,33°21′41″E,UA.KR.YE,,,,,
UU,Township of Kerch (Keriç) (Excluding Tuzla Island),Керченська Міськрада (Керченский Горсовет / Keriç Şeer Şurası) (Исключая о. Тузла),45°20′19″N,36°28′05″E,UA.KR.KE,,,,,
UU,County of Kirovske (İslâm Terek),Кіровський Район (Кировский Район / İslâm Terek Rayonı),45°01′45″N,35°05′19″E,UA.KR.KI,,,,,
UU,County of Krasnohvardiyske (Qurman),Красногвардійський Район (Красногвардейский Район / Qurman Rayonı),45°29′52″N,34°17′42″E,UA.KR.KH,,,,,
UU,Township of Krasnoperekopsk,Красноперекопська Міськрада (Красноперекопский Горсовет / Krasnoperekopsk Şeer Şurası),45°58′03″N,33°48′01″E,UA.KR.MK,,,,,
UU,County of Krasnoperekopsk,Красноперекопський Район (Красноперекопский Район / Krasnoperekopsk Rayonı),45°57′42″N,33°57′15″E,UA.KR.KP,,,,,
UU,County of Lenine (Yedi Quyu),Ленінський Район (Ленинский Район / Yedi Quyu Rayonı),45°17′51″N,35°46′26″E,UA.KR.LE,,,,,
UU,County of Nyzhnyohirsky (Seyitler),Нижньогірський Район (Нижнегорский Район / Seyitler Rayonı),45°26′47″N,34°44′04″E,UA.KR.NH,,,,,
UU,County of Pervomayske (Curçı),Первомайський Район (Первомайский Район / Curçı Rayonı),45°42′54″N,33°51′24″E,UA.KR.PM,,,,,
UU,County of Rozdolne (Aqşeyh),Роздольненський Район (Раздольненский Район / Aqşeyh Rayonı),45°46′09″N,33°29′08″E,UA.KR.RO,,,,,
UU,Township of Saky (Saq),Сакська Міськрада (Сакский Горсовет / Saq Şeer Şurası),45°08′01″N,33°34′38″E,UA.KR.MS,,,,,
UU,County of Saky (Saq),Сакський Район (Сакский Район / Saq Rayonı),45°05′37″N,33°34′06″E,UA.KR.SA,,,,,
UU,Township of Simferopol (Aqmescit),Сімферопольська Міськрада (Симферопольский Горсовет / Aqmescit Şeer Şurası),45°01′07″N,34°03′16″E,UA.KR.SM,,,,,
UU,County of Simferopol (Aqmescit),Сімферопольський Район (Симферопольский Район / Aqmescit Rayonı),45°00′14″N,34°03′15″E,UA.KR.SI,,,,,
UU,County of Sovyetsky (İçki),Совєтський Район (Советский Район / İçki Rayonı),45°20′34″N,34°55′42″E,UA.KR.SO,,,,,
UU,Township of Sudak (Sudaq),Судацька Міськрада (Судакский Горсовет / Sudaq Şeer Şurası),44°51′05″N,34°58′21″E,UA.KR.SU,,,,,
UU,Township of Feodosia (Kefe),Феодосійська Міськрада (Феодосийский Горсовет / Kefe Şeer Şurası),45°02′56″N,35°22′45″E,UA.KR.FE,,,,,
UU,County of Chornomorske (Aqmeçit),Чорноморський Район (Черноморский Район / Aqmeçit Rayonı),45°30′11″N,32°42′18″E,UA.KR.CH,,,,,
UU,Township of Yalta,Ялтинська Міськрада (Ялтинский Горсовет / Yalta Şeer Şurası),44°29′58″N,34°09′19″E,UA.KR.YA,,,,,
Exceptional Territories of the Autonomous Republic of Crimea,,,,,,,,,,
UU,Tuzla Island,Острів Тузла (Остров Тузла),45°17′24″N,36°31′19″E,UA.DX.TU,,,,,
City of Sevastopol ► Місто Севастополь ► Город Севастополь,,,,,,,,,,
UU9,Borough of Balaklava,Балаклавський Район (Балаклавский Район),44°30′00″N,33°36′00″E,UA.SL.BA,,,,,
UU9,Borough of Gagarin,Гагарінський Район (Гагаринский Район),44°33′46″N,33°27′10″E,UA.SL.GA,,,,,
UU9,Borough of Lenin,Ленінський Район (Ленинский район),44°34′58″N,33°31′58″E,UA.SL.LE,,,,,
UU9,Borough of Nakhimov,Нахімовський Район (Нахимовский Район),44°43′57″N,33°37′38″E,UA.SL.NA,,,,,
Republic of Latvia ► Latvijas Republika,,,,,,,,,,
Planning Region of Courland (Kurzeme) ► Kurzemes Plānošanas Reģions,,,,,,,,,,
YL,County of Aizpute,Aizputes Novads,56°42′00″N,21°36′00″E,LV.KU.AZ,,,,,
YL,County of Alsunga,Alsungas Novads,56°59′00″N,21°34′00″E,LV.KU.AS,,,,,
YL,County of Brocēni,Brocēnu Novads,56°40′00″N,22°34′00″E,LV.KU.BR,,,,,
YL,County of Dundaga,Dundagas Novads,57°31′00″N,22°21′00″E,LV.KU.DN,,,,,
YL,County of Durbe,Durbes Novads,56°35′00″N,21°22′00″E,LV.KU.DB,,,,,
YL,County of Grobiņa,Grobiņas Novads,56°32′00″N,21°11′00″E,LV.KU.GR,,,,,
YL,County of Kuldīga,Kuldīgas Novads,56°58′00″N,21°59′00″E,LV.KU.KU,,,,,
YL,Township of Liepāja,Liepāja Republikas Pilsēta,56°30′42″N,21°00′50″E,LV.KU.LP,,,,,
YL,County of Mērsrags,Mērsraga Novads,57°20′00″N,23°07′30″E,LV.KU.ME,,,,,
YL,County of Nīca,Nīcas Novads,56°20′45″N,21°03′52″E,LV.KU.NI,,,,,
YL,County of Pāvilosta,Pāvilostas Novads,56°53′00″N,21°13′00″E,LV.KU.PV,,,,,
YL,County of Priekule,Priekules Novads,56°25′00″N,21°34′00″E,LV.KU.PK,,,,,
YL,County of Roja,Rojas Novads,57°30′11″N,22°48′38″E,LV.KU.RO,,,,,
YL,County of Rucava,Rucavas Novads,56°09′33″N,21°09′43″E,LV.KU.RU,,,,,
YL,County of Saldus,Saldus Novads,56°40′00″N,22°30′00″E,LV.KU.SD,,,,,
YL,County of Skrunda,Skrundas Novads,56°40′00″N,22°00′00″E,LV.KU.SU,,,,,
YL,County of Talsi,Talsu Novads,57°15′00″N,22°36′00″E,LV.KU.TA,,,,,
YL,County of Vaiņode,Vaiņodes Novads,56°25′01″N,21°51′19″E,LV.KU.VA,,,,,
YL,County of Ventspils,Ventspils Novads,57°23′44″N,21°32′39″E,LV.KU.VP,,,,,
YL,Township of Ventspils,Ventspils Republikas Pilsēta,57°13′00″N,21°40′00″E,LV.KU.VT,,,,,
Planning Region of Latgalia (Latgale) ► Latgales Plānošanas Reģions,,,,,,,,,,
YL,County of Aglonas,Aglonas Novads,56°07′24″N,27°01′00″E,LV.LA.AG,,,,,
YL,County of Baltinava,Baltinavas Novads,56°56′41″N,27°38′41″E,LV.LA.BT,,,,,
YL,County of Balvi,Balvu Novads,57°07′57″N,27°15′57″E,LV.LA.BV,,,,,
YL,County of Cibla,Ciblas Novads,56°33′00″N,27°53′02″E,LV.LA.CI,,,,,
YL,County of Dagda,Dagdas Novads,56°05′40″N,27°32′14″E,LV.LA.DA,,,,,
YL,County of Daugavpils,Daugavpils Novads,55°58′40″N,26°17′51″E,LV.LA.DU,,,,,
YL,Township of Daugavpils,Daugavpils Republikas Pilsēta,55°52′30″N,26°32′08″E,LV.LA.DG,,,,,
YL,County of Gulbene,Gulbenes Novads,57°10′21″N,26°45′40″E,LV.LA.GU,,,,,
YL,County of Ilūkste,Ilūkstes Novads,55°58′40″N,26°17′51″E,LV.LA.IL,,,,,
YL,County of Kārsava,Kārsavas Novads,56°47′02″N,27°41′05″E,LV.LA.KS,,,,,
YL,County of Krāslava,Krāslavas Novads,55°53′42″N,27°09′54″E,LV.LA.KR,,,,,
YL,County of Līvāni,Līvānu Novads,56°22′00″N,26°11′00″E,LV.LA.LV,,,,,
YL,County of Ludza,Ludzas Novads,56°32′47″N,27°43′37″E,LV.LA.LD,,,,,
YL,County of Preiļi,Preiļu Novads,56°18′00″N,26°43′00″E,LV.LA.PR,,,,,
YL,Township of Rēzekne,Rēzekne Republikas Pilsēta,56°30′23″N,27°19′50″E,LV.LA.RE,,,,,
YL,County of Rēzekne,Rēzeknes Novads,56°30′00″N,25°51′00″E,LV.LA.RZ,,,,,
YL,County of Riebiņi,Riebiņu Novads,56°20′22″N,26°47′51″E,LV.LA.RB,,,,,
YL,County of Rugāji,Rugāju Novads,56°59′58″N,27°07′37″E,LV.LA.RJ,,,,,
YL,County of Vārkava,Vārkavas Novads,56°11′54″N,26°30′30″E,LV.LA.VK,,,,,
YL,County of Viļaka,Viļakas Novads,57°11′03″N,27°40′21″E,LV.LA.VI,,,,,
YL,County of Viļāni,Viļānu Novads,56°33′09″N,26°55′29″E,LV.LA.VN,,,,,
YL,County of Zilupe,Zilupes Novads,56°23′07″N,28°07′19″E,LV.LA.ZL,,,,,
Planning Region of Riga ► Rīgas Plānošanas Reģions,,,,,,,,,,
YL,County of Ādaži,Ādažu Novads,57°04′37″N,24°19′23″E,LV.RI.AD,,,,,
YL,County of Aloja,Alojas Novads,57°46′00″N,24°53′14″E,LV.RI.AJ,,,,,
YL,County of Babīte,Babītes Novads,56°57′26″N,23°57′12″E,LV.RI.BA,,,,,
YL,County of Baldone,Baldones Novads,56°44′50′″N,24°23′58″E,LV.RI.BL,,,,,
YL,County of Carnikava,Carnikavas Novads,57°08′00″N,24°17′00″E,LV.RI.CA,,,,,
YL,County of Engure,Engures Novads,56°57′18″N,23°20′17″E,LV.RI.EN,,,,,
YL,County of Garkalne,Garkalnes Novads,57°02′40″N,24°26′03″E,LV.RI.GA,,,,,
YL,County of Ikšķile,Ikšķiles Novads,56°49′00″N,24°29′00″E,LV.RI.IK,,,,,
YL,County of Inčukalns,Inčukalna Novads,57°05′47″N,24°41′15″E,LV.RI.IN,,,,,
YL,County of Jaunpils,Jaunpils Novads,56°43′53″N,23°00′45″E,LV.RI.JA,,,,,
YL,Township of Jūrmala,Jūrmala Republikas Pilsēta,56°58′00″N,23°45′00″E,LV.RI.JU,,,,,
YL,County of Kandava,Kandavas Novads,57°02′15″N,22°46′30″E,LV.RI.KA,,,,,
YL,County of Krimulda,Krimuldas Novads,57°10′53″N,24°42′35″E,LV.RI.KM,,,,,
YL,County of Ķegums,Ķeguma Novads,56°44′39″N,24°43′30″E,LV.RI.KE,,,,,
YL,County of Ķekava,Ķekavas Novads,56°49′56″N,24°13′36″E,LV.RI.KK,,,,,
YL,County of Lielvārde,Lielvārdes Novads,56°43′23″N,24°48′21″E,LV.RI.LI,,,,,
YL,County of Limbaži,Limbažu Novads,57°30′41″N,24°43′09″E,LV.RI.LM,,,,,
YL,County of Mālpils,Mālpils Novads,57°00′38″N,24°57′35″E,LV.RI.ML,,,,,
YL,County of Mārupe,Mārupes Novads,56°54′03″N,24°02′52″E,LV.RI.MR,,,,,
YL,County of Ogre,Ogres Novads,56°49′07″N,24°36′20″E,LV.RI.OG,,,,,
YL,County of Olaine,Olaines Novads,56°47′14″N,23°56′31″E,LV.RI.OL,,,,,
YL,Township of Rīga,Rīga Republikas Pilsēta,56°56′56″N,24°06′23″E,LV.RI.RI,,,,,
YL,County of Ropaži,Ropažu Novads,56°58′25″N,24°37′56″E,LV.RI.RP,,,,,
YL,County of Salacgrīva,Salacgrīvas Novads,57°45′06″N,24°21′26″E,LV.RI.SA,,,,,
YL,County of Salaspils,Salaspils Novads,56°51′31″N,24°20′59″E,LV.RI.SP,,,,,
YL,County of Saulkrasti,Saulkrastu Novads,57°15′43″N,24°24′57″E,LV.RI.SK,,,,,
YL,County of Sēja,Sējas Novads,57°09′10″N,24°38′40″E,LV.RI.SE,,,,,
YL,County of Sigulda,Siguldas Novads,57°09′18″N,24°51′28″E,LV.RI.SI,,,,,
YL,County of Stopiņi,Stopiņu Novads,56°56′00″N,24°17′00″E,LV.RI.ST,,,,,
YL,County of Tukums,Tukuma Novads,56°58′00″N,23°09′12″E,LV.RI.TU,,,,,
Planning Region of Vidzeme ► Vidzemes Plānošanas Reģions,,,,,,,,,,
YL,County of Alūksne,Alūksnes Novads,57°25′14″N,27°02′55″E,LV.VI.AL,,,,,
YL,County of Amata,Amatas Novads,57°16′33″N,25°07′48″E,LV.VI.AM,,,,,
YL,County of Ape,Apes Novads,57°32′27″N,26°41′36″E,LV.VI.AP,,,,,
YL,County of Beverīna,Beverīnas Novads,57°28′34″N,25°29′16″E,LV.VI.BE,,,,,
YL,County of Burtnieki,Burtnieku Novads,57°41′41″N,25°16′30″E,LV.VI.BU,,,,,
YL,County of Cēsis,Cēsu Novads,57°18′45″N,25°16′31″E,LV.VI.CE,,,,,
YL,County of Cesvaine,Cesvaines Novads,56°57′58″N,26°18′18″E,LV.VI.CS,,,,,
YL,County of Ērgļi,Ērgļu Novads,56°53′51″N,25°38′15″E,LV.VI.ER,,,,,
YL,County of Jaunpiebalga,Jaunpiebalgas Novads,57°10′36″N,26°02′07″E,LV.VI.JB,,,,,
YL,County of Gulbene,Gulbenes Novads,57°10′21″N,57°10′21″N,LV.VI.GU,,,,,
YL,County of Kocēni,Kocēnu Novads,57°31′18″N,25°20′14″E,LV.VI.KO,,,,,
YL,County of Līgatne,Līgatnes Novads,57°13′56″N,25°02′45″E,LV.VI.LG,,,,,
YL,County of Lubāna,Lubānas Novads,56°54′00″N,26°43′00″E,LV.VI.LU,,,,,
YL,County of Madona,Madonas Novads,56°51′04″N,26°13′10″E,LV.VI.MA,,,,,
YL,County of Mazsalaca,Mazsalacas Novads,57°51′37″N,25°03′21″E,LV.VI.MZ,,,,,
YL,County of Naukšēni,Naukšēnu Novads,57°53′01″N,25°27′10″E,LV.VI.NA,,,,,
YL,County of Pārgauja,Pārgaujas Novads,57°22′16″N,25°01′56″E,LV.VI.PA,,,,,
YL,County of Priekuļi,Priekuļu Novads,56°26′39″N,21°35′42″E,LV.VI.PI,,,,,
YL,County of Rauna,Raunas Novads,57°19′56″N,25°36′35″E,LV.VI.RA,,,,,
YL,County of Rūjiena,Rūjienas Novads,57°53′50″N,25°19′34″E,LV.VI.RN,,,,,
YL,County of Smiltene,Smiltenes Novads,57°25′27″N,25°54′24″E,LV.VI.SM,,,,,
YL,County of Strenči,Strenču Novads,57°37′39″N,25°41′06″E,LV.VI.SC,,,,,
YL,County of Valka,Valkas Novads,57°46′30″N,26°00′36″E,LV.VI.VL,,,,,
YL,Township of Valmiera,Valmiera Republikas Pilsēta,57°32′19″N,25°25′32″E,LV.VI.VM,,,,,
YL,County of Varakļāni,Varakļānu Novads,56°36′37″N,26°45′09″E,LV.VI.VR,,,,,
YL,County of Vecpiebalga,Vecpiebalgas Novads,57°03′43″N,25°48′39″E,LV.VI.VE,,,,,
Planning Region of Semigalia (Zemgale) ► Zemgales Plānošanas Reģions,,,,,,,,,,
YL,County of Aizkraukle,Aizkraukles Novads,56°36′15″N,25°15′19″E,LV.ZE.AI,,,,,
YL,County of Aknīste,Aknīstes Novads,56°09′43″N,25°44′51″E,LV.ZE.AK,,,,,
YL,County of Auce,Auces Novads,56°27′39″N,22°54′04″E,LV.ZE.AU,,,,,
YL,County of Bauska,Bauskas Novads,56°24′25″N,24°11′11″E,LV.ZE.BS,,,,,
YL,County of Dobele,Dobeles Novads,56°37′27″N,23°16′48″E,LV.ZE.DO,,,,,
YL,County of Iecava,Iecavas Novads,56°35′51″N,24°11′48″E,LV.ZE.IE,,,,,
YL,County of Jaunjelgava,Jaunjelgavas Novads,56°37′03″N,25°05′00″E,LV.ZE.JJ,,,,,
YL,County of Jēkabpils,Jēkabpils Novads,56°24′43″N,25°57′16″E,LV.ZE.JK,,,,,
YL,Township of Jēkabpils,Jēkabpils Republikas Pilsēta,56°29′58″N,25°52′42″E,LV.ZE.JP,,,,,
YL,Township of Jelgava,Jelgava Republikas Pilsēta,56°38′54″N,23°42′50″E,LV.ZE.JE,,,,,
YL,County of Jelgava,Jelgavas Novads,56°41′03″N,23°50′39″E,LV.ZE.JG,,,,,
YL,County of Koknese,Kokneses Novads,56°38′44″N,25°26′05″E,LV.ZE.KN,,,,,
YL,County of Krustpils,Krustpils Novads,56°30′00″N,25°51′00″E,LV.ZE.KT,,,,,
YL,County of Nereta,Neretas Novads,56°12′16″N,25°18′28″E,LV.ZE.NE,,,,,
YL,County of Ozolnieki,Ozolnieku Novads,56°41′27″N,23°47′16″E,LV.ZE.OZ,,,,,
YL,County of Pļaviņas,Pļaviņu Novads,56°37′00″N,25°43′01″E,LV.ZE.PL,,,,,
YL,County of Rundāle,Rundāles Novads,56°25′12″N,24°00′35″E,LV.ZE.RD,,,,,
YL,County of Sala,Salas Novads,56°30′24″N,25°45′50″E,LV.ZE.SL,,,,,
YL,County of Skrīveri,Skrīveru Novads,56°38′48″N,25°07′20″E,LV.ZE.SR,,,,,
YL,County of Tērvete,Tērvetes Novads,56°27′07″N,23°21′14″E,LV.ZE.TE,,,,,
YL,County of Vecumnieki,Vecumnieku Novads,56°36′23″N,24°31′20″E,LV.ZE.VC,,,,,
YL,County of Viesīte,Viesītes Novads,56°20′42″N,25°33′27″E,LV.ZE.VS,,,,,
Romania ► România,,,,,,,,,,
YO2,County of Arad,Judeţul Arad,46°10′00″N,21°19′00″E,EU.RO.AR,,,,,
YO2,County of Caraş-Severin,Judeţul Caraş-Severin,45°18′00″N,21°53′25″E,EU.RO.CS,,,,,
YO2,County of Hunedoara,Judeţul Hunedoara,45°52′41″N,22°54′52″E,EU.RO.HD,,,,,
YO2,County of Timiş,Judeţul Timiş,45°45′35″N,21°13′48″E,EU.RO.TM,,,,,
YO3,City of Bucharest,Municipiul Bucureşti,44°25′57″N,26°06′14″E,EU.RO.BU,,,,,
YO3,County of Ilfov,Judeţul Ilfov,44°33′00″N,26°04′12″E,EU.RO.IF,,,,,
YO4,County of Brăila,Judeţul Brăila,45°16′09″N,27°57′27″E,EU.RO.BR,,,,,
YO4,County of Constanţa,Judeţul Constanţa,44°10′20″N,28°38′15″E,EU.RO.CT,,,,,
YO4,County of Galaţi,Judeţul Galaţi,45°25′24″N,28°02′33″E,EU.RO.GL,,,,,
YO4,County of Tulcea,Judeţul Tulcea,45°11′24″N,28°48′00″E,EU.RO.TL,,,,,
YO4,County of Vrancea,Judeţul Vrancea,45°42′00″N,27°10′47″E,EU.RO.VN,,,,,
YO5,County of Alba,Judeţul Alba,46°04′01″N,23°34′12″E,EU.RO.AB,,,,,
YO5,County of Bihor,Judeţul Bihor,47°04′20″N,21°55′16″E,EU.RO.BH,,,,,
YO5,County of Bistriţa-Năsăud,Judeţul Bistriţa-Năsăud,47°08′00″N,24°30′00″E,EU.RO.BN,,,,,
YO5,County of Cluj,Judeţul Cluj,46°46′00″N,23°35′00″E,EU.RO.CJ,,,,,
YO5,County of Maramureş,Judeţul Maramureş,47°40′00″N,23°35′00″E,EU.RO.MM,,,,,
YO5,County of Sălaj,Judeţul Sălaj,47°11′00″N,23°03′00″E,EU.RO.SJ,,,,,
YO5,County of Satu Mare,Judeţul Satu Mare,47°47′24″N,22°53′24″E,EU.RO.SM,,,,,
YO6,County of Braşov,Judeţul Braşov,45°40′00″N,25°37′00″E,EU.RO.BV,,,,,
YO6,County of Covasna,Judeţul Covasna,45°51′49″N,25°47′15″E,EU.RO.CV,,,,,
YO6,County of Harghita,Judeţul Harghita,45°08′27″N,25°51′30″E,EU.RO.HR,,,,,
YO6,County of Mureş,Judeţul Mureş,46°32′44″N,24°33′45″E,EU.RO.MS,,,,,
YO6,County of Sibiu,Judeţul Sibiu,45°48′00″N,24°09′00″E,EU.RO.SB,,,,,
YO7,County of Argeş,Judeţul Argeş,44°51′38″N,24°52′04″E,EU.RO.AG,,,,,
YO7,County of Dolj,Judeţul Dolj,44°20′00″N,23°49′00″E,EU.RO.DJ,,,,,
YO7,County of Gorj,Judeţul Gorj,45°02′03″N,23°16′29″E,EU.RO.GJ,,,,,
YO7,County of Mehedinţi,Judeţul Mehedinţi,44°34′00″N,22°40′00″E,EU.RO.MH,,,,,
YO7,County of Olt,Judeţul Olt,44°25′47″N,24°21′51″E,EU.RO.OT,,,,,
YO7,County of Vâlcea,Judeţul Vâlcea,45°06′17″N,24°22′32″E,EU.RO.VL,,,,,
YO8,County of Bacău,Judeţul Bacău,46°35′00″N,26°55′00″E,EU.RO.BC,,,,,
YO8,County of Botoşani,Judeţul Botoşani,47°44′55″N,26°40′10″E,EU.RO.BT,,,,,
YO8,County of Iaşi,Judeţul Iaşi,47°09′25″N,27°35′25″E,EU.RO.IS,,,,,
YO8,County of Neamţ,Judeţul Neamţ,46°55′39″N,26°22′15″E,EU.RO.NT,,,,,
YO8,County of Suceava,Judeţul Suceava,47°39′05″N,26°15′20″E,EU.RO.SV,,,,,
YO8,County of Vaslui,Judeţul Vaslui,46°38′18″N,27°43′45″E,EU.RO.VS,,,,,
YO9,County of Buzău,Judeţul Buzău,45°09′45″N,26°49′06″E,EU.RO.BZ,,,,,
YO9,County of Călăraşi,Judeţul Călăraşi,44°12′00″N,27°20′00″E,EU.RO.CL,,,,,
YO9,County of Dâmboviţa,Judeţul Dâmboviţa,44°55′27″N,25°27′24″E,EU.RO.DB,,,,,
YO9,County of Giurgiu,Judeţul Giurgiu,43°54′03″N,25°58′26″E,EU.RO.GR,,,,,
YO9,County of Ialomiţa,Judeţul Ialomiţa,44°33′50″N,27°21′58″E,EU.RO.IL,,,,,
YO9,County of Prahova,Judeţul Prahova,44°56′24″N,26°01′48″E,EU.RO.PH,,,,,
YO9,County of Teleorman,Judeţul Teleorman,43°58′07″N,25°20′00″E,EU.RO.TR,,,,,
Republic of Serbia ► Republika Srbija ► Република Србија ,,,,,,,,,,
Central Serbia ► Centralna Srbija ► Централна Србија,,,,,,,,,,
City of Belgrade ► Grad Beograd ► Град Београд,,,,,,,,,,
YU,Borough of Barajevo,Opština Barajevo (Општина Барајево),43°35′00″N,20°25′00″E,RS.BG.BA,,,,,
YU,Borough of Čukarica,Opština Čukarica (Општина Чукарица),44°47′00″N,20°25′00″E,RS.BG.CU,,,,,
YU,Borough of Grocka,Opština Grocka (Општина Гроцка),44°40′00″N,20°43′00″E,RS.BG.GR,,,,,
YU,Borough of Lazarevac,Opština Lazarevac (Општина Лазаревац),44°22′00″N,20°15′00″E,RS.BG.LA,,,,,
YU,Borough of Mladenovac,Opština Mladenovac (Општина Младеновац),44°26′00″N,20°42′00″E,RS.BG.ML,,,,,
YU,Borough of Novi Beograd,Opština Novi Beograd (Општина Нови Београд),44°48′00″N,20°25′00″E,RS.BG.NB,,,,,
YU,Borough of Obrenovac,Opština Obrenovac (Општина Обреновац),44°40′00″N,20°13′00″E,RS.BG.OB,,,,,
YU,Borough of Palilula,Opština Palilula (Општина Палилула),44°48′42″N,20°30′58″E,RS.BG.PA,,,,,
YU,Borough of Rakovica,Opština Rakovica (Општина Раковица),44°44′45″N,20°26′42″E,RS.BG.RA,,,,,
YU,Borough of Savski Venac,Opština Savski Venac (Општина Савски Венац),44°46′58″N,20°27′05″E,RS.BG.SV,,,,,
YU,Borough of Sopot,Opština Sopot (Општина Сопот),44°31′00″N,20°35′00″E,RS.BG.SO,,,,,
YU,Borough of Stari Grad,Opština Stari Grad (Општина Стари Град),44°41′00″N,20°24′00″E,RS.BG.SG,,,,,
YU,Borough of Surčin,Opština Surčin (Општина Сурчин),44°48′00″N,20°17′00″E,RS.BG.SU,,,,,
YU,Borough of Voždovac,Opština Voždovac (Општина Вождовац),44°47′00″N,20°29′00″E,RS.BG.VO,,,,,
YU,Borough of Vračar,Opština Vračar (Општина Врачар),44°47′43″N,20°28′04″E,RS.BG.VR,,,,,
YU,Borough of Zemun,Opština Zemun (Општина Земун),44°51′00″N,20°24′00″E,RS.BG.ZE,,,,,
YU,Borough of Zvezdara,Opština Zvezdara (Општина Звездара),44°47′00″N,20°32′00″E,RS.BG.ZV,,,,,
District of Bor ► Borski Okrug ► Борски Округ,,,,,,,,,,
YU,County of Bor,Opština Bor (Општина Бор),44°05′00″N,22°06′00″E,RS.BO.BO,,,,,
YU,County of Kladovo,Opština Kladovo (Општина Кладово),44°37′00″N,22°37′00″E,RS.BO.KL,,,,,
YU,County of Majdanpek,Opština Majdanpek (Општина Мајданпек),44°25′00″N,21°56′00″E,RS.BO.MA,,,,,
YU,County of Negotin,Opština Negotin (Општина Неготин),44°13′00″N,22°31′00″E,RS.BO.NE,,,,,
District of Braničevo ► Braničevski Okrug ► Браничевски Округ,,,,,,,,,,
YU,County of Golubac,Opština Golubac (Општина Голубац),44°39′00″N,21°38′00″E,RS.BR.GO,,,,,
YU,County of Kučevo,Opština Kučevo (Општина Кучево),44°29′00″N,21°40′00″E,RS.BR.KU,,,,,
YU,County of Malo Crniće,Opština Malo Crniće (Општина Мало Црниће),44°34′00″N,21°17′00″E,RS.BR.MC,,,,,
YU,County of Petrovac na Mlavi,Opština Petrovac na Mlavi (Општина Петровац на Млави),44°22′42″N,21°25′10″E,RS.BR.PM,,,,,
YU,Township of Požarevac,Grad Požarevac (Град Пожаревац),44°37′00″N,21°11′00″E,RS.BR.PO,,,,,
YU,County of Veliko Gradište,Opština Veliko Gradište (Општина Велико Градиште),44°45′00″N,21°31′00″E,RS.BR.VG,,,,,
YU,County of Žabari,Opština Žabari (Општина Жабари),44°21′23″N,21°12′52″E,RS.BR.ZA,,,,,
YU,County of Žagubica,Opština Žagubica (Општина Жагубица),44°12′00″N,21°48′00″E,RS.BR.ZG,,,,,
District of Jablanica ► Jablanički Okrug ► Јабланички Округ,,,,,,,,,,
YU,County of Bojnik,Opština Bojnik (Општина Бојник),43°01′00″N,21°44′00″E,RS.JA.BO,,,,,
YU,County of Crna Trava,Opština Crna Trava (Општина Црна Трава),42°48′35″N,22°17′56″E,RS.JA.CT,,,,,
YU,County of Lebane,Opština Lebane (Општина Лебане),42°55′00″N,21°44′00″E,RS.JA.LE,,,,,
YU,Township of Leskovac,Grad Leskovac (Град Лесковац),43°00′00″N,21°57′00″E,RS.JA.LS,,,,,
YU,County of Medveđa,Opština Medveđa (Општина Медвеђа),42°50′00″N,21°35′00″E,RS.JA.ME,,,,,
YU,County of Vlasotince,Opština Vlasotince (Општина Власотинце),42°58′00″N,22°08′00″E,RS.JA.VL,,,,,
District of Kolubara ► Kolubarski Okrug ► Колубарски Округ,,,,,,,,,,
YU,County of Lajkovac,Opština Lajkovac (Општина Лајковац),44°22′00″N,20°10′00″E,RS.KO.LA,,,,,
YU,County of Ljig,Opština Ljig (Општина Љиг),44°13′00″N,20°11′00″E,RS.KO.LJ,,,,,
YU,County of Mionica,Opština Mionica (Општина Мионица),44°15′00″N,20°05′00″E,RS.KO.MI,,,,,
YU,County of Osečina,Opština Osečina (Општина Осечина),44°22′00″N,19°36′00″E,RS.KO.OS,,,,,
YU,County of Ub,Opština Ub (Општина Уб),44°27′22″N,20°04′26″E,RS.KO.UB,,,,,
YU,Township of Valjevo,Grad Valjevo (Град Ваљево),44°16′00″N,19°53′00″E,RS.KO.VA,,,,,
District of Mačva ► Mačvanski Okrug ► Мачвански Округ,,,,,,,,,,
YU,County of Bogatić,Opština Bogatić (Општина Богатић),44°50′00″N,19°50′00″E,RS.MA.BO,,,,,
YU,County of Koceljevo,Opština Koceljevo (Општина Коцељева),44°28′15″N,19°48′25″E,RS.MA.KO,,,,,
YU,County of Krupanj,Opština Krupanj (Општина Крупањ),44°22′00″N,19°22′00″E,RS.MA.KR,,,,,
YU,County of Ljubovija,Opština Ljubovija (Општина Љубовија),44°11′00″N,19°23′00″E,RS.MA.LJ,,,,,
YU,Township of Loznica,Grad Loznica (Град Лозница),44°32′00″N,19°13′33″E,RS.MA.LO,,,,,
YU,County of Mali Zvornik,Opština Mali Zvornik (Општина Мали Зворник),44°24′00″N,19°07′00″E,RS.MA.MZ,,,,,
YU,Township of Šabac,Grad Šabac (Град Шабац),44°45′00″N,19°42′00″E,RS.MA.SA,,,,,
YU,County of Vladimirci,Opština Vladimirci (Општина Владимирци),44°37′00″N,19°47′00″E,RS.MA.VL,,,,,
District of Moravica ► Moravički Okrug ► Моравички Округ,,,,,,,,,,
YU,Township of Čačak,Grad Čačak (Град Чачак),45°43′00″N,20°21′00″E,RS.MO.CA,,,,,
YU,County of Gornji Milanovac,Opština Gornji Milanovac (Општина Горњи Милановац),44°01′16″N,20°27′21″E,RS.MO.GM,,,,,
YU,County of Ivanjica,Opština Ivanjica (Општина Ивањица),43°35′00″N,20°14′00″E,RS.MO.IV,,,,,
YU,County of Lučani,Opština Lučani (Општина Лучани),43°52′00″N,20°08′00″E,RS.MO.LU,,,,,
District of Nišava ► Nišavski Okrug ► Нишавски Округ,,,,,,,,,,
YU,County of Aleksinac,Opština Aleksinac (Општина Алексинац),43°33′00″N,21°42′00″E,RS.NI.AL,,,,,
YU,County of Doljevac,Opština Doljevac (Општина Дољевац),43°12′00″N,21°50′00″E,RS.NI.DO,,,,,
YU,County of Gadžin Han,Opština Gadžin Han (Општина Гаџин Хан),43°13′00″N,22°02′00″E,RS.NI.GH,,,,,
YU,County of Merošina,Opština Merošina (Општина Мерошина),43°17′00″N,21°43′00″E,RS.NI.ME,,,,,
YU,County of Ražanj,Opština Ražanj (Општина Ражањ),43°40′00″N,21°33′00″E,RS.NI.RA,,,,,
YU,County of Svrljig,Opština Svrljig (Општина Сврљиг),43°25′00″N,22°07′00″E,RS.NI.SV,,,,,
City of Niš ► Grad Niš ► Град Ниш,,,,,,,,,,
YU,Borough of Crveni Krst,Opština Crveni Krst (Општина Црвени Крст),43°19′50″N,21°53′15″E,RS.NI.CK,,,,,
YU,Borough of Mediana,Opština Mediana (Општина Медијана),43°19′00″N,21°54′00″E,RS.NI.MD,,,,,
YU,Borough of Niška Banja,Opština Niška Banja (Општина Нишка Бања),43°17′36″N,22°00′22″E,RS.NI.NB,,,,,
YU,Borough of Palilula,Opština Palilula (Општина Палилула),43°18′39″N,21°53′25″E,RS.NI.PA,,,,,
YU,Borough of Pantelej,Opština Pantelej (Општина Пантелеј),43°24′20″N,21°54′12″E,RS.NI.PN,,,,,
District of Pčinja ► Pčinjski Okrug ► Пчињски Округ,,,,,,,,,,
YU,County of Bosilegrad,Opština Bosilegrad (Општина Босилеград),42°30′00″N,22°28′00″E,RS.PC.BO,,,,,
YU,County of Bujanovac,Opština Bujanovac (Општина Бујановац),42°28′00″N,21°46′00″E,RS.PC.BU,,,,,
YU,County of Preševo,Opština Preševo (Општина Прешево),42°19′00″N,21°41′00″E,RS.PC.PR,,,,,
YU,County of Surdulica,Opština Surdulica (Општина Сурдулица),42°41′30″N,22°10′00″E,RS.PC.SU,,,,,
YU,County of Trgovište,Opština Trgovište (Општина Трговиште),42°22′00″N,22°05′00″E,RS.PC.TR,,,,,
YU,County of Vladičin Han,Opština Vladičin Han (Општина Владичин Хан),42°42′00″N,22°04′00″E,RS.PC.VH,,,,,
YU,Township of Vranje,Grad Vranje (Град Врање),42°33′00″N,21°54′00″E,RS.PC.VR,,,,,
District of Pirot ► Pirotski Okrug ► Пиротски Округ,,,,,,,,,,
YU,County of Babušnica,Opština Babušnica (Општина Бабушница),43°04′00″N,22°25′00″E,RS.PI.BA,,,,,
YU,County of Bela Palanka,Opština Bela Palanka (Општина Бела Паланка),43°13′00″N,22°19′00″E,RS.PI.BP,,,,,
YU,County of Dimitrovgrad,Opština Dimitrovgrad (Општина Димитровград),43°01′00″N,22°47′00″E,RS.PI.DI,,,,,
YU,County of Pirot,Opština Pirot (Општина Пирот),43°10′00″N,22°36′00″E,RS.PI.PI,,,,,
District of Podunavlje ► Pirotski Okrug ► Podunavski Округ,,,,,,,,,,
YU,Township of Smederevo,Grad Smederevo (Град Смедерево),44°40′00″N,20°56′00″E,RS.PD.SM,,,,,
YU,County of Smederevska Palanka,Opština Smederevska Palanka (Општина Смедеревска Паланка),44°21′55″N,20°57′31″E,RS.PD.SP,,,,,
YU,County of Velika Plana,Opština Velika Plana (Општина Велика Плана),44°20′00″N,21°05′00″E,RS.PD.VP,,,,,
District of Pomoravlje ► Pomoravski Okrug ► Поморавски Округ,,,,,,,,,,
YU,County of Ćuprija,Opština Ćuprija (Општина Ћуприја),43°56′00″N,21°22′00″E,RS.PM.CU,,,,,
YU,County of Despotovac,Opština Despotovac (Општина Деспотовац),44°05′00″N,21°26′00″E,RS.PM.DE,,,,,
YU,Township of Jagodina,Grad Jagodina (Град Јагодина),43°58′00″N,21°15′00″E,RS.PM.JA,,,,,
YU,County of Paraćin,Opština Paraćin (Општина Параћин),43°52′00″N,21°25′00″E,RS.PM.PA,,,,,
YU,County of Rekovac,Opština Rekovac (Општина Рековац),43°52′00″N,21°08′00″E,RS.PM.RE,,,,,
YU,County of Svilajnac,Opština Svilajnac (Општина Свилајнац),44°13′00″N,21°12′00″E,RS.PM.SV,,,,,
District of Rasina ► Rasinski Okrug ► Расински Округ,,,,,,,,,,
YU,County of Aleksandrovac,Opština Aleksandrovac (Општина Александровац),43°27′32″N,21°02′47″E,RS.RA.AL,,,,,
YU,County of Brus,Opština Brus (Општина Брус),43°22′53″N,21°02′16″E,RS.RA.BR,,,,,
YU,County of Ćićevac,Opština Ćićevac (Општина Ћићевац),43°43′05″N,21°27′00″E,RS.RA.CI,,,,,
YU,Township of Kruševac,Grad Kruševac (Град Крушевац),43°35′00″N,21°19′00″E,RS.RA.KR,,,,,
YU,County of Trstenik,Opština Trstenik (Општина Трстеник),43°37′07″N,20°59′50″E,RS.RA.TR,,,,,
YU,County of Varvarin,Opština Varvarin (Општина Варварин),43°43′00″N,21°22′00″E,RS.RA.VA,,,,,
District of Raška ► Raški Okrug ► Рашки Округ,,,,,,,,,,
YU,Township of Kraljevo,Grad Kraljevo (Град Краљево),43°43′24″N,20°41′13″E,RS.RK.KR,,,,,
YU,Township of Novi Pazar,Grad Novi Pazar (Град Нови Пазар),43°09′00″N,20°31′00″E,RS.RK.NP,,,,,
YU,County of Raška,Opština Raška (Општина Рашка),43°17′31″N,20°36′56″E,RS.RK.RA,,,,,
YU,County of Tutin,Opština Tutin (Општина Тутин),42°59′00″N,20°20′00″E,RS.RK.TU,,,,,
YU,County of Vrnjačka Banja,Opština Vrnjačka Banja (Општина Врњачка Бања),43°35′00″N,20°55′00″E,RS.RK.VB,,,,,
District of Šumadija ► Šumadijski Okrug ► Шумадијски Округ,,,,,,,,,,
YU,County of Aranđelovac,Opština Aranđelovac (Општина Аранђеловац),44°18′00″N,20°34′00″E,RS.SU.AR,,,,,
YU,County of Batočina,Opština Batočina (Општина Баточина),44°09′00″N,21°05′00″E,RS.SU.BA,,,,,
YU,County of Knić,Opština Knić (Општина Кнић),43°55′00″N,20°43′00″E,RS.SU.KN,,,,,
YU,County of Lapovo,Opština Lapovo (Општина Лапово),44°11′00″N,21°06′00″E,RS.SU.LA,,,,,
YU,County of Rača,Opština Rača (Општина Рача),44°14′00″N,20°59′00″E,RS.SU.RA,,,,,
YU,County of Topola,Opština Topola (Општина Топола),44°15′10″N,20°41′57″E,RS.SU.TO,,,,,
City of Kragujevac ► Grad Kragujevac ► Град Крагујевац,,,,,,,,,,
YU,Borough of Aerodrom,Opština Aerodrom (Општина Аеродром),43°35′55″N,21°18′41″E,RS.SU.AE,,,,,
YU,Borough of Pivara,Opština Pivara (Општина Пивара),44°00′24″N,20°55′28″E,RS.SU.PI,,,,,
YU,Borough of Stanovo,Opština Stanovo (Општина Станово),44°46′58″N,20°52′28″E,RS.SU.ST,,,,,
YU,Borough of Stari Grad,Opština Stari Grad (Општина Стари Град),44°00′51″N,20°54′42″E,RS.SU.SG,,,,,
YU,Borough of Stragari,Opština Stragari (Општина Страгари),44°09′00″N,20°40′00″E,RS.SU.SR,,,,,
District of Toplica ► Toplički Okrug ► Топлички Округ,,,,,,,,,,
YU,County of Blace,Opština Blace (Општина Блаце),43°18′00″N,21°17′00″E,RS.TO.BL,,,,,
YU,County of Kuršumlija,Opština Kuršumlija (Општина Куршумлија),43°09′00″N,21°16′00″E,RS.TO.KU,,,,,
YU,County of Prokuplje,Opština Prokuplje (Општина Прокупље),43°14′00″N,21°36′00″E,RS.TO.PR,,,,,
YU,County of Žitorađa,Opština Žitorađa (Општина Житорађа),43°11′00″N,21°43′00″E,RS.TO.ZI,,,,,
District of Zaječar ► Zaječarski Okrug ► Зајечарски Округ,,,,,,,,,,
YU,County of Boljevac,Opština Boljevac (Општина Бољевац),43°49′49″N,21°57′11″E,RS.ZA.BO,,,,,
YU,County of Knjaževac,Opština Knjaževac (Општина Књажевац),43°30′00″N,22°26′00″E,RS.ZA.KN,,,,,
YU,County of Sokobanja,Opština Sokobanja ( Општина Сокобања),43°39′00″N,21°52′00″E,RS.ZA.SO,,,,,
YU,Township of Zaječar,Grad Zaječar (Град Зајечар),43°55′00″N,22°18′00″E,RS.ZA.ZA,,,,,
District of Zlatibor ► Zlatiborski Okrug ► Златиборски Округ,,,,,,,,,,
YU,County of Arilje,Opština Arilje (Општина Ариље),43°45′00″N,20°06′00″E,RS.ZL.AR,,,,,
YU,County of Bajina Bašta,Opština Bajina Bašta (Општина Бајина Башта),43°57′00″N,19°33′00″E,RS.ZL.BB,,,,,
YU,County of Čajetina,Opština Čajetina (Општина Чајетина),43°45′00″N,19°43′00″E,RS.ZL.CA,,,,,
YU,County of Kosjerić,Opština Kosjerić (Општина Косјерић),44°00′00″N,19°55′00″E,RS.ZL.KO,,,,,
YU,County of Nova Varoš,Opština Nova Varoš (Општина Нова Варош),43°27′00″N,19°49′00″E,RS.ZL.NV,,,,,
YU,County of Požega,Opština Požega (Општина Пожега),43°51′00″N,20°03′00″E,RS.ZL.PO,,,,,
YU,County of Priboj,Opština Priboj (Општина Прибој),43°36′00″N,19°32′00″E,RS.ZL.PR,,,,,
YU,County of Prijepolje,Opština Prijepolje (Општина Пријепоље),43°32′00″N,19°38′00″E,RS.ZL.PP,,,,,
YU,County of Sjenica,Opština Sjenica (Општина Сјеница),43°16′00″N,20°00′00″E,RS.ZL.SJ,,,,,
YU,Township of Užice,Grad Užice (Град Ужице),43°51′00″N,19°51′00″E,RS.ZL.UZ,,,,,
Autonomous Province of Vojvodina ► Autonomna Pokrajina Vojvodina ► Аутономна Покрајина Војводина,,,,,,,,,,
District of South Bačka ► Južnobački Okrug ► Јужнобачки Округ,,,,,,,,,,
YU7,County of Bač,Opština Bač (Општина Бач),45°23′00″N,19°14′00″E,RS.VO.BA,,,,,
YU7,County of Bačka Palanka,Opština Bačka Palanka (Општина Бачка Паланка),45°15′00″N,19°24′00″E,RS.VO.BP,,,,,
YU7,County of Bački Petrovac,Opština Bački Petrovac (Општина Бачки Петровац),45°22′00″N,19°36′00″E,RS.VO.BK,,,,,
YU7,County of Bečej,Opština Bečej (Општина Бечеј),45°37′00″N,20°02′00″E,RS.VO.BE,,,,,
YU7,County of Beočin,Opština Beočin (Општина Беочин),45°12′00″N,19°44′00″E,RS.VO.BO,,,,,
YU7,County of Srbobran,Opština Srbobran (Општина Србобран),45°32′00″N,19°47′00″E,RS.VO.SR,,,,,
YU7,County of Sremski Karlovci,Opština Sremski Karlovci (Општина Сремски Карловци),45°12′00″N,19°56′00″E,RS.VO.SK,,,,,
YU7,County of Temerin,Opština Temerin (Општина Темерин),45°25′00″N,19°53′00″E,RS.VO.TE,,,,,
YU7,County of Titel,Opština Titel (Општина Тител),45°12′00″N,20°18′00″E,RS.VO.TI,,,,,
YU7,County of Vrbas,Opština Vrbas (Општина Врбас),45°34′00″N,19°39′00″E,RS.VO.VR,,,,,
YU7,County of Žabalj,Opština Žabalj (Општина Жабаљ),45°22′00″N,20°04′00″E,RS.VO.ZA,,,,,
City of Novi Sad ► Grad Novi Sad ► Град Нови Сад,,,,,,,,,,
YU7,Borough of Novi Sad,Opština Novi Sad (Општина Нови Сад),45°15′00″N,19°51′00″E,RS.VO.NS,,,,,
YU7,Borough of Petrovaradin,Opština Petrovaradin (Општина Петроварадин),45°15′00″N,19°52′00″E,RS.VO.PT,,,,,
District of South Banat ► Južnobanatski Okrug ► Јужнобанатски Округ,,,,,,,,,,
YU7,County of Alibunar,Opština Alibunar (Општина Алибунар),45°05′00″N,20°58′00″E,RS.VO.AL,,,,,
YU7,County of Bela Crkva,Opština Bela Crkva (Општина Бела Црква),44°54′00″N,21°25′00″E,RS.VO.BC,,,,,
YU7,County of Kovačica,Opština Kovačica (Општина Ковачица),45°07′00″N,20°37′00″E,RS.VO.KO,,,,,
YU7,County of Kovin,Opština Kovin (Општина Ковин),44°45′00″N,20°58′00″E,RS.VO.KV,,,,,
YU7,County of Opovo,Opština Opovo (Општина Опово),45°03′00″N,20°26′00″E,RS.VO.OP,,,,,
YU7,County of Pančevo,Opština Pančevo (Општина Панчево),44°52′00″N,20°38′00″E,RS.VO.PA,,,,,
YU7,County of Plandište,Opština Plandište (Општина Пландиште),45°14′00″N,21°07′00″E,RS.VO.PL,,,,,
YU7,County of Vršac,Opština Vršac (Општина Вршац),45°07′00″N,21°18′00″E,RS.VO.VS,,,,,
District of North Bačka ► Severnobački Okrug ► Севернобачки Округ,,,,,,,,,,
YU7,County of Bačka Topola,Opština Bačka Topola (Општина Бачка Топола),45°48′57″N,19°38′21″E,RS.VO.BT,,,,,
YU7,County of Mali Iđoš,Opština Mali Iđoš (Општина Мали Иђош),45°42′25″N,19°39′52″E,RS.VO.MI,,,,,
YU7,Township of Subotica,Grad Subotica (Град Суботица),46°06′01″N,19°39′56″E,RS.VO.SU,,,,,
District of North Banat ► Severnobanatski Okrug ► Севернобанатски Округ,,,,,,,,,,
YU7,County of Ada,Opština Ada (Општина Ада),45°48′00″N,20°08′00″E,RS.VO.AD,,,,,
YU7,County of Čoka,Opština Čoka (Општина Чока),45°56′00″N,20° 09′00″E,RS.VO.CO,,,,,
YU7,County of Kanjiža,Opština Kanjiža (Општина Кањижа),46°04′00″N,20°03′00″E,RS.VO.KA,,,,,
YU7,County of Kikinda,Opština Kikinda (Општина Кикинда),45°50′00″N,20°27′00″E,RS.VO.KI,,,,,
YU7,County of Novi Kneževac,Opština Novi Kneževac (Општина Нови Кнежевац),46°03′00″N,20°06′00″E,RS.VO.NK,,,,,
YU7,County of Senta,Opština Senta (Општина Сента),45°56′00″N,20°05′00″E,RS.VO.SN,,,,,
District of Central Banat ► Srednjobanatski Okrug ► Средњобанатски Округ,,,,,,,,,,
YU7,County of Nova Crnja,Opština Nova Crnja (Општина Нова Црња),45°40′00″N,20°36′00″E,RS.VO.NC,,,,,
YU7,County of Novi Bečej,Opština Novi Bečej (Општина Нови Бечеј),45°36′00″N,20°07′00″E,RS.VO.NB,,,,,
YU7,County of Sečanj,Opština Sečanj (Општина Сечањ),45°22′00″N,20°46′00″E,RS.VO.SE,,,,,
YU7,County of Žitište,Opština Žitište (Општина Житиште),45°29′00″N,20°33′00″E,RS.VO.ZI,,,,,
YU7,Township of Zrenjanin,Grad Zrenjanin (Град Зрењанин),45°22′40″N,20°23′10″E,RS.VO.ZR,,,,,
District of Srem ► Sremski Okrug ► Сремски Округ,,,,,,,,,,
YU7,County of Inđija,Opština Inđija (Општина Инђија),45°03′00″N,20°05′00″E,RS.VO.IN,,,,,
YU7,County of Irig,Opština Irig (Општина Ириг),45°06′00″N,19°51′00″E,RS.VO.IR,,,,,
YU7,County of Pećinci,Opština Pećinci (Општина Пећинци),44°54′00″N,19°58′00″E,RS.VO.PE,,,,,
YU7,County of Ruma,Opština Ruma (Општина Рума),45°00′00″N,19°50′00″E,RS.VO.RU,,,,,
YU7,County of Šid,Opština Šid (Општина Шид),45°07′00″N,19°14′00″E,RS.VO.SI,,,,,
YU7,Township of Sremska Mitrovica,Grad Sremska Mitrovica (Град Сремска Митровица),44° 58′21″N,19°36′26″E,RS.VO.SM,,,,,
YU7,County of Stara Pazova,Opština Stara Pazova (Општина Стара Пазова),44°59′00″N,20°10′00″E,RS.VO.SP,,,,,
District of West Bačka ► Zapadnobački Okrug ► Западнобачки Округ,,,,,,,,,,
YU7,County of Apatin,Opština Apatin (Општина Апатин),45°40′00″N,18°59′00″E,RS.VO.AP,,,,,
YU7,County of Kula,Opština Kula (Општина Кула),45°36′00″N,19°32′00″E,RS.VO.KU,,,,,
YU7,County of Odžaci,Opština Odžaci (Општина Оџаци),45°31′00″N,19°16′00″E,RS.VO.OD,,,,,
YU7,Township of Sombor,Grad Sombor (Град Сомбор),45°46′23″N,19°06′50″E,RS.VO.SO,,,,,
Autonomous Province of Kosovo and Metohija ► Autonomna Pokrajina Kosovo i Metohija ► Аутономна Покрајина Косово и Метохија,,,,,,,,,,
District of Kosovo ► Kosovski Okrug ► Косовски Округ,,,,,,,,,,
YU8,County of Glogovac,Opština Glogovac (Општина Глоговац),42°37′00″N,20°54′00″E,RS.KM.GL,,,,,
YU8,County of Kačanik,Opština Kačanik (Општина Качаник),42°14′48″N,21°15′19″E,RS.KM.KA,,,,,
YU8,County of Kosovo Polje,Opština Kosovo Polje (Општина Косово Поље),42°38′22″N,21°05′46″E,RS.KM.KP,,,,,
YU8,County of Lipljan,Opština Lipljan (Општина Липљан),42°31′48″N,21°08′19″E,RS.KM.LI,,,,,
YU8,County of Obilić,Opština Obilić (Општина Обилић),42°41′24″N,21°04′40″E,RS.KM.OB,,,,,
YU8,County of Podujevo,Opština Podujevo (Општина Подујево),42°55′00″N,21°12′00″E,RS.KM.PO,,,,,
YU8,County of Priština,Opština Priština (Општина Приштина),42°40′00″N,21°10′00″E,RS.KM.PR,,,,,
YU8,County of Štimlje,Opština Štimlje (Општина Штимље),42°26′00″N,21°02′00″E,RS.KM.ST,,,,,
YU8,County of Štrpce,Opština Štrpce (Општина Штрпце),42°14′00″N,21°01′00″E,RS.KM.SP,,,,,
YU8,County of Uroševac,Opština Uroševac (Општина Урошевац),42°20′24″N,21°04′32″E,RS.KM.UR,,,,,
District of Kosovska Mitrovica ► Kosovskomitrovački Okrug ► Косовскомитровачки Округ,,,,,,,,,,
YU8,County of Kosovska Mitrovica,Opština Kosovska Mitrovica (Општина Косовска Митровица),42°53′00″N,20°52′00″E,RS.KM.KM,,,,,
YU8,County of Leposavić,Opština Leposavić (Општина Лепосавић),43°06′00″N,20°48′00″E,RS.KM.LE,,,,,
YU8,County of Srbica,Opština Srbica (Општина Србица),42°44′48″N,20°47′19″E,RS.KM.SB,,,,,
YU8,County of Vučitrn,Opština Vučitrn (Општина Вучитрн),42°49′00″N,20°58′00″E,RS.KM.VU,,,,,
YU8,County of Zubin Potok,Opština Zubin Potok (Општина Зубин Поток),42°55′00″N,20°41′00″E,RS.KM.ZP,,,,,
YU8,County of Zvečan,Opština Zvečan (Општина Звечан),42°54′00″N,20°50′00″E,RS.KM.ZV,,,,,
District of Kosovo-Pomoravlje ► Kosovsko-Pomoravski Okrug ► Косовскопоморавски Округ,,,,,,,,,,
YU8,County of Gnjilane,Opština Gnjilane (Општина Гњилане),42°27′53″N,21°28′01″E,RS.KM.GN,,,,,
YU8,County of Kosovska Kamenica,Opština Kosovska Kamenica (Општина Косовска Каменица),42°34′00″N,21°34′00″E,RS.KM.KK,,,,,
YU8,County of Novo Brdo,Opština Novo Brdo (Општина Ново Брдо),42°36′00″N,21°26′00″E,RS.KM.NB,,,,,
YU8,County of Vitina,Opština Vitina (Општина Витина),42°19′00″N,21°21′00″E,RS.KM.VI,,,,,
District of Peć ► Pećki Okrug ► Пећки Округ,,,,,,,,,,
YU8,County of Đakovica,Opština Đakovica (Општина Ђаковица),42°23′00″N,20°26′00″E,RS.KM.DA,,,,,
YU8,County of Dečani,Opština Dečani (Општина Дечани),42°32′00″N,20°17′00″E,RS.KM.DE,,,,,
YU8,County of Istok,Opština Istok (Општина Исток),42°47′00″N,20°29′00″E,RS.KM.IS,,,,,
YU8,County of Klina,Opština Klina (Општина Клина),42°37′18″N,20°34′40″E,RS.KM.KL,,,,,
YU8,County of Peć,Opština Peć (Општина Пећ),42°39′37″N,20°17′30″E,RS.KM.PE,,,,,
District of Prizren ► Prizrenski Okrug ► Призренски Округ,,,,,,,,,,
YU8,County of Gora,Opština Gora (Општина Гора),42°15′51″N, 21°07′40″E,RS.KM.GO,,,,,
YU8,County of Orahovac,Opština Orahovac (Општина Ораховац),42°24′00″N,20°39′00″E,RS.KM.OR,,,,,
YU8,County of Prizren,Opština Prizren (Општина Призрен),42°13′00″N,20°44′00″E,RS.KM.PZ,,,,,
YU8,County of Suva Reka,Opština Suva Reka (Општина Сува Река),42°22′48″N,20°49′19″E,RS.KM.SR,,,,,
Republic of Macedonia ► Република Македонија,,,,,,,,,,
Region of East Macedonia ► Источен Регион,,,,,,,,,,
Z3,County of Berovo,Општина Берово,41°42′17″N,22°51′12″E,MK.IS.BE,,,,,
Z3,County of Češinovo-Obleševo,Општина Чешиново-Облешево,41°31′48″N,22°11′43″E,MK.IS.CO,,,,,
Z3,County of Delčevo,Општина Делчево,41°58′00″N,22°46′00″E,MK.IS.DE,,,,,
Z3,County of Karbinci,Општина Карбинци,41°49′00″N,22°14′15″E,MK.IS.KA,,,,,
Z3,County of Kočani,Општина Кочани,41°55′00″N,22°25′00″E,MK.IS.KO,,,,,
Z3,County of Lozovo,Општина Лозово,41°47′02″N,21°54′20″E,MK.IS.LO,,,,,
Z3,County of Makedonska Kamenica,Општина Македонска Каменица,42°01′11″N,22°35′30″E,MK.IS.MK,,,,,
Z3,County of Pehčevo,Општина Пехчево,41°46′00″N,22°53′00″E,MK.IS.PE,,,,,
Z3,County of Probištip,Општина Пробиштип,42°00′00″N,22°09′00″E,MK.IS.PR,,,,,
Z3,County of Štip,Општина Штип,41°44′00″N,22°11′00″E,MK.IS.ST,,,,,
Z3,County of Sveti Nikole,Општина Свети Николе,41°52′00″N,21°57′00″E,MK.IS.SN,,,,,
Z3,County of Vinica,Општина Виница,41°52′00″N,22°30′00″E,MK.IS.VI,,,,,
Z3,County of Zrnovci,Општина Зрновци,41°51′15″N,22°26′39″E,MK.IS.ZR,,,,,
Region of South East Macedonia ► Југоисточен Регион,,,,,,,,,,
Z3,County of Bogdanci,Општина Богданци,41°12′11″N,22°34′32″E,MK.JI.BG,,,,,
Z3,County of Bosilovo,Општина Босилово,41°26′00″N,22°45′00″E,MK.JI.BS,,,,,
Z3,County of Dojran,Општина Дојран,41°10′45″N,22°43′29″E,MK.JI.DO,,,,,
Z3,County of Gevgelija,Општина Гевгелија,41°08′00″N,22°24′00″E,MK.JI.GE,,,,,
Z3,County of Konče,Општина Конче,41°30′00″N,22°23′00″E,MK.JI.KO,,,,,
Z3,County of Novo Selo,Општина Ново Село,41°24′00″N,22°52′00″E,MK.JI.NS,,,,,
Z3,County of Radoviš,Општина Радовиш,41°38′10″N,22°28′00″E,MK.JI.RA,,,,,
Z3,County of Strumica,Општина Струмица,41°26′00″N,22°38′00″E,MK.JI.ST,,,,,
Z3,County of Valandovo,Општина Валандово,41°19′01″N,22°33′40″E,MK.JI.VA,,,,,
Z3,County of Vasilevo,Општина Василево,41°28′33″N,22°38′30″E,MK.JI.VS,,,,,
Region of South West Macedonia ► Југозападен Регион,,,,,,,,,,
Z3,County of Centar Župa,Општина Центар Жупа,41°28′05″N,20°33′32″E,MK.JZ.CZ,,,,,
Z3,County of Debar,Општина Дебар,41°31′00″N,20°32′00″E,MK.JZ.DE,,,,,
Z3,County of Debarca,Општина Дебарца,41°50′00″N,21°38′00″E,MK.JZ.DB,,,,,
Z3,County of Drugovo,Општина Другово,41°29′00″N,20°55′00″E,MK.JZ.DR,,,,,
Z3,County of Kičevo,Општина Кичево,41°31′04″N,20°57′56″E,MK.JZ.KI,,,,,
Z3,County of Makedonski Brod,Општина Македонски Брод,41°30′00″N,21°13′00″E,MK.JZ.MB,,,,,
Z3,County of Ohrid,Општина Охрид,41°07′01″N,20°48′06″E,MK.JZ.OH,,,,,
Z3,County of Oslomej,Општина Осломеј,41°35′00″N,21°00′00″E,MK.JZ.OS,,,,,
Z3,County of Plasnica,Општина Пласница,41°28′00″N,21°07′00″E,MK.JZ.PL,,,,,
Z3,County of Struga,Општина Струга,41°10′39″N,20°40′44″E,MK.JZ.ST,,,,,
Z3,County of Vevčani,Општина Вевчани,41°14′25″N,20°35′35″E,MK.JZ.VE,,,,,
Z3,County of Vraneštica,Општина Вранештица,41°27′00″N,21°02′00″E,MK.JZ.VR,,,,,
Z3,County of Zajas,Општина Зајас,41°36′00″N,20°56′00″E,MK.JZ.ZA,,,,,
Region of Pelagonia ► Пелагониски Регион,,,,,,,,,,
Z3,County of Bitola,Општина Битола,41°01′55″N,21°20′05″E,MK.PE.BI,,,,,
Z3,County of Demir Hisar,Општина Демир Хисар,41°16′00″N,21°12′00″E,MK.PE.DH,,,,,
Z3,County of Dolneni,Општина Долнени,41°25′31″N,21°27′16″E,MK.PE.DO,,,,,
Z3,County of Krivogaštani,Општина Кривогаштани,41°20′09″N,21°19′59″E,MK.PE.KR,,,,,
Z3,County of Kruševo,Општина Крушево,41°22′00″N,21°14′00″E,MK.PE.KU,,,,,
Z3,County of Mogila,Општина Могила,41°06′29″N,21°22′42″E,MK.PE.MO,,,,,
Z3,County of Novaci,Општина Новаци,41°04′00″N,21°45′00″E,MK.PE.NO,,,,,
Z3,County of Prilep,Општина Прилеп,41°20′00″N,21°35′00″E,MK.PE.PR,,,,,
Z3,County of Resen,Општина Ресен,41°05′20″N,21°00′44″E,MK.PE.RE,,,,,
Region of Polog ► Полошки Регион,,,,,,,,,,
Z3,County of Bogovinje,Општина Боговиње,41°55′24″N,20°54′48″E,MK.PO.BO,,,,,
Z3,County of Brvenica,Општина Брвеница,41°58′00″N,20°59′00″E,MK.PO.BR,,,,,
Z3,County of Gostivar,Општина Гостивар,41°48′00″N,20°55′00″E,MK.PO.GO,,,,,
Z3,County of Jegunovce,Општина Јегуновце,41°04′00″N,21°07′00″E,MK.PO.JE,,,,,
Z3,County of Mavrovo and Rostuša,Општина Маврово и Ростуша,41°37′00″N,20°36′00″E,MK.PO.MR,,,,,
Z3,County of Tearce,Општина Теарце,42°07′ 00″N,21°05′00″E,MK.PO.TE,,,,,
Z3,County of Tetovo,Општина Тетово,42°00′00″N,20°58′00″E,MK.PO.TO,,,,,
Z3,County of Vrapčište,Општина Врапчиште,41°50′00″N,20°53′00″E,MK.PO.VR,,,,,
Z3,County of Želino,Општина Желино,41°59′00″N,21°04′00″E,MK.PO.ZE,,,,,
Region of North East Macedonia ► Североисточен Регион,,,,,,,,,,
Z3,County of Kratovo,Општина Кратово,42°04′00″N,22°11′00″E,MK.SI.KR,,,,,
Z3,County of Kriva Palanka,Општина Крива Паланка,42°07′00″N,22°11′00″E,MK.SI.KP,,,,,
Z3,County of Kumanovo,Општина Куманово,42°05′00″N,21°40′00″E,MK.SI.KU,,,,,
Z3,County of Lipkovo,Општина Липково,42°09′00″N,21°35′00″E,MK.SI.LI,,,,,
Z3,County of Rankovce,Општина Ранковце,42°10′54″N,22°07′22″E,MK.SI.RA,,,,,
Z3,County of Staro Nagoričane,Општина Старо Нагоричане,42°12′00″N,21°50′00″E,MK.SI.SN,,,,,
Region of Skopje ► Скопски Регион,,,,,,,,,,
Z3,County of Aračinovo,Општина Арачиново,42°01′35″N,21°33′42″E,MK.SK.AR,,,,,
Z3,County of Čučer-Sandevo,Општина Чучер Сандево,42°06′00″N,21°23′00″E,MK.SK.CS,,,,,
Z3,County of Ilinden,Општина Илинден,42°00′00″N,21°35′00″E,MK.SK.IL,,,,,
Z3,County of Petrovec,Општина Петровец,41°56′00″N,21°37′00″E,MK.SK.PE,,,,,
Z3,County of Sopište,Општина Сопиште,41°57′00″N,21°26′00″E,MK.SK.SO,,,,,
Z3,County of Studeničani,Општина Студеничани,41°55′00″N,21°32′00″E,MK.SK.ST,,,,,
Z3,County of Zelenikovo,Општина Зелениково,41°53′00″N,21°35′00″E,MK.SK.ZE,,,,,
City of Skopje ► Град Скопjе,,,,,,,,,,
Z3,Borough of Aerodrom,Општина Аеродром,41°59′00″N,21°28′00″E,MK.GS.AE,,,,,
Z3,Borough of Butel,Општина Бутел,42°00′00″N,21°28′00″E,MK.GS.BU,,,,,
Z3,Borough of Čair,Општина Чаир,42°00′07″N,21°26′17″E,MK.GS.CA,,,,,
Z3,Borough of Centar,Општина Центар,41°59′42″N,21°25′30″E,MK.GS.CE,,,,,
Z3,Borough of Gazi Baba,Општина Гази Баба,42°01′00″N,21°27′00″E,MK.GS.GB,,,,,
Z3,Borough of Gjorče Petrov,Општина Ѓорче Петров,42°00′15″N,21°30′10″E,MK.GS.GP,,,,,
Z3,Borough of Karpoš,Општина Карпош,42°00′00″N,21°29′05″E,MK.GS.KA,,,,,
Z3,Borough of Kisela Voda,Општина Кисела Вода,42°10′00″N,21°17′00″E,MK.GS.KV,,,,,
Z3,Borough of Saraj,Општина Сарај,42°00'00″N,21°19'30″E,MK.GS.SA,,,,,
Z3,Borough of Šuto Orizari,Општина Шуто Оризари,42°02′31″N,21°25′19″E,MK.GS.SO,,,,,
Region of Vardar ► Вардарски Регион,,,,,,,,,,
Z3,County of Čaška,Општина Чашка,41°39′02″N,21°39′43″E,MK.VA.CA,,,,,
Z3,County of Demir Kapija,Општина Демир Капија,41°23′54″N,22°13′43″E,MK.VA.DK,,,,,
Z3,County of Gradsko,Општина Градско,41°34′00″N,21°56′00″E,MK.VA.GR,,,,,
Z3,County of Kavadarci,Општина Кавадарци,41°26′00″N,22°00′00″E,MK.VA.KA,,,,,
Z3,County of Negotino,Општина Неготино,41°29′00″N,22°06′00″E,MK.VA.NE,,,,,
Z3,County of Rosoman,Општина Росоман,41°30′58″N,21°56′59″E,MK.VA.RO,,,,,
Z3,County of Veles,Општина Велес,41°43′12″N,21°47′36″E,MK.VA.VE,,,,,
Republic of Albania ► Republika e Shqipërisë,,,,,,,,,,
County of Berat ► Qarku i Beratit,,,,,,,,,,
ZA,District of Berat,Rrethi i Beratit,40°42′00″N,19°57′00″E,AL.BE.BE,,,,,
ZA,District of Kuçovë,Rrethi i Kuçovës,40°49′00″N,19°54′00″E,AL.BE.KU,,,,,
ZA,District of Skrapar,Rrethi i Skraparit,40°33′00″N,20°15′00″E,AL.BE.SK,,,,,
County of Dibër ► Qarku i Dibrës,,,,,,,,,,
ZA,District of Bulqizë,Rrethi i Bulqizës,41°28′00″N,20°21′00″E,AL.DI.BU,,,,,
ZA,District of Dibër,Rrethi i Dibrës,41°43′00″N,20°21′00″E,AL.DI.DI,,,,,
ZA,District of Mat,Rrethi i Matit,41°34′00″N,20°01′00″E,AL.DI.MA,,,,,
County of Durrës ► Qarku i Durrësit,,,,,,,,,,
ZA,District of Durrës,Rrethi i Durrësit,41°24′00″N,19°31′00″E,AL.DU.DU,,,,,
ZA,District of Krujë,Rrethi i Krujës,41°29′00″N,19°44′00″E,AL.DU.KR,,,,,
County of Elbasan ► Qarku i Elbasanit,,,,,,,,,,
ZA,District of Elbasan,Rrethi i Elbasanit,41°03′00″N,20°04′00″E,AL.EL.EL,,,,,
ZA,District of Gramsh,Rrethi i Gramshit,40°50′00″N,20°15′00″E,AL.EL.GR,,,,,
ZA,District of Librazhd,Rrethi i Librazhdit,41°11′00″N,20°24′00″E,AL.EL.LI,,,,,
ZA,District of Peqin,Rrethi i Peqinit,41°03′00″N,19°45′00″E,AL.EL.PE,,,,,
County of Fier ► Qarku i Fierit,,,,,,,,,,
ZA,District of Fier,Rrethi i Fierit,40°43′00″N,19°33′00″E,AL.FI.FI,,,,,
ZA,District of Lushnjë,Rrethi i Lushnjës,40°56′00″N,19°42′00″E,AL.FI.LU,,,,,
ZA,District of Mallakastër,Rrethi i Mallakastrës,40°34′00″N,19°45′00″E,AL.FI.MA,,,,,
County of Gjirokastër ► Qarku i Gjirokastrës,,,,,,,,,,
ZA,District of Gjirokastër,Rrethi i Gjirokastrës,40°04′00″N,20°12′00″E,AL.GJ.GJ,,,,,
ZA,District of Përmet,Rrethi i Përmetit,40°14′00″N,20°21′00″E,AL.GJ.PE,,,,,
ZA,District of Tepelenë,Rrethi i Tepelenës,40°18′00″N,20°01′00″E,AL.GJ.TE,,,,,
County of Korçë ► Qarku i Korçës,,,,,,,,,,
ZA,District of Devoll,Rrethi i Devollit,40°35′00″N,20°56′00″E,AL.KO.DE,,,,,
ZA,District of Kolonjë,Rrethi i Kolonjës,40°18′00″N,20°38′00″E,AL.KO.KL,,,,,
ZA,District of Korçë,Rrethi i Korçës,40°39′00″N,20°39′00″E,AL.KO.KO,,,,,
ZA,District of Pogradec,Rrethi i Pogradecit,40°55′00″N,20°35′00″E,AL.KO.PO,,,,,
County of Kukës ► Qarku i Kukësit,,,,,,,,,,
ZA,District of Has,Rrethi i Hasit,42°11′00″N,20°23′00″E,AL.KU.HA,,,,,
ZA,District of Kukës,Rrethi i Kukësit,41°58′00″N,20°25′00″E,AL.KU.KU,,,,,
ZA,District of Tropojë,Rrethi i Tropojës,42°24′00″N,20°10′00″E,AL.KU.TR,,,,,
County of Lezhë ► Qarku i Lezhës,,,,,,,,,,
ZA,District of Kurbin,Rrethi i Kurbinit,41°37′00″N,19°42′00″E,AL.LE.KU,,,,,
ZA,District of Lezhë,Rrethi i Lezhës,41°49′00″N,19°41′00″E,AL.LE.LE,,,,,
ZA,District of Mirditë,Rrethi i Mirditës,41°48′00″N,19°59′00″E,AL.LE.MI,,,,,
County of Shkodër ► Qarku i Shkodrës,,,,,,,,,,
ZA,District of Malësi e Madhe,Rrethi i Malësisë së Madhe,42°21′00″N,19°35′00″E,AL.SH.MM,,,,,
ZA,District of Pukë,Rrethi i Pukës,42°03′00″N,19°54′00″E,AL.SH.PU,,,,,
ZA,District of Shkodër,Rrethi i Shkodrës,42°04′00″N,19°30′00″E,AL.SH.SH,,,,,
County of Tirana ► Qarku i Tiranës,,,,,,,,,,
ZA,District of Kavajë,Rrethi i Kavajës,41°11′00″N,19°34′00″E,AL.TI.KA,,,,,
ZA,District of Tirana,Rrethi i Tiranës,41°18′00″N,19°53′00″E,AL.TI.TI,,,,,
County of Vlorë ► Qarku i Vlorës,,,,,,,,,,
ZA,District of Delvinë,Rrethi i Delvinës,39°57′00″N,20°06′00″E,AL.VL.DE,,,,,
ZA,District of Sarandë,Rrethi i Sarandës,39°49′00″N,20°07′00″E,AL.VL.SA,,,,,
ZA,District of Vlorë (Excluding Sazan Island),Rrethi i Vlorës,40°27′00″N,19°29′00″E,AL.VL.VL,,,,,
Exceptional Territories of the County of Vlorë,,,,,,,,,,
ZA,Sazan Island,Ishulli i Sazanit,40°30′00″N,19°17′00″E,AL.DX.SA,,,,,
,,,,,,,,,,
