"nr","call","firstname","lastname","startdate","enddate","status"
"1","KA3X","Jay","Hudak","2000-09-21","2008-08-24","SK"
"2","AG4CZ","John","Penezic","2000-09-22","",""
"3","K8YS","Bob","Boehm","2000-09-27","2014-07-22","SK"
"4","CT4MS","Leonel","Soares","2000-09-27","",""
"5","W3ZJ","Richard","Drake","2000-10-01","2017-07-28","SK"
"6","KC1DI","Dave","Rowe","2000-10-12","",""
"7","DL2RR","Dieter","Zimmermann","2000-10-12","2018-07-16","SK"
"8","W4LC","James","Brown","2000-10-13","",""
"9","YO5CRQ","Zoltan","Bordas","2000-10-17","",""
"10","N3DQU","Jay","Budzowski","2000-10-27","",""
"11","N3OJV","Albert","Giandomenico","2000-10-28","2007-11-29","SK"
"12","W5EC","Ralph","Hawkins","2000-10-28","",""
"13","VK2BFC","Frank","Scott","2000-11-05","",""
"14","K3CKO","Bob","Swarm","2000-11-06","",""
"15","KF4JWF","Martin","Schwartz","2000-11-06","2015-03-10","SK"
"16","W4YTC","Ray","Forrester","2000-11-08","",""
"17","W2AFD","Howard","Friedman","2000-11-12","2018-07-02","SK"
"18","K5COX","Onis L.","Cox","2000-11-13","",""
"19","KF8OR","James","Wirsing","2000-11-22","",""
"20","K8NHR","Howard","Baker","2000-11-27","",""
"21","W5SBH","Carl","Sherman","2000-11-28","",""
"22","K9EEI","Jim","Humes","2000-12-07","",""
"23","W8FDV","James","Herbert","2000-12-18","",""
"24","WA7OK","Lee","Watts","2000-12-27","",""
"25","W3HF","Steve","Melachrinos","2000-12-24","",""
"26","N6YIH","Steven","Dominguez","2001-01-01","",""
"27","DM5GI","Hajo","Seyfried","2001-01-04","",""
"28","N3XC","Tom","Stopps","2001-01-05","",""
"29","N3KNZ","John","Gbur","2001-01-17","",""
"30","SV1ENS","Demetre","Koumanakos","2001-01-18","",""
"31","WM2U","Ernie","Mills","2001-01-22","",""
"32","AA8QQ","Jay","Mauch","2001-01-28","",""
"33","OK1AK","Vlasto","Pejchal","2001-02-01","",""
"34","W9FIF","Robert A.","Daniel","2001-02-09","",""
"35","DL2AYL","Erika","Baumberger","2001-02-12","2002-12-17","resigned"
"36","KB1FOT","Rian","van der Welden","2001-02-15","",""
"37","K5SIT","Robert","Armstrong","2001-02-18","",""
"38","K8IJ","Charlie","Trice","2001-02-19","",""
"39","YL2FD","Andris","Brunenieks","2001-02-27","",""
"40","W2CZ","Efrem","Acosta","2001-02-27","",""
"41","SM7WDS","George","Schleuss","2001-03-03","",""
"42","KU4FP","Russell","Chandler","2001-03-03","2017-12-10","SK"
"43","W0QL","Mark","Edwards","2001-03-03","",""
"44","K6SRZ","Alan","Eshleman","2001-03-05","",""
"45","K0JAL","Jerry","Lineback","2001-03-08","",""
"46","DL5CE","Jorgen","Krietsch","2001-03-13","2006-04-18","SK"
"47","KA0VXK","William","Duffy","2001-03-13","",""
"48","W1SQL","Joe","Faria","2001-03-13","",""
"49","MM0BSM","Stu","McQuillian","2001-03-14","",""
"50","N1ZZZ","Jeremy","Allen","2001-03-14","",""
"51","KF7R","Fernando","Ramirez-Ferrer","2001-03-16","",""
"52","WU4O","Jeff","Baker","2001-03-19","",""
"53","DH1AKG","Ulrich","Schadlich","2001-03-19","",""
"54","VE3CT","Croft","Taylor","2001-03-21","2010-11-17","SK"
"55","WA5EOG","Ken","Lambert","2001-03-23","",""
"56","K3PSK","Thomas","Goldsmith","2001-03-25","2005-06-25","SK"
"57","LZ4BU","Ivaylo","Tanev","2001-03-28","",""
"58","N8PSK","Chris","Durbin","2001-03-30","",""
"59","N1EZO","Joe","La Ganga Jr.","2001-04-03","",""
"60","K6CEG","Charles","Goldwater","2001-04-03","2002-09-09","SK"
"61","ON4CAS","Egbert","Hertsen","2001-04-03","",""
"62","K9HKS","Jim","Bellini","2001-04-03","",""
"63","OH6IW","Jukka","Kupila","2001-04-03","",""
"64","OK1HBO","Josef","Dutka","2001-04-03","",""
"65","W4IHI","Gary","Pierson","2001-04-03","",""
"66","NH6K","Wayne","Jones","2001-04-10","",""
"67","W8EWH","Mark J.","Yergin","2001-04-10","",""
"68","KB5XG","Leonard","Freise","2001-04-10","",""
"69","KC0DEB","Jan","Van Eijndt","2001-04-23","",""
"70","K0BZV","Carl","Hattan","2001-04-24","2009-06-30","SK"
"71","AG2A","Tom","Provost","2001-04-24","",""
"72","PA0WCH","Will Chr.","Hildering","2001-04-24","",""
"73","G4TGK","John","Wimble","2001-04-24","",""
"74","PY5XT","Eleandro","Pavanatti","2001-04-25","",""
"75","K8HF","Harry","Frietchen","2001-04-27","",""
"76","KG6AZV","Curtis","Moon","2001-04-27","",""
"77","NY2U","William","Eddy","2001-04-27","2011-09-28","SK"
"78","OE1WEU","Wolfgang","Heinz","2001-05-08","",""
"79","K2LAM","Lenny","Marinello","2001-05-08","",""
"80","K2IBH","Ivan B.","Hancock","2001-05-08","2005-10-15","SK"
"81","K2JF","John M.","Fisher","2001-05-08","",""
"82","HA5BSW","Tibor","Kiss","2001-05-08","",""
"83","TA7I","Ozkan","Ozal","2001-05-08","",""
"84","KQ6JQ","Robert","Setnor","2001-05-09","2009-08-24","SK"
"85","KA3GMP","Raymond","Mills Jr.","2001-05-11","2006-10-07","SK"
"86","KS2O","Karen A.","Smith","2001-05-18","",""
"87","TA9J","Ismail","Cakmak","2001-05-23","",""
"88","KB1DZZ","David","Crockford","2001-05-23","",""
"89","DL2ARJ","Ralf","Baum","2001-05-23","",""
"90","W4TMM","James Terry","Granger","2001-05-30","",""
"91","K6DF","Dennis G.","Franklin","2001-05-30","",""
"92","N3UYI","Stephen M","Prior","2001-06-02","",""
"93","N3RZU","Norman","Chipps","2001-06-07","",""
"94","KR2V","Joe","Ellman","2001-06-07","",""
"95","NA6G","Steve","Bassett","2001-06-07","",""
"96","SV9COD","Emmanuel","Hatzikostas","2001-06-07","",""
"97","W7BWI","Loren E.","Page","2001-06-07","",""
"98","K0CIE","Karl C.","Kaukis","2001-06-07","",""
"99","WA4KY","Gary","Kennison","2001-06-07","",""
"100","W0SDG","Steve","Gaiser","2001-06-07","",""
"101","G7OED","Richard","Cowles","2001-06-07","",""
"102","N3JWJ","Darrell","Frappier","2001-06-07","",""
"103","KM5FT","William O.","Weatherford","2001-06-09","2015-04-06","SK"
"104","KG9NI","Ernest","Stracener","2001-06-11","",""
"105","DL2NOH","Olaf","Hapke","2001-06-11","",""
"106","K7ZYV","Carl J.","Middlekauff","2001-06-11","",""
"107","KB3SM","Robert","Brocklehurst","2001-06-14","",""
"108","N9BUB","David","Bartlett","2001-06-15","",""
"109","ZL3JT","Duncan","McMahon","2001-06-15","",""
"110","WA4MIT","Morris","Wideman","2001-06-19","",""
"111","MM0CBL","George","Black","2001-06-19","",""
"112","W8NUE","Milton E.","Cram","2001-06-22","",""
"113","KF2VX","Thomas M.","Toft","2001-06-30","",""
"114","AG7LB","Lou","Berry","2001-06-30","",""
"115","TA2EY","Mustafa","Aydin","2001-06-30","",""
"116","HA1ZH","Zoltan","Nemeth","2001-06-30","",""
"117","K4MG","Barry","Rimmer","2001-07-18","",""
"118","LA6YJA","Svend Aage","Jessen","2001-07-18","",""
"119","GM0KWW","Jim","Alexander","2001-07-18","",""
"120","TA4KG","Anarad","","2001-07-18","",""
"121","KB3EBG","Pedro","Santiago","2001-07-30","",""
"122","SV1FKK","Dionisis","Divaris","2001-07-30","",""
"123","WB5SYT","John","Thomason","2001-07-30","",""
"124","KF3AA","Robert","Balint","2001-07-30","",""
"125","DA1TJO","Brian","Livingston","2001-07-30","",""
"126","K5TLG","Timothy L.","Grooms","2001-08-04","",""
"127","HA7VA","Gyorgy","Valy","2001-08-16","",""
"128","KH6G","Clarence A.","Gardner","2001-08-16","",""
"129","N3ETV","Charles A.","Johnson","2001-08-16","",""
"130","DK3FCP","Cincinel","Pavlenco","2001-08-16","",""
"131","9A6T","Zdravko","Todorovski","2001-08-20","",""
"132","NJ6VT","USS Pampanito ARC","SS-383","2001-08-26","",""
"133","ZL2AH","Joe","Reed","2001-08-31","",""
"134","WB5TX","Wayne","Alsabrook","2001-09-10","",""
"135","JH5OXF","Mitsuhiro","Takehira","2001-09-10","",""
"136","HP1EFR","Ernesto Blanco","Rodriguez","2001-09-10","",""
"137","KE4CR","Craig","Rader","2001-09-10","",""
"138","W7PSK","Ricky","Scott","2001-09-10","",""
"139","G4UCJ","Sean","Gilbert","2001-09-10","",""
"140","ZD8JA","Jeremy","Allen","2001-09-10","",""
"141","YO2RR","Ioan","Branga","2001-09-25","",""
"142","K4PVA","Gregory L.","Winters","2001-10-02","",""
"143","WB5NHL","Dave","Kjellquist","2001-10-02","",""
"144","N7KMV","Layne","Garrett","2001-10-19","",""
"145","K1XS","Ken","Hanks","2001-10-19","",""
"146","TA7KB","Anatolian Radio Amateurs Association","ANARAD","2001-10-19","",""
"147","OK1VSL","Ludik","Salac","2001-10-19","",""
"148","K3NJ","John F.","Croft","2001-10-19","",""
"149","N0BHC","Robert R.","Reid","2001-10-19","",""
"150","K4FBP","Don","Adamson","2001-10-23","2017-01-19","SK"
"151","KE4BCN","Ross","Slater","2001-10-23","",""
"152","N0OKS","Mark W.","Kachel","2001-10-23","",""
"153","AK6DV","Chuck","Bridges","2001-10-23","",""
"154","WB3AVD","Ted","Holland Jr.","2001-10-30","",""
"155","SV1XV","Costas","Krallis","2001-11-08","",""
"156","W7QQ","Bill","Schwantes","2001-11-09","",""
"157","OM3CRG","Katarina","Durcova","2001-11-20","",""
"158","KF4FHS","Bernie","Leonard","2001-12-02","",""
"159","DL1BSC","Christopher","Schreiber","2001-12-10","",""
"160","OK2SWD","Dusan","Hanak","2001-12-11","",""
"161","KH6DRT","Evillo","Abreu","2001-12-11","2009-05-25","SK"
"162","K5CFW","Cedric","Walker","2001-12-11","",""
"163","K1VDH","Peter","Van Den Houten","2002-01-01","",""
"164","K0SU","Rick","Brown","2002-01-01","2018-06-16","SK"
"165","W1XQ","John","Pate","2002-01-03","",""
"166","K4DS","Ron","DeFeo","2002-01-05","",""
"167","WW0F","Daniel","Ratzlaff","2002-01-08","",""
"168","OK2FB","Pavel","Hruska","2002-01-10","",""
"169","OK2MF","Miroslav","Jirout","2002-01-10","",""
"170","KO6SY","Malcolm","Levy","2002-01-16","",""
"171","KK7UQ","Clint","Hurd","2002-01-16","",""
"172","WB8NUT","J. Duffy","Beischel","2002-01-16","",""
"173","S50DX","Aleksander","Hocevar","2002-01-16","",""
"174","OK2PSG","Bob","Sticha","2002-01-21","",""
"175","VE3KI","Richard","Ferch","2002-01-21","",""
"176","KG8JF","Chris M.","Hill","2002-01-21","",""
"177","AC4M","Jonathan Craig","Wallen","2002-01-21","",""
"178","N4ZUM","Ed","Bruchac","2002-01-21","2017-05-25","SK"
"179","WX7P","Wilse","Morgan","2002-01-22","2013-06-13","SK"
"180","W0RAA","Richard L.","Thompson","2002-01-22","2021-01-16","SK"
"181","N2HTT","Mike F.","Aiello","2002-01-24","",""
"182","K3DCS","Don","Schmitt","2002-01-24","",""
"183","KF4YIO","Jack","Absalom","2002-01-25","2008-04-25","SK"
"184","K6OWL","Mark P.","Schreiber","2002-01-27","",""
"185","OK2BMS","Milos","Slavik","2002-01-28","",""
"186","KB7JMW","Lovey","West","2002-01-28","",""
"187","W5KEC","Kenneth E.","Carpenter","2002-01-31","",""
"188","NN6DG","Dmitri","Goutnik","2002-01-31","2014-07-01","Expired"
"189","N3MK","Don","Snider","2002-02-01","",""
"190","K9TG","Tom","Gutekunst","2002-02-02","",""
"191","VE4XA","Bob","Mitchell","2002-02-11","",""
"192","N4CAP","Jeff","Clouse","2002-02-20","",""
"193","PA5BM","Bert","van der Meer","2002-02-23","",""
"194","N5MH","Melvin B.","Hennington","2002-02-24","",""
"195","OM5NL","Laci","Nemeth","2002-02-26","",""
"196","KA0JDT","John","Prondzinski","2002-03-01","2016-05-27","SK"
"197","OK2SPD","Petr","Slezak","2002-03-12","",""
"198","OK1IVU","Vladimir","Vesely","2002-03-12","",""
"199","K3MZV","John F.","Lynch","2002-03-12","",""
"200","OM3AA","Dr. Milos","Jiskra","2002-03-17","",""
"201","TA2IM","Arman","Mazman","2002-03-17","",""
"202","WI3Q","James E.","Arner","2002-03-18","",""
"203","OK1AD","Laco","Polak","2002-03-20","",""
"204","N7XB","Bruce R.","McCain","2002-03-22","2015-05-18","SK"
"205","OK2BF","Stanislav","Orel","2002-04-01","",""
"206","PY2MJ","Guilherme K.","Conceicao","2002-04-01","",""
"207","YO8CYN","Enea","Mihal","2002-04-01","",""
"208","HS0ZBS","Kurt","Brauer","2002-04-03","",""
"209","JA9LX","KENJI","NOZUE","2002-04-20","",""
"210","W4NBO","Charles","Plunk","2002-04-20","",""
"211","OM0GT","Teodor","Gribus","2002-04-20","",""
"212","OK1AZK","Zdenek","Klempera","2002-04-20","",""
"213","K3NAW","Neil A.","Wolvin","2002-04-23","",""
"214","SP6RGC","Piotr","Laniec","2002-05-14","",""
"215","W4KRN","Karen","Russo","2002-05-24","",""
"216","N4LI","Peter D.","Baskind","2002-06-01","",""
"217","K8IXL","Donald H.","LaHote","2002-06-01","",""
"218","VE9DX","Andy","McLellan","2002-06-01","",""
"219","HP1AC","Camilo","Castillo","2002-07-03","",""
"220","HP1BSL","Luis","Suman V.","2002-07-03","",""
"221","K3VOA","Voice of America","Radio Club","2002-07-03","",""
"222","JA9MAT","Hidehiko","Komachi","2002-07-03","",""
"223","KB3FN","Lynn","DeHart","2002-07-03","",""
"224","OK5RED","Dukovany Nuclear Power Plant","Radio Club","2002-07-03","",""
"225","OM9ALZ","Daniel","Plett","2002-07-03","",""
"226","N3EF","Eric","Fairbank","2002-07-10","",""
"227","WB4RQD","Bobby","Ellison","2002-07-17","",""
"228","W7LD","Jack E.","West","2002-07-17","",""
"229","W8VOM","Charles A.","LeMarbre","2002-07-24","",""
"230","OK1CYC","Miroslav","Pribyl","2002-08-12","",""
"231","OK1AUP","Vaclav","Pribyl","2002-08-12","",""
"232","G6OKU","Mike","Law","2002-08-13","",""
"233","HP8AJT","Jose","Garcia","2002-08-14","",""
"234","KI4MI","Robert","Gibson","2002-08-15","",""
"235","HP1DCP","Rene","Fonseca","2002-08-15","",""
"236","HP1CPE","Gustavo","Fuenmayer","2002-08-15","",""
"237","KD7KLA","Michael E.","Chesbro","2002-09-03","",""
"238","HP1CDZ","Duncan Floyd","Gould","2002-09-11","",""
"239","PA3BAY","Hennie","Oortman","2002-09-25","",""
"240","JF2IGP","Naohisa","Hirano","2002-09-30","",""
"241","WB2YAF","Lee","Benedict","2002-10-01","2014-04-17","SK"
"242","K4EAK","Edward A.","Kazmarek","2002-10-10","",""
"243","K4TFT","Rich","Tenety","2002-10-23","",""
"244","W5VFO","Charles M.","Brecheisen","2002-10-23","",""
"245","CE2WUI","Mauricio","Rojas","2002-11-04","",""
"246","AC7ZA","Alan P.","Becker","2002-11-04","2006-02-26","SK"
"247","W1LXE","William H.","Lyons","2002-11-04","",""
"248","KB8VIP","Heinz","Stucki","2002-11-07","",""
"249","EA3FAJ","Xavier","Miquel","2002-11-15","",""
"250","G7TMU","Victor","Swanwick","2002-11-17","",""
"251","W2LTB","James A.","Donnell","2002-11-17","",""
"252","KJ7NO","Brad K.","Wilcox","2002-11-28","",""
"253","AB0SR","Jesse","Nee","2002-11-28","",""
"254","DL0FRT","R.U. Radio Station","","2002-11-28","",""
"255","N1VP","Earl A.","Carron","2002-12-06","",""
"256","K5ZRK","Larry","Jones","2002-12-06","2015-09-11","SK"
"257","HP1KZ","Aurelio","Herrera","2002-12-06","",""
"258","AD5EN","Charles","Bess","2002-12-06","",""
"259","4Z4DX","Dov","Gavish","2002-12-16","",""
"260","WA0TDQ","Hugh","Maddox","2002-12-17","",""
"261","AB3AI","Christopher J.","Halinar","2002-12-18","",""
"262","KI4A","Thomas R.","Birch","2002-12-18","",""
"263","YO2LOG","Calin Ioan","Tenche","2002-12-19","",""
"264","YO2LDK","Alexandru","Puiu","2002-12-20","",""
"265","9A9L","Leon","Kanzler","2002-12-30","",""
"266","G4ZCS","Chris","Saunders","2003-01-06","",""
"267","OK2PMG","Miloslav","Pliska","2003-01-08","",""
"268","TA1GS","Burak","Tatlisert","2003-01-14","",""
"269","EC1DMG","Sergio Castro","Porres","2003-01-16","",""
"270","KC3T","Katherine A.","Croft","2003-01-16","",""
"271","N0IBT","David","Perry","2003-01-18","",""
"272","KR4U","David W.","Trewin","2003-01-28","",""
"273","KC0HOR","Bryce","Fifield","2003-01-28","",""
"274","KF0OH","William H.","Metzger","2003-01-28","",""
"275","GM4SNZ","D.J.","McCrandles","2003-02-02","2009-07-31","SK"
"276","G7HJX","David","Raybould","2003-02-06","",""
"277","OK1KT","Vratislav","Vaverka","2003-02-08","",""
"278","OK1ACF","Zdenek","Richter","2003-02-13","",""
"279","HP2SM","Santiago","Salinas","2003-03-15","",""
"280","KD7KST","William J.","Magruder","2003-03-18","",""
"281","KM4YH","George","Kemp","2003-03-18","",""
"282","KX5S","Jimmie R.","Thompson","2003-03-30","2013-02-22","SK"
"283","K1HTV","Richard","Zwirko","2003-04-24","",""
"284","OK1AIL","Miloslav","Joachimsthaler","2003-04-24","2006-10-22","SK"
"285","WA3KYY","Michael E.","Dobson","2003-05-02","",""
"286","MM0DFV","Jurij","Phunkner","2003-05-02","",""
"287","RW3AA","Vyacheslav","Lukin","2003-05-17","",""
"288","NO9C","Paul","Jansen","2003-06-03","",""
"289","M3EDP","Andy","Roberts","2003-06-07","",""
"290","K4RKQ","Roy","Emert","2003-06-10","",""
"291","K8SAR","Steve","Rish","2003-06-13","",""
"292","M5PLY","Ivor","Peters","2003-06-17","",""
"293","W5VGR","Don","Rinker","2003-06-17","",""
"294","KE8PA","Steve","Burczyk","2003-06-20","",""
"295","WA3WSJ","Edward R.","Breneiser","2003-07-02","",""
"296","KB8YIT","Chuck","King","2003-07-02","",""
"297","AC4RD","Ken","Kuzenski","2003-07-04","",""
"298","KT4NM","John","Janssen","2003-07-08","2021-06-19","Expired"
"299","WA6NUT","Richard R.","Peterson","2003-07-12","",""
"300","G3YJQ","Fred A","Bourne","2003-07-16","",""
"301","WN4AMO","Paul","Hemby","2003-07-16","",""
"302","WB5TOI","Clayton","Freund","2003-07-18","",""
"303","M0PSK","Chris","Gibson","2003-07-19","",""
"304","M1SWB","Steve","Bainbridge","2003-07-21","",""
"305","W3GCW","GC","Warrick","2003-08-04","",""
"306","WB7DX","Jerry O.","Bybee","2003-08-04","2017-12-29","Expired"
"307","KC9DEF","Dan","Geddes","2003-08-05","",""
"308","N1ZW","Robin L.","Ward","2003-08-07","",""
"309","KB1IKD","John","Shea","2003-08-12","",""
"310","OH4LRP","Olli","Piironen","2003-08-16","",""
"311","OH8MWD","Jouko","Jalonen","2003-08-20","",""
"312","K9VIC","Eric","Dallmann","2003-08-20","",""
"313","AE7TF","James","Van Ornum","2003-09-12","",""
"314","N9NDS","Brad A.","Roberson","2003-09-14","",""
"315","KD7RX","Jerry","Sherwin","2003-09-15","",""
"316","WV7T","Michael L.","Anderson","2003-09-17","",""
"317","4F3FVA","Fidel V.","Aragones","2003-09-30","",""
"318","K5PAX","Harvey","Licht","2003-10-29","",""
"319","N4UPX","Robert D","Statzer","2003-10-29","",""
"320","OZ0F","Jens Erik","Mikkelsen","2003-10-29","",""
"321","OK2ZAW","Jan","Sustr","2003-10-29","",""
"322","XQ5CL","Hector Aguillon","Gutierrez","2003-11-02","",""
"323","SV1CAX","Evangelos","Soultanis","2003-11-22","",""
"324","KA7KUZ","Brian","Spindor","2003-11-22","",""
"325","KK1X","John","Griswold","2003-11-26","",""
"326","G3URA","Dick","Whittering","2003-12-05","",""
"327","KD5SGT","Jerry","Halmbacher","2003-12-06","",""
"328","N6TQS","Doug","Faunt","2003-12-20","",""
"329","K8VD","Tim","Day","2004-01-03","",""
"330","NW8G","John R.","Parker","2004-01-03","",""
"331","KJ1J","John","Maglio","2004-01-04","",""
"332","WB0BLV","Leroy B.","Sublett","2004-01-11","",""
"333","K8QL","Richard","Dungan","2004-01-11","",""
"334","WN1OTV","Don","Benson","2004-01-14","",""
"335","N0KFC","Mike","Roda","2004-01-15","",""
"336","WB9AUJ","John","Vodenik","2004-01-16","2015-10-20","SK"
"337","K7NUU","Stan","LaPointe","2004-01-18","",""
"338","K6VV","Asa","Collins","2004-01-28","",""
"339","N7QU","George","Kennedy","2004-02-02","",""
"340","AC0AX","Hal","Schlofeld Jr.","2004-02-02","",""
"341","WA3GOS","Sterling W.","Miles","2004-02-06","",""
"342","K0UL","Kevin","Fox","2004-02-07","",""
"343","N6VOA","I.B.B. Delano A. R. C.","","2004-02-08","",""
"344","AA7FK","Robert O.","Jensen","2004-02-11","2009-01-22","SK"
"345","N4GSD","Dwight","Agnew","2004-02-11","",""
"346","AA2C","Paul C.","Trainer","2004-02-17","",""
"347","AA0UM","Anderson N.","McMinn Sr","2004-02-18","2005-03-26","SK"
"348","WM4B","Michael W.","Besemer","2004-02-21","",""
"349","W4HM","Thomas","Giella","2004-02-21","",""
"350","WA5GDW","Lynné M.","Lambert","2004-02-22","2019-11-03","SK"
"351","N8TW","Ted","White","2004-03-01","",""
"352","W3BNY","Rene J.","Ramirez","2004-03-01","",""
"353","KF4NDH","Robert C.","Holdford","2004-03-06","2013-06-11","SK"
"354","W7PAQ","Frank","Kisselbach","2004-03-06","",""
"355","VE3FAL","Fred","Lesnick","2004-03-28","",""
"356","W9EG","Gerald","Spearman","2004-03-28","",""
"357","SP1DOZ","Slawomir","Balukiewicz","2004-03-30","",""
"358","R3HZ","Alex","Nazarov","2004-03-31","",""
"359","WA4EEZ","Leslie","Johnson","2004-04-01","","SK"
"360","RZ3AIR","Victor","Titov","2004-04-13","",""
"361","KI4RO","John P.","Smith","2004-04-21","",""
"362","KE9PH","Anthony","Mcalister","2004-04-27","",""
"363","AB2LA","Joe","Mangano","2004-04-27","2007-05-17","SK"
"364","WB4ZOH","Kenneth R.","Coghill III","2004-04-30","",""
"365","W6UHQ","Dennis","Merritt","2004-05-18","",""
"366","W3MZ","Michael","Craig","2004-05-22","",""
"367","WA7HYD","Bob","Huson","2004-06-07","2013-05-19","SK"
"368","WB4MNK","Art","Petteway","2004-06-07","",""
"369","W0PAS","Paul A.","Stagno","2004-06-07","",""
"370","KR4YD","David H.","Burroughs","2004-06-07","",""
"371","G7IWA","Alan","Maunder","2004-06-09","",""
"372","W5DP","Donald","Dickerson","2004-06-10","",""
"373","OM1ZL","Huber","Ladislav","2004-06-10","",""
"374","K1YAN","Gary","Meyn","2004-06-11","",""
"375","GM0KBU","Scott S.","Waterall","2004-06-11","2010-08-31","SK"
"376","N3VOP","Mike","Fisher","2004-08-10","",""
"377","M0DMJ","Colin","Peters","2004-08-12","",""
"378","M0KIG","Karl","Gamble","2004-08-16","",""
"379","OM3TBG","Milan","Dostal","2004-08-23","",""
"380","DL7AG","Christian","Henkel","2004-10-17","",""
"381","KB9WWM","Jim","Moehring","2004-10-28","",""
"382","KC7ZFP","Mike","Abrams","2004-11-01","2013-05-24","SK"
"383","HB9OAE","Maico","Kelly","2004-11-02","2014-10-15","SK"
"384","KC7UWQ","Kevin L.","Blue","2004-11-05","",""
"385","N6TAS","Jim","Grimes","2004-11-08","",""
"386","G8KSH","Alison","Wilkins","2004-11-18","",""
"387","WY7W","Tom","Dean","2004-11-29","",""
"388","K7QXG","Bob","Peschka","2004-12-05","",""
"389","W8VBV","Dale","Pausinga","2004-12-19","",""
"390","W5SWA","Walter","Higgins","2004-12-20","",""
"391","AB2RC","Alex V","Flinsch","2005-01-13","",""
"392","KB3BPW","PENN-OHIO DX SOCIETY (PODXS)","PODXS Club Station","2005-01-17","2017-10-10","Expired"
"393","W6RK","Risto","Kotalampi","2005-01-19","",""
"394","K0HW","Jim","Wennblom","2005-01-25","",""
"395","W1HCB","Hank","Brote","2005-01-25","",""
"396","W6REM","Rem P","Roberti","2005-01-30","",""
"397","W3BUI","Joseph","Brining","2005-01-30","",""
"398","AG4QX","William","Williams","2005-02-08","",""
"399","UR3GM","Igor","Pulin","2005-02-18","",""
"400","DL0MT","DARC OV-Ermstal","Club Station","2005-02-20","",""
"401","K3MQ","Bob","Johnson","2005-03-04","",""
"402","DL2CS","Carsten","Schulz","2005-03-28","",""
"403","N4TT","Kevin","der Kinderen","2005-04-05","",""
"404","WA7HDZ","Larry","Rockne","2005-04-05","",""
"405","EB4Z","Joaquin Gusano","Garcia","2005-04-11","",""
"406","KG4WNA","John","Sanders","2005-04-29","",""
"407","DF5JG","Lothar","Liebelt","2005-05-03","",""
"408","DJ6JH","John","Hillyer","2005-05-17","",""
"409","N5CJ","Joe","Sak","2005-05-25","",""
"410","KI4BIY","Bill","Hughes","2005-05-31","",""
"411","K1GMD","Phil","Oliver","2005-06-06","",""
"412","K6MKF","Mike","Flowers","2005-06-06","",""
"413","K5WW","Erik","Janssens","2005-06-06","",""
"414","OZ2JP","Jens","Petersen","2005-06-06","",""
"415","VE7HL","Logan","Hart","2005-06-06","",""
"416","WZ6P","Rich","McMahon","2005-06-06","2007-12-31","SK"
"417","AI3W","Rick","Graham","2005-06-07","",""
"418","VE7AXU","John","M. MacFarlane","2005-06-09","",""
"419","KG4FSN","Juan","P. Ferrari","2005-06-09","2008-01-25","SK"
"420","KF4WW","Herbert","Ford","2005-06-10","",""
"421","W8CSN","Steve","Nelson","2005-06-18","",""
"422","UT5RP","Dimitry S.","Slyusarenko","2005-06-20","",""
"423","UT5FB","Alexander D.","Slyusarenko","2005-06-20","",""
"424","KE7CRN","Mark","Higgins","2005-07-03","",""
"425","K8VTD","Cathy","Woloszyn","2005-07-05","",""
"426","N5UV","David D.","Lusk","2005-07-18","",""
"427","VK3GOM","Graeme","Fuller","2005-07-18","",""
"428","W4KTF","Kyle","Fox","2005-08-01","",""
"429","NB9Y","James","C. Havranek II","2005-08-08","",""
"430","EA7ESI","José","L. Medina","2005-08-09","",""
"431","K7EV","Harold","James","2005-09-04","",""
"432","K9ZW","Steve","Weinert","2005-09-04","",""
"433","KD2NL","John","Ryan","2005-09-10","2008-07-11","SK"
"434","WA2IAM","David","G. Green","2005-09-28","",""
"435","KB9LNC","Byron","Devine","2005-10-03","",""
"436","W2QO","Jamie","Punderson","2005-10-05","",""
"437","KA9DFI","Michael","L. Miller","2005-10-07","",""
"438","YO6HQ","Gig","Dragulescu","2005-10-08","",""
"439","K1DJE","Dave","Corio","2005-10-22","",""
"440","K4AAG","Robert","Kleinen","2005-11-02","",""
"441","KN3A","Scott","A. Lithgow","2006-01-06","",""
"442","EA4BDL","Jose","Carlos Bonilla Delgado","2006-01-10","",""
"443","OK1NZJ","Zdenek","Kober","2006-01-10","",""
"444","HB9TUO","Denis","Tasinato","2006-01-10","",""
"445","VE3XK","Doug","Leach","2006-01-11","2010-01-15","SK"
"446","NF7H","Greg","Lamb","2006-01-11","",""
"447","N9KO","Calvin","Kutemeier","2006-01-12","",""
"448","NM7H","William","K Flint","2006-01-12","",""
"449","KI4CBF","Chris","Walter","2006-01-12","",""
"450","F8AEJ","Jack","Dumanet","2006-01-14","",""
"451","W3HNL","Richard","A. Christin Sr.","2006-01-18","",""
"452","DG2RSF","Stefan","Fuchs","2006-01-20","",""
"453","I7PXV","Vincenzo","Papadia","2006-01-20","",""
"454","N9AVY","Jerry","Heien","2006-01-21","","SK"
"455","AI4KN","John","C Trice","2006-01-21","",""
"456","HP1ALX","Luis","O. Mathieu","2006-02-04","",""
"457","NN1J","Al","Longo","2006-02-04","2020-05-21","SK"
"458","K7RE","Brian","Kassel","2006-02-04","",""
"459","KE5AQD","Roger","Bankston","2006-02-04","",""
"460","W8HL","Harry","L Patton Jr","2006-02-04","",""
"461","W6KY","Art","Wallace","2006-02-08","",""
"462","ZL3KR","Alan","Hughes","2006-02-08","",""
"463","N7GVV","James","Raisler","2006-02-13","",""
"464","KC9FOA","Kenneth","C. Monty","2006-02-22","",""
"465","G6HXL","Derek","Latham","2006-03-13","",""
"466","IZ3EOU","Claudio","Cellacchi","2006-03-19","",""
"467","OK2PCQ","Nikl","Frantisek","2006-03-19","",""
"468","HA7PO","Gabor","Lente","2006-03-21","",""
"469","VE7JRX","John","Choo","2006-03-27","",""
"470","M5AAV","Graham","Ridgeway","2006-04-03","2008-03-26","SK"
"471","LW2EIY","Pedro Claudio","Astrada","2006-04-25","",""
"472","EA5XC","Francisco","Fuentes Pascual","2006-05-24","",""
"473","IW7EHC","Giovanni","Calabro","2006-05-24","",""
"474","W7HO","Ron","Schlitzkus","2006-05-25","",""
"475","KD5DE","Mel","Sojka","2006-05-29","",""
"476","AD4RX","Roger","Olson","2006-06-05","",""
"477","NY4FL","Richard","A Hockemeyer","2006-06-05","",""
"478","KC3TK","Frank","Buchanan","2006-06-05","",""
"479","N7YG","Jeff","Steinkamp","2006-06-05","",""
"480","K4QHH","Bob","Bischoff","2006-06-05","",""
"481","K4ORY","James","T. Ory","2006-06-05","2019-04-27","SK"
"482","W3SW","Andy","Schaefer","2006-06-14","",""
"483","K5SP","James","A. Innis","2006-06-14","",""
"484","AE2AA","Walter","Lange","2006-06-14","2016-05-13","SK"
"485","G1DJA","Colin","Avenell","2006-06-15","",""
"486","AG5P","Charles","(Chuck) Oxford","2006-06-15","",""
"487","AJ5S","Kenneth","Bankston","2006-06-27","",""
"488","N9ANA","Voyagers","Amatuer Radio Club","2006-07-04","",""
"489","LU7EH","Fabio","David Gatti","2006-07-04","",""
"490","W4IEI","Noah","Jaffe","2006-07-17","",""
"491","WG5T","Bill","Baker","2006-07-27","",""
"492","AG3BI","Andrew","J. Buskey","2006-07-27","",""
"493","G4DZE","Lindsay","Peter Jones","2006-08-06","",""
"494","WB8MKH","Donald","Moore","2006-08-06","2013-11-23","Expired"
"495","W4SCO","Leslie","Scofield","2006-08-11","",""
"496","G7USC","Gary","McKelvie","2006-08-14","",""
"497","HI4T","Luis","Mena","2006-09-12","",""
"498","W2BOC","Robert","O'Connor","2006-09-25","2008-10-01","SK"
"499","K5FBS","Clifford","A. Taylor","2006-09-27","",""
"500","KE0N","Eliot","A Ricciardelli","2006-10-02","",""
"501","M0OKT","Cathy","Law","2006-10-07","",""
"502","M5AEX","Andrew","Thomas","2006-10-08","",""
"503","N5PU","Leon","Bishop","2006-11-28","",""
"504","W8WKE","Harley","James Cook, Jr.","2006-11-29","",""
"505","NJ2DX","Tom","Kenny","2006-11-29","",""
"506","WK8L","Chad","Hulboy","2006-11-29","",""
"507","K4CMC","Bruce","W. Davis","2006-11-29","",""
"508","NZ9I","Lawrence","R. Noldan","2006-11-30","",""
"509","W4ATK","James","T. ""Jim"" Rogers","2006-11-30","",""
"510","KC0OFK","Dave","Busenbark","2006-12-07","",""
"511","KD5HIP","John","D. Zumbro","2006-12-07","",""
"512","ZL3RG","Graham","Roberts","2006-12-07","",""
"513","AI4QB","Adam","Hahn","2006-12-08","",""
"514","K4OP","John","Mccarthy","2006-12-08","",""
"515","W1HKJ","David","Freese","2006-12-08","",""
"516","VK3AMA","Laurie","Cowcher","2006-12-08","",""
"517","K1PGV","Peter","Viscarola","2006-12-08","",""
"518","N9JGZ","Patricia","Pinkston","2006-12-08","",""
"519","WQ9Z","Roy","Pinkston, Jr.","2006-12-08","",""
"520","K4JYB","John","E. Morton","2006-12-08","",""
"521","UR7FM","Gennadiy","Kovalyov","2006-12-09","",""
"522","EA3FHP","Josep","Vinyets I Prat","2006-12-17","",""
"523","AD1Y","Anthony","D. DeGennaro","2006-12-18","",""
"524","K6NLX","Herbert","F. Ziegler","2006-12-31","",""
"525","N8MNI","Mark","Crosbie","2007-01-01","2019-01-25","SK"
"526","VA3TPS","Steve","McEdwards","2007-01-01","",""
"527","KJ6QB","Glenn","Montenero","2007-01-05","2008-10-07","SK"
"528","KC5E","David","Allen","2007-01-09","",""
"529","YU1RP","Dragomir","(Dragan) Miletic","2007-01-09","",""
"530","OK1ZHV","Vojtech","Horak","2007-01-10","",""
"531","CU2JT","Gary","Wikstrom","2007-01-10","",""
"532","N3TXH","Ernest","Iezzi","2007-01-12","2009-01-13","SK"
"533","F6FJE","Pierre-Jean","Merceret","2007-01-12","",""
"534","PA3FYG","Hans","Smit","2007-01-12","",""
"535","NX7F","Dave","Reed","2007-01-14","",""
"536","VE3OIJ","Darin","Cowan","2007-01-14","",""
"537","KC2QII","Javier","Fernandez","2007-01-14","",""
"538","W5RST","William","M. McShan (Mike)","2007-01-18","",""
"539","WG7H","Larry","S. Hinsdale","2007-01-20","",""
"540","WA6L","John","Graf","2007-02-07","2012-12-17","SK"
"541","N4CI","Scott","Nolde","2007-02-08","",""
"542","AD6ZH","Morris","Jones","2007-02-21","",""
"543","OK1DOZ","Bedrich","(Beda) Jansky","2007-02-22","",""
"544","OK1SRD","Josef","Sroll","2007-02-23","",""
"545","SV2HRS","Nikolaos","Georgiadis","2007-03-03","",""
"546","KF6NNM","Friends","& Amat Rad Communications Enthusiasts","2007-03-08","",""
"547","CT1BWU","Joao","Manuel Luz Silva Coelh","2007-03-09","",""
"548","W4FRA","John","L. Zavadil","2007-03-18","2016-10-22","SK"
"549","CT1HAR","Rui","Sergio Carvalho","2007-03-18","",""
"550","AB3S","David","Prichard","2007-03-24","",""
"551","SV2HRV","Diana","Schuster","2007-03-26","",""
"552","SV2CWV","Kostas","Devrelis","2007-03-27","",""
"553","N0RQ","Dave","Dunbar","2007-04-12","",""
"554","KB5HPL","Peter","Nystrom","2007-04-12","",""
"555","M1FJG","Andy","Roberts","2007-04-13","",""
"556","OK1WCF","Martin","Bohadlo","2007-04-13","",""
"557","N3ATS","Steve","Weiss","2007-04-13","",""
"558","N6ERD","Dan","Severance","2007-04-13","",""
"559","K4JHK","Jerry","R. Patterson","2007-04-14","",""
"560","W7GSV","Robert","M. Rosie","2007-04-20","",""
"561","KC5YPU","Kelly","S. Bradley","2007-04-22","",""
"562","VA7PX","John","Macfarlane","2007-04-22","",""
"563","N2EOC","Charles","Kovacs","2007-04-28","",""
"564","EA1IDG","Pablo","Prados","2007-05-01","",""
"565","KB2VMG","Robert","J. Conroy","2007-05-02","",""
"566","WX6Y","William","Wallace","2007-05-12","",""
"567","AC5ZS","Robert","Shear","2007-05-17","",""
"568","UT4UQ","Alex","Borisenko","2007-05-17","",""
"569","K1PSK","Shane","Miller","2007-05-21","",""
"570","ON7MV","Miguel","Verbanck","2007-05-23","",""
"571","EA1CUI","Juan","Manuel Ponce Pascual","2007-06-17","",""
"572","DO9FB","Falk","Breu","2007-06-17","",""
"573","AB5TQ","Charles","E. Champion","2007-06-17","",""
"574","AE5MM","Loyd","Beeson","2007-06-17","",""
"575","G0LWG","Nigel","Sheriden","2007-06-17","",""
"576","IZ5HNI","Maurizio","Saggini","2007-06-17","",""
"577","K6WRJ","James","Wilson","2007-06-17","",""
"578","KA3L","Doug","Kalish","2007-06-17","",""
"579","KC4TVZ","Todd","Burnette","2007-06-17","",""
"580","KD4BVG","Chandra","Burnette","2007-06-17","",""
"581","KK3Q","Floyd","S. Larck","2007-06-17","",""
"582","K4LRP","John","Gerstner","2007-06-17","",""
"583","KV9R","Alexandra","D Fassett","2007-06-17","",""
"584","LU6DLL","Alejandro","Jorge Hart","2007-06-17","",""
"585","W0HT","Chad","N. Towle","2007-06-17","",""
"586","N2MH","Mark","Herson","2007-06-17","",""
"587","NE5RD","Robert","Dwiggins II","2007-06-17","",""
"588","W0KIT","Douglas","R. Wheeland","2007-06-17","2019-07-12","SK"
"589","N0VPL","Scott","A. Jukes","2007-06-17","",""
"590","W4ZYD","Mike","Steele","2007-06-17","",""
"591","W5CDR","Sean","Gorman","2007-06-17","",""
"592","WX5NCO","Jon","Greene","2007-06-17","",""
"593","NJ4F","David","L Fuseler","2007-06-17","",""
"594","KC8U","Michael","Herboltzheimer","2007-06-18","",""
"595","K7CWQ","Loren","Rasmussen","2007-06-22","",""
"596","W4LSC","Don","Sehulster","2007-06-22","2018-01-30","SK"
"597","KB1AF","Wendy","Kincaid","2007-06-24","2009-09-01","SK"
"598","KL7JGN","Lloyd","Fuller","2007-06-24","",""
"599","N5DAS","Ray","Dobson","2007-07-02","",""
"600","WD6CWE","Douglas","B. Graham","2007-07-05","",""
"601","WI3L","Gary","Brown","2007-07-07","",""
"602","G0RSQ","Peter","Walker","2007-07-08","",""
"603","KD1UA","John","A Hawkins Jr.","2007-07-17","",""
"604","KN4SA","Loy","Bean","2007-07-17","",""
"605","KF4GRA","Lawrence","Defilippi","2007-07-21","",""
"606","KA9BHD","Bob","Lyons","2007-07-21","",""
"607","AA7CP","Joseph","Robert","2007-07-21","2011-07-28","SK"
"608","DK4WO","Andreas","Wolbeck","2007-07-21","",""
"609","N0OB","Mac","Mcdaniel","2007-07-21","2011-04-28","SK"
"610","N4SCF","Sean","Fleeman","2007-07-21","",""
"611","KA5EYH","Donald","Hinte","2007-07-23","2014-03-15","SK"
"612","AA5VU","Richard","(Dick) Kriss","2007-07-24","2019-01-25","SK"
"613","N0LTM","Steve","M Lafferty","2007-07-28","",""
"614","WT6X","Jose J.","Picazo,Jr.","2007-07-29","",""
"615","DL5IB","Dr. Michael","Welter","2007-08-02","",""
"616","KB3JJV","Matthew","Melachrinos","2007-08-04","",""
"617","K4EXT","Gary","Beam","2007-08-07","",""
"618","N4LCC","David","Lapeyrouse","2007-08-07","",""
"619","N2GWK","George","W. Kaneff Jr.","2007-08-12","",""
"620","KB5UNX","Morrie","C. Pickler","2007-08-13","",""
"621","DK2AJ","Axel","Junghans","2007-08-13","",""
"622","DK9KF","Herbert","Essrich","2007-08-15","",""
"623","AD7KU","Andrew","H Johnson","2007-08-23","",""
"624","KG4VBK","Justin","Beam","2007-08-25","",""
"625","W7TOD","Todd","J. Hanson","2007-09-01","",""
"626","WB1W","Richard","MacPherson","2007-09-01","",""
"627","JF2SKV","Hisashi","Matsushita","2007-09-13","",""
"628","KE7XU","Richard","M. Emerson","2007-09-14","2011-03-16","SK"
"629","VE3XAT","Mike","Lafave","2007-09-14","",""
"630","KI4SMP","William","N Nobles","2007-09-17","",""
"631","DD7DX","Thorsten","Meirich","2007-09-20","",""
"632","K7STH","Steven","Hanson","2007-09-22","",""
"633","AD5ZA","James","Matthews","2007-10-01","",""
"634","CT1BYK","Alvaro","Victor Gomes","2007-10-01","",""
"635","HP1AVS","Victor","Sierra S.","2007-10-03","",""
"636","KX8C","James","Sens","2007-10-04","",""
"637","SM0KCR","Robert-Gunnar","Rönndalen","2007-10-04","",""
"638","N1ESE","John","T. Croteau","2007-10-07","",""
"639","KC8UR","Tony","R Spiegel","2007-10-07","",""
"640","DC3CD","Peter","S. Böck","2007-10-14","",""
"641","VA3HJ","Jim","Orcheson","2007-10-14","",""
"642","AD6ZJ","Loren","Hunt","2007-10-16","",""
"643","WU8Y","Joel","R. Stanley","2007-10-29","",""
"644","N5FPW","Larry","Van Horn","2007-10-29","",""
"645","N8WP","Willie","Peloquin","2007-11-02","",""
"646","W1IPS","Ralmond","Burgess","2007-11-04","",""
"647","AG0A","Galen","L Steele Jr","2007-11-17","",""
"648","K7KTP","Dick","Prather","2007-11-18","2014-11-16","SK"
"649","DH5WB","Wilfried","Besig","2007-11-29","",""
"650","N6MG","Milton","Garb","2007-12-03","",""
"651","WP3UX","Willem","Winkel","2007-12-18","",""
"652","YO6AJI","Muntean","Ioan- Jim","2007-12-22","",""
"653","KI4ZCB","Cypress","Chapter","2007-12-22","2017-08-27","Expired"
"654","SP4CJA","Ryszard","Misiun","2007-12-22","",""
"655","AI6O","Edwin","H. Felter","2007-12-22","",""
"656","KB6OJE","Jerry","Keltner","2008-01-01","",""
"657","YO6EX","Vasile","Giurgiu","2008-01-05","",""
"658","W7WIA","Oliver","A. Larsen","2008-01-07","",""
"659","N1SPX","Charles","Doolittle","2008-01-10","",""
"660","KC2QXE","Stephen","Przepiora","2008-01-10","",""
"661","N4YZ","Tommie","L. Wood","2008-01-13","",""
"662","KR7RK","Keith","Schlottman","2008-01-13","",""
"663","HA3DMF","Guenter","Rippl","2008-01-15","",""
"664","WA0CKO","Marlin","Gilbreath","2008-01-15","2012-07-01","SK"
"665","AE4TX","Scott","A. Parvin","2008-01-18","",""
"666","N4CR","Phil","Barnett","2008-01-19","2015-04-16","SK"
"667","G0BYH","Geoff","Stokes","2008-01-21","",""
"668","OL5DIG","Radio Club","Ok-Dig","2011-10-31","",""
"669","K6ASK","Robert","L Mueller","2008-01-21","","SK"
"670","DK9MS","Markus","Schäfer","2008-01-23","",""
"671","K6SID","Howard","J Sidorsky","2008-01-24","",""
"672","KO4PU","Robert","Phelps","2008-01-25","",""
"673","IZ5MJQ","Filippo","Panconi Acconci","2008-02-03","",""
"674","N0KMA","Todd","Shoemake","2008-02-08","",""
"675","W4MAA","Bobby","Ricchiuti","2008-02-09","",""
"676","NM6K","Stephen","Dashiell","2008-02-11","",""
"677","K3PRN","Donald","C. Ruokonen","2008-02-19","2019-01-12","SK"
"678","DK3HJ","Joachim","Hofmann","2008-02-20","",""
"679","VE1CDD","John","Goodwin","2008-02-27","2019-01-05","SK"
"680","N9AAA","Norbert","P. Aurit","2008-03-04","",""
"681","KN4DS","David","B. Stewart","2008-03-05","",""
"682","EA4AFA","Sergio","Gonzalez","2008-03-05","",""
"683","N4ZQ","Keith","Obrien","2008-03-08","",""
"684","LZ1SJ","Svetlin","Borisov","2008-03-09","",""
"685","N9JLY","Frank","F Kolczak","2008-03-13","",""
"686","K3CXB","Walt","Bowers","2008-03-17","2012-10-27","Expired"
"687","VE3JW","Darin","Cowan","2008-03-19","",""
"688","WB2HTO","David","Kruh","2008-03-19","",""
"689","AB8VX","James","T Bailey","2008-03-24","",""
"690","SQ2BXI","Marcin","Skora","2008-03-29","",""
"691","N5RJS","James","Marshall","2008-03-30","",""
"692","KG4LUN","Bob","Weiss","2008-04-02","",""
"693","KP4ED","Luis","DE JESUS","2008-04-16","",""
"694","G8HWI","John","Simons","2008-04-16","",""
"695","KB9BVN","Brian","Murrey","2008-04-16","",""
"696","KU4JZ","John","W. Taylor","2008-04-22","",""
"697","AL7GA","Kenneth","J (Ken) Perry","2008-04-22","2017-03-17","SK"
"698","N7CQU","Elizabeth","LILJENGREN","2008-04-24","",""
"699","EI9HQ","Declan","Lennon","2008-04-24","",""
"700","W5KAM","Kenneth","A Miller","2008-05-01","",""
"701","KR7U","Jerry","Humphrey","2008-05-05","",""
"702","KF4IMF","Robert","Pollack","2008-05-06","",""
"703","ON2AD","Patrick","DE WEVER","2008-05-08","",""
"704","AE5PW","Patrick","WEATHERFORD","2008-05-09","",""
"705","K8OUX","Gerald","Berner","2008-05-20","2017-03-16","SK"
"706","W3MEL","Mel","Salzman","2008-05-20","",""
"707","AE1P","Neil","L Goodell Jr.","2008-05-20","",""
"708","W0RTV","Donald","T. Ward","2008-05-20","",""
"709","AD7OY","Charles","Reifsnyder","2008-05-20","",""
"710","KF2GQ","Robert","M. Purrinson","2008-05-23","",""
"711","K7PWL","Brad","Bollinger","2008-05-24","",""
"712","N7ELF","Ken","Gibson","2008-05-24","",""
"713","K0NO","Rex","E. Holford","2008-06-02","",""
"714","KM5EH","Marcus","Lieberman","2008-06-02","",""
"715","W5GVP","Tom","Little","2008-06-02","2018-05-25","SK"
"716","AI4ZL","Steven","Gupton","2008-06-02","",""
"717","PA3HIZ","Arie","Both","2008-06-04","",""
"718","N2MLP","Brian","A Whoeler","2008-06-04","",""
"719","W4CMM","Clifford","M. Miller","2008-06-04","",""
"720","IW4EJK","Roberto","Galli","2008-06-04","",""
"721","W1CDX","Steven","R Hunt","2008-06-04","",""
"722","KB3LIX","Bill","Sheehan","2008-06-04","",""
"723","KD5HOP","Robert","Nations","2008-06-04","",""
"724","KC6SOC","Terry","Young","2008-06-04","",""
"725","K2JNC","John","Callari","2008-06-05","",""
"726","WB0PTO","Nicholas","Mueller","2008-06-05","",""
"727","K4JTN","Jeff","T. Newsome Jr","2008-06-05","",""
"728","KB3NPH","Timothy","Browning","2008-06-05","",""
"729","AA0K","Paul","S. Swanson","2008-06-05","",""
"730","N3CHX","Ronald","W. Comitz","2008-06-05","",""
"731","W7IXZ","Larry","Wilson","2008-06-08","",""
"732","KA1KE","Fred","Gosselin","2008-06-08","",""
"733","KI4ITV","Charles","A. Pollard Iii","2008-06-08","",""
"734","SV9AHZ","Ioannis","Kalogerakis","2008-06-08","",""
"735","KD7JC","Stephen","F. Collins","2008-06-08","",""
"736","M1EBU","Warren","Mitchell","2008-06-09","",""
"737","N9KOW","Thomas","R. Lucas","2008-06-09","",""
"738","N2LD","John","J. Depoto","2008-06-10","",""
"739","NE5DL","David","Lear","2008-06-10","",""
"740","W7GMC","Kenneth A.","Hanks","2008-06-11","",""
"741","N3DCJ","Debbie","Larck","2008-06-11","",""
"742","KI5IK","Dennis","Valliant","2008-06-16","",""
"743","N8VFJ","Edwin O.","Mongeni","2008-06-16","",""
"744","VE3YXO","Andre","Chichkin","2008-06-17","",""
"745","N3VMC","Vincent","Delia","2008-06-17","",""
"746","W6OLA","Ed","Mclaughlin","2008-06-18","",""
"747","KC3EF","Richard","Rohrer","2008-06-21","",""
"748","WD8KRV","David G.","Burnett","2008-06-21","",""
"749","W5MSV","Michael","Vaughan","2008-06-21","",""
"750","N5KMZ","Gary W.","Bailey","2008-06-23","",""
"751","KC2GIK","Justin","Mattes","2008-06-24","",""
"752","N3KTA","Anthony","Doriguzzi","2008-06-25","",""
"753","K7EIQ","Merle T.","Trenary","2008-06-26","",""
"754","SV7CUD","Kalathas","Panagiotis","2008-06-26","",""
"755","PA4JB","JB","De Bruijn","2008-06-29","",""
"756","KC4RHW","Jim","Whittlesey","2008-07-07","2011-03-08","SK"
"757","SM6UCK","Kjell","Karlsson","2008-07-07","",""
"758","KC4ART","Lee A.","Ratcliff","2008-07-08","2016-01-05","SK"
"759","KC7KZ","Rod","Taft","2008-07-12","",""
"760","W4SCI","Springbok","Chapter International Club C/O Jim Whittlesey","2008-07-13","2011-03-08","SK"
"761","N5JBD","Terry","Davis","2008-07-17","",""
"762","W8OSP","Jayson L.","Tillis","2008-07-24","",""
"763","KH6F","Gemi","Pascua","2008-07-29","",""
"764","W6PK","Phillip","Verinsky","2008-07-29","",""
"765","WY2E","Alfred A.","Lauricella","2008-08-05","",""
"766","WB4PPW","Jesse","Knight","2008-08-07","",""
"767","NS2M","John","Barnett","2008-08-07","",""
"768","ON5LG","Antonio","Gallo","2008-08-08","",""
"769","KU1T","Zbigniew","Tyrlik ","2008-08-09","",""
"770","N7IXI","Kelly","Larkins","2008-08-24","",""
"771","N9VEL","Keith D.","Cox","2008-08-28","",""
"772","N2WCY","Donald","Koeppen","2008-08-28","",""
"773","KD7I","Monte L.","Hammond","2008-08-29","",""
"774","EA8ALP","Adelto","Glez Acosta","2008-08-30","",""
"775","WS0Z","Dave","Kampmann","2008-08-30","",""
"776","K3JT","J. T.","Wassell","2008-09-08","",""
"777","NO8R","Delos R.","Byrne","2008-09-08","",""
"778","KI4HPX","Victor","Wasilov","2008-09-08","",""
"779","UN7DA","Lev","Kuznetsov","2008-09-29","",""
"780","WA3YFQ","Ralph","Mccullough","2008-09-29","",""
"781","KD4SM","Shane","Miller","2008-10-19","",""
"782","N4FN","Neil R.","Foster","2008-10-19","",""
"783","W3ADC","John F.","King","2008-10-24","",""
"784","WA0SKN","Alan H.","Kreifels","2008-10-24","",""
"785","YO6CFB","Laszlo","Bako-Szabo","2008-10-24","",""
"786","W4JAG","James A.","Griffin","2008-10-30","",""
"787","DL4HTK","Joerg","Taubel","2008-11-01","",""
"788","PY6WJ","Almir","Almeida Aquino","2008-11-01","",""
"789","SM6H","Kjell “Ken”","Karlsson","2008-11-01","",""
"790","N6TE","Harry G.","Bluestein","2008-11-09","",""
"791","W9DUD","Connie J.","Basham","2008-11-09","2018-01-31","SK"
"792","VA3SQ","John D.","Sibbett","2008-11-10","",""
"793","KD0R","David","Heinsohn","2008-11-10","",""
"794","W9MNC","Mike","Condon","2008-11-14","",""
"795","KA9CCH","Levert","Abernathy Jr","2008-11-23","",""
"796","N2AE","Jan","Williams","2008-11-23","",""
"797","N9JCA","Christopher","Matthews","2008-11-24","",""
"798","AB0JM","Larry D.","Gahagan","2008-11-26","",""
"799","N0TUN","Kimberly","Jukes","2008-11-28","",""
"800","N6PZ","David C.","Rozzana","2008-12-02","",""
"801","N6PCD","Kenneth W.","Campbell","2008-12-02","",""
"802","AK4BG","Beth","Gupton","2008-12-06","",""
"803","AD2AM","Adam","Wade","2008-12-08","2012-11-24","SK"
"804","KS0USA","Don","Palmer","2008-12-08","",""
"805","VE2GHI","Jean","Jibouleau","2008-12-09","",""
"806","KD8BIN","John S.","Dvorack","2008-12-09","",""
"807","K3UJ","Rich","Shivers","2008-12-09","",""
"808","N8XLS","Dennis","Simmons","2008-12-10","",""
"809","NG7Z","Paul","Beringer","2008-12-10","",""
"810","K0FBV","Victor","Dibbern","2008-12-11","",""
"811","WB4FSD","Ben T.","Dowell","2008-12-11","",""
"812","KA1JF","Jamie","Tarricone","2008-12-15","",""
"813","KD4VLF","William T.","Cavotta","2008-12-15","",""
"814","KG6MZS","Eric","Fitzgerald","2008-12-17","",""
"815","K8TOM","William T.","Singleton","2008-12-20","",""
"816","KC9IRQ","Lewis A.","Miko Jr.","2008-12-22","",""
"817","KD4SVN","Mark R.","King","2008-12-26","",""
"818","CT4KG","Hermenegildo","Ferreira","2008-12-27","",""
"819","KC9TS","Ingo","Bensch","2008-12-27","",""
"820","K9OSC","Robert","Brock","2008-12-29","",""
"821","KE4WLE","Richard L.","Rieben","2008-12-29","",""
"822","WK9X","Terry","Jacot","2008-12-31","",""
"823","W4ATX","Richard","Curtis","2009-01-01","",""
"824","NU4C","Paul","Milward","2009-01-03","",""
"825","N2QQF","Frank","Weldon","2009-01-03","",""
"826","RK3DSW","Yuri O.","Mirolyubov","2009-01-03","",""
"827","G7OGX","Christopher","Inwood","2009-01-04","",""
"828","YV5IAL","Roberto","Piol","2009-01-05","",""
"829","HS0ZHG","Nathan","Hall","2009-01-05","",""
"830","YO6DBL","Ionel","Sereşan","2009-01-06","",""
"831","WA0KAQ","William E.","Ewing","2009-01-06","2013-07-16","SK"
"832","VE4VID","Edward L.","Vidler","2009-01-06","",""
"833","NI1L","Leszek","Lechowicz","2009-01-07","",""
"834","N0NM","Raymond L.","Smee","2009-01-07","",""
"835","EA5GVZ","Nando","Mengual","2009-01-07","",""
"836","EA5FL","Jose Miguel Moncho","Alcaraz","2009-01-07","",""
"837","W3TNU","Rabe","Marsh","2009-01-07","",""
"838","KX8K","David","Macy","2009-01-11","",""
"839","N1MGO","Gordon","LaPoint","2009-01-11","",""
"840","2W0WDS","Wayne","Sargeant","2009-01-11","",""
"841","AA1ME","Donald A.","Patterson","2009-01-12","",""
"842","AB3GY","Tom","Kerr","2009-01-12","",""
"843","G3ZOH","Brian","George","2009-01-12","",""
"844","W1BAN","Eric A.","Parham","2009-01-12","",""
"845","AA9UF","John E.","Gercken","2009-01-12","",""
"846","KF4AAF","Chris","Russell","2009-01-13","",""
"847","KI4PZH","James R.","Hookins","2009-01-13","",""
"848","YO9BPX","Mihai","Malanca","2009-01-19","",""
"849","KI3N","Kenneth A.","Yates","2009-01-21","",""
"850","KV9L","William Aaron","Lamb","2009-01-25","",""
"851","KD0BIK","Jerry G.","Taylor","2009-01-25","",""
"852","N6HI","John","Rehak","2009-01-27","",""
"853","N3PPH","Robert","Sheskin","2009-01-31","",""
"854","WD9FTZ","Gregory","Drezdzon ","2009-01-31","",""
"855","K7BLS","Brian","Silverstein","2009-02-02","",""
"856","W4DOW","Dow","Pierce","2009-02-03","",""
"857","KF7MKR","Robert D.","Collins","2009-02-07","",""
"858","NT2B","Lawrence W.","Eaton","2009-02-09","",""
"859","EA7AHA","Francisco Fernandez","Naranjo","2009-02-09","",""
"860","K8SM","Scott","Long","2009-02-12","",""
"861","KA2HHB","Ruben","Echevarria","2009-02-12","2011-12-23","SK"
"862","G6XOU","Herbert","Yeldham","2009-02-12","",""
"863","M3ZKT","Marie","Sargeant","2009-02-15","",""
"864","WD5GNR","Albert A.","Williams","2009-02-15","",""
"865","AJ4JD","Timothy","Bird","2009-02-17","",""
"866","AJ4IJ","Robin","Bird","2009-02-17","",""
"867","KC0VGC","Jeffery S.","Kerr","2009-02-17","",""
"868","K6UMO","Michael","Bornstein","2009-02-18","",""
"869","N7WET","Melvin A.","Witte Jr.","2009-02-23","",""
"870","KJ4FYX","Jeremy","Barnard","2009-02-28","",""
"871","K4RRF","R. Ray","Forrester","2009-02-28","2011-04-27","SK"
"872","WA7ETE","Steve","Case","2009-03-03","",""
"873","K2ATX","Harry","Elwell","2009-03-03","",""
"874","M0JRA","Alan","Jessop","2009-03-03","",""
"875","WA3WZR","Loren","Mccullough","2009-03-08","",""
"876","OE3SGU","Hannes","Grünsteidl","2009-03-08","",""
"877","K2EN","Richard A.","Fizette II","2009-03-13","",""
"878","YL2CA","Arnolds","Preiss","2009-03-23","",""
"879","AA1VS","Charles E.","Suprin","2009-03-23","",""
"880","SV2FLQ","Antonios","Mitropoulos","2009-03-23","",""
"881","IW2MYH","Mario","Siniscalchi","2009-03-24","",""
"882","W1EMM","Matthew D.","Wheaton","2009-03-24","",""
"883","EA1YN","Jose Luis Luque","Puertolas","2009-03-24","",""
"884","WA2VQV","Russell W.","Young Jr.","2009-03-25","",""
"885","EA5DM","Jaime","Ferrer","2009-03-25","",""
"886","EB5DZC","Juan","Carlos","2009-03-25","",""
"887","W5UHQ","Eldon E.","Peterson","2009-03-27","",""
"888","WC7X","Jim","Mallon","2009-03-28","",""
"889","AK8CW","Phil","Sauvey","2009-03-30","",""
"890","N0CSW","Chris","Wilson","2009-03-30","",""
"891","N8NVL","Bernard E.","Barber","2009-03-31","",""
"892","K5JVC","John V.","Coleman","2009-04-02","",""
"893","CT1DZE","António Chagas Marques","Lavanco","2009-04-03","",""
"894","AA1IK","Ernest J.","Gregoire","2009-04-03","2017-01-30","SK"
"895","LA2VRA","Arnt Willfred","Nygård","2009-04-04","",""
"896","NO5X","John Mark","Robbins","2009-04-06","2010-07-16","SK"
"897","K0ABC","Mark R.","Schiefelbein ","2009-04-06","",""
"898","K4EOD","William","Finigan","2009-04-06","",""
"899","VE3MCF","Douglas E.","Netherton ","2009-04-08","",""
"900","W5NYC","John","Wiesenfeld","2009-04-09","",""
"901","N8RQ","Michael A.","Halsaver","2009-04-11","",""
"902","KE7HWM","Eric R.","Jorgensen","2009-04-12","",""
"903","W0BST","Brandon","Thomas","2009-04-12","",""
"904","K2CWM","Curtis W.","Myers","2009-04-12","",""
"905","VE7XLF","Jerome G.","Cloutier","2009-04-12","",""
"906","VE7HBS","Robert Barrie","Skeldon","2009-04-12","",""
"907","W4DDR","David","Ratledge","2009-04-12","",""
"908","K3USC","Brian M.","Hemmis","2009-04-13","",""
"909","W0GLB","Gordon L.","Beck","2009-04-14","",""
"910","KU0X","Larry D.","Slemp","2009-04-16","",""
"911","YO3DLK","Vasiliu George","Alexandru","2009-04-16","",""
"912","W8WFD","Tom","Phelps","2009-04-18","",""
"913","W5EPC","European PSK Club (US Section 5)","C/O Scott Jukes (N0VPL)","2009-04-18","",""
"914","SP5XSL","Mariusz","Wójcik","2009-04-24","",""
"915","YV5MM","MANUEL","MOSQUERA-RAMIREZ","2009-04-24","2018-04-26","SK"
"916","WD4LYV","Wayne","Harrell","2009-04-24","",""
"917","KE4EX","Ira G.","Neal","2009-04-29","",""
"918","WB6NKJ","Gordon","Young","2009-04-30","",""
"919","KC4TIE","Mary","Husfield","2009-05-05","",""
"920","F4BYF","Yvonnick","Joulain","2009-05-12","",""
"921","AB0DI","Thomas E.","Eicher","2009-05-20","",""
"922","AE5KD","Randy L.","Phillips","2009-05-22","",""
"923","PA3GWH","Richard","Van der Riet","2009-06-01","",""
"924","F8BON","Patrice","Brechet","2009-06-01","",""
"925","KC9JUY","Scott","Salisbury","2009-06-01","",""
"926","K4UOL","Richard","Brown","2009-06-01","",""
"927","WD0DXD","Allen","Harpham","2009-06-01","",""
"928","N9SB","Stephen","Boos","2009-06-01","",""
"929","KF4BI","Keith","Carter","2009-06-02","",""
"930","K9PLX","E. Charles","Hopper","2009-06-02","",""
"931","AE5HO","Farris","Mitchell Jr","2009-06-02","",""
"932","VA3RNJ","Ryan N.","Jagoe","2009-06-02","",""
"933","K4ESB","Edward S.","Bayne Sr","2009-06-02","",""
"934","KF9KV","Rich","Samuels","2009-06-02","",""
"935","NW7US","Tomas David","Hood","2009-06-02","",""
"936","K9XL","Raymond G.","Myers","2009-06-03","",""
"937","KC9GGV","Gary R.","Stebbins","2009-06-03","",""
"938","AB2YS","Michael","Manuele","2009-06-03","",""
"939","HA8TI","Janos","Kakuk","2009-06-03","",""
"940","W1NRB","Norman R.","Betty","2009-06-03","",""
"941","UA6JD","Vlad","Lambrianov","2009-06-03","",""
"942","KE7WVV","Byron","Evans","2009-06-03","",""
"943","KE5PRL","Patrick F.","Pace","2009-06-03","",""
"944","KA9CLP","Mike","Pinkawa","2009-06-04","",""
"945","W1NDY","Alan","McGuiness","2009-06-04","2018-04-25","SK"
"946","W1TG","Tom","Gudaitis","2009-06-04","",""
"947","UA3TN","Vladimir A.","Marmer","2009-06-04","",""
"948","K3XLT","James B.","Musselman Jr.","2009-06-04","",""
"949","F2LZ","Jacques","Frilley","2009-06-05","",""
"950","RN3DFN","Ilya","Slepnev","2009-06-05","",""
"951","PB7Z","Bernard","Zuidema","2009-06-05","",""
"952","AK4DW","David W.","Walden Sr.","2009-06-05","",""
"953","PU5AAD","Alisson Raniere","Berkenbrock","2009-06-05","",""
"954","DF9DD","Eckhard","Schnaare","2009-06-08","2017-09-01","SK"
"955","N6DLC","Timothy","Adams","2009-06-08","",""
"956","K8MCN","William","McNutt","2009-06-08","",""
"957","WF7T","Norman","Brooks","2009-06-08","",""
"958","K1NNJ","Thomas","Farnsworth","2009-06-08","",""
"959","K4SBZ","Stanley","Zawrotny","2009-06-12","",""
"960","W8POF","Tom","Grove","2009-06-12","",""
"961","K4YCF","Anthony","Loffredo","2009-06-15","",""
"962","G8LRS","Dave","Massey","2009-06-21","",""
"963","NK2X","Edward","Cobb","2009-06-22","",""
"964","KE5ZZN","Jacob","Parks","2009-06-25","",""
"965","OM7OM","Milan","Pauco","2009-06-25","",""
"966","YV6AO","Radio Club Venezolano/Anaco","","2009-07-01","",""
"967","K9ZXO","J. Mitch","Hopper","2009-07-01","",""
"968","N4CDB","Cary","Beuershausen","2009-07-01","",""
"969","N9AC","Jerry","Kopstein","2009-07-03","",""
"970","K9WIS","Brian","Cieslak","2009-07-06","",""
"971","AI5Z","James","Cope","2009-07-06","",""
"972","NX8G","Rex","Simmons","2009-07-06","",""
"973","K2MUN","David","Berkley","2009-07-07","",""
"974","AP2MIZ","Muhammad Ismail","Zahid","2009-07-12","",""
"975","W0PE","Fred","OSTERMAN","2009-07-15","",""
"976","EA4JJ","Jose Luis","MUÑOZ","2009-07-19","",""
"977","AB8XA","Leonard","RIGGINS","2009-07-19","",""
"978","UT2EZ","Vladimir","DUBYNA","2009-07-22","",""
"979","NN8M","Bob","Holmes","2009-07-22","",""
"980","KI6HAX","Pete","LUNENFELD","2009-07-27","",""
"981","K4RZR","Scotty G.","TAYLOR JR.","2009-07-27","",""
"982","AE5LO","Ricky","DAWSON","2009-07-29","",""
"983","KB1LUO","Edward A.","COLE","2009-07-29","",""
"984","ON7DC","Tom","DEBATS","2009-07-29","",""
"985","WB4JJJ","Alan A.","WHEELER","2009-08-01","",""
"986","W9ATB","Alan T.","BRACK","2009-08-05","",""
"987","KB3OSP","Jonathan T.","DELANEY","2009-08-07","",""
"988","EB3JT","Jordi","TARRIDA I SUBIRANA","2009-08-08","",""
"989","W0FVR","Reid","MAERTZ","2009-08-10","",""
"990","W3OFD","Richard","MIKULSKI","2009-08-11","",""
"991","W6MDH","Marty","HEYMAN","2009-08-11","",""
"992","WB9ONU","Jerry A.","MCINTOSH","2009-08-11","",""
"993","K1CGI","J. victor","OUELLETTE","2009-08-13","",""
"994","IZ2OAR","Diego","SIRTORI","2009-08-13","",""
"995","W5NNH","John E.","KEMKER III","2009-08-13","",""
"996","2E0JCA","James","AUBURY","2009-08-15","",""
"997","EA4DB","Jose","DIAZ","2009-08-15","",""
"998","2E0VWX","Terence","MCBRIDE","2009-08-18","",""
"999","N7NMS","Mike","LILLER","2009-08-19","",""
"1000","WA2VMO","Bob","DE ROSA","2009-08-20","",""
"1001","VE9NC","Paul","LEGER","2009-08-20","",""
"1002","AI1N","Edward S.","MITCHELL","2009-08-20","2010-07-07","SK"
"1003","KI4KK","George","FRYER","2009-08-23","",""
"1004","N9WKW","John J.","ROSICH JR","2009-08-23","",""
"1005","KG3UM","Geoffrey","STORCHAN","2009-08-23","",""
"1006","K0PT","Paul","TRAVIS","2009-08-23","",""
"1007","EA1GFY","Antonio Martinez","MENDOZA","2009-08-23","",""
"1008","W4JHU","Alexander","HAGERTY","2009-08-24","",""
"1009","M0RBY","Rob","HALL","2009-08-24","",""
"1010","N4MRW","Matthew R.","WINGFIELD","2009-08-24","",""
"1011","WX9WL","Wayne A.","LACHAT","2009-08-24","",""
"1012","VA2LGQ","David R.","PARKS","2009-08-25","",""
"1013","KB2UUL","Dany","CLUM","2009-08-25","",""
"1014","N3KCM","Jason R.","PATTERSON","2009-08-26","",""
"1015","WA1MJS","Matt","SHIELDS","2009-08-27","",""
"1016","W5JP","Barton B.","DAVIS","2009-08-30","",""
"1017","KD8GNC","Terence C.","JOHNS","2009-09-02","",""
"1018","W4ASE","J.W.","MORTON JR","2009-09-05","",""
"1019","N4FI","Dan","MUNFORD","2009-09-08","",""
"1020","N4RP","Ross","PRIMROSE","2009-09-08","",""
"1021","SQ1EIX","Andrzej","AUGUSTYN","2009-09-08","",""
"1022","W4WWJ","James","KELLER","2009-09-12","",""
"1023","NC4MI","Luther W.","LIPFIRD JR","2009-09-13","",""
"1024","NF7D","Robert M.","SARNECKI","2009-09-14","",""
"1025","N3GGT","Ronald J.","SALAMANCA","2009-09-19","",""
"1026","PY2CX","Mauricio","PITORRI","2009-09-19","",""
"1027","KE5LLM","David","SAMBOL","2009-09-23","",""
"1028","K7TRK","Ted","KREMPA","2009-09-30","2015-07-01","RESIGNED"
"1029","W1DFG","James B.","CARROLL","2009-10-03","",""
"1030","AK4NC","Jess L.","PARKS","2009-10-03","",""
"1031","K2MJ","Karl J.","MILLER","2009-10-06","",""
"1032","PA7RA","Rien","AARDEN","2009-10-06","",""
"1033","N7FFL","Eric M.","SMITH","2009-10-11","",""
"1034","K3MWR","Michael","ROTHWELL","2009-10-13","",""
"1035","TA3BQ","Özhan","ÖNDER","2009-10-13","2013-03-19","SK"
"1036","CO8CML","Carlos Miguel Lopez","MARTINEZ","2009-10-17","",""
"1037","NI4NN","Charles","JONES","2009-10-18","",""
"1038","YO8RZE","Filip","CRISTIAN","2009-10-24","",""
"1039","W8BS","James R.","SNIDER","2009-10-28","",""
"1040","KC9DOA","Michael","MILLER","2009-10-31","2016-08-16","SK"
"1041","K2DW","David","WESTBROOK","2009-11-02","",""
"1042","KC5GB","G.B.","TITTLE","2009-11-04","",""
"1043","KD0FYF","Ray","GURNEY","2009-11-06","",""
"1044","KB1NAL","Lee","KORNILIEFF","2009-11-06","",""
"1045","EI3GRB","Robert","MUIR","2009-11-12","",""
"1046","W9NKV","Richard J.","CARTELL","2009-11-12","",""
"1047","M6MAL","Malcolm Keith John","WALLACE","2009-11-12","",""
"1048","K6JEB","Jack","BURRIS","2009-11-18","",""
"1049","ND2K","Al","SCHWARZ","2009-11-19","",""
"1050","KJ1I","Kevin L.","JOHNSON","2009-11-19","",""
"1051","W5DPR","David P.","RAINO","2009-11-22","",""
"1052","AB8CC","Carl","CUNERT","2009-11-25","",""
"1053","VA3MJR","David","ROSS","2009-11-25","",""
"1054","LU2VC","Claudio RubéN","DOMINGUEZ","2009-11-25","",""
"1055","YO5BBO","Horatiu E.","GHEORGHE","2009-11-29","",""
"1056","KD2NL","John S.","RYAN","2009-12-05","",""
"1057","PB7XYL","Anneke","DRIESSEN-SMITS","2009-12-06","",""
"1058","VE7BSM","Bruce","LIGHT","2009-12-06","",""
"1059","N7LYR","David B.","KUSTRA","2009-12-07","",""
"1060","W4MPS","Marc P.","SULLIVAN","2009-12-12","",""
"1061","IZ8PPJ","Bruno","VERDIGLIONE","2009-12-13","",""
"1062","IK8YFU","Alessandro","POCHI'","2009-12-13","",""
"1063","K2AFY","Allen","YUDICHAK","2009-12-13","",""
"1064","YV4FUE","José G.","CASTRO","2009-12-15","",""
"1065","KZ3T","Dan","MORRIS","2009-12-15","",""
"1066","KE7SEI","Douglas E.","HELBLING","2009-12-15","",""
"1067","N8MOX","Adam M.","GROSSMYER","2009-12-16","",""
"1068","VA2SG","Jean-Pierre","COUTURE","2009-12-16","",""
"1069","N3TL","Tim","LILLEY","2009-12-20","",""
"1070","KI3F","Dennis","RAYFIELD","2009-12-20","",""
"1071","W2TT","Ross","LAMBERT","2009-12-22","",""
"1072","IZ2OBS","Raffaele","CHIACCHIO","2009-12-22","",""
"1073","N9WVM","John P.","NETRO JR","2009-12-23","",""
"1074","EA7HHV","Francico M. pinto","GOMEZ","2009-12-30","",""
"1075","CX8ABF","Carlos Andres","MOLINA VERA","2009-12-30","",""
"1076","W1MSN","Richard","COOPER","2009-12-30","",""
"1077","KC2BPP","Harold","BROOMFIELD","2009-12-30","",""
"1078","K1BAA","Bret","AGUILAR","2010-01-08","",""
"1079","KC9JBU","Edward F.","SUTTER","2010-01-08","",""
"1080","EA3AT","Marius","CORBELLA","2010-01-10","",""
"1081","KE5PYF","David","GILLETTE","2010-01-10","",""
"1082","YO5PIP","Lazar Marius","GABRIEL","2010-01-10","",""
"1083","AG3L","Richard J.","LUCE JR","2010-01-10","",""
"1084","YB4IR","Imam","RAHARJO","2010-01-10","",""
"1085","K3WOW","Gary","DEZERN","2010-01-10","",""
"1086","IN3NJB","Roberto","GADLER","2010-01-10","",""
"1087","S56EPX","Franjo","PREPOTNIK","2010-01-10","",""
"1088","KC9JSE","Albert Edward","ECKSTEIN","2010-01-11","",""
"1089","LY3BY","Vilmantas","MORKUNAS","2010-01-11","2015-08-03","SK"
"1090","VE2HAR","Y. robert","SISMANYAN","2010-01-11","",""
"1091","WT0DX","William","THOMAS","2010-01-11","",""
"1092","K3DCW","Dave","WRIGHT","2010-01-12","",""
"1093","N0EOP","David","SLOAN","2010-01-18","",""
"1094","CE1VCZ","Boris","BONVALLET R.","2010-01-18","",""
"1095","K4MSC","Mitch","COMSTOCK","2010-01-19","",""
"1096","RA9OO","Yuri M.","NEZNAMOV","2010-01-19","",""
"1097","VA3JFF","L. jeffrey","HETHERINGTON","2010-01-20","",""
"1098","N7MQ","Mark","PERRIN","2010-01-22","2015-05-02","SK"
"1099","AF6SA","Stefan","NICOV","2010-01-22","",""
"1100","KB2PSP","Joel","WOLF","2010-01-24","",""
"1101","W2HEN","Henry V.","ANDREANA JR","2010-01-26","",""
"1102","YO4AAC","George","SAVU","2010-01-30","",""
"1103","KE6WGG","Robert L.","HERTHEL","2010-01-30","",""
"1104","K4NKY","John F.","PORTER","2010-01-30","",""
"1105","CX5UR","Luis Pucholo","BARRÓN","2010-02-03","",""
"1106","AG4GM","Charles","HOLT","2010-02-03","",""
"1107","KC8KCU","Robert L.","MACDONALD JR.","2010-02-06","",""
"1108","K1ESM","Tate","KEEGAN","2010-02-06","",""
"1109","WA0YEI","Russell","POTHAST","2010-02-07","",""
"1110","ON6DP","Paul","DELMELLE","2010-02-11","",""
"1111","AC7QO","David H.","BLACK","2010-02-12","",""
"1112","KD7UFF","Dan","SMITH","2010-02-14","",""
"1113","K2TY","Steve","ICKES","2010-02-18","",""
"1114","SV4FFL","Costas J.","DOVAS","2010-02-19","",""
"1115","WA1IOG","Wesley L.","LINSCOTT","2010-02-21","",""
"1116","KI4EIZ","Robert","LANG","2010-02-24","",""
"1117","ON6NA","Paul","DHAESE","2010-02-26","",""
"1118","AB8XG","Kenneth J.","COEN","2010-02-26","",""
"1119","WD0AJG","Rex H.","ISHMAEL","2010-03-02","",""
"1120","YB8EXL","Ahmad Yani","RAFII","2010-03-02","",""
"1121","HI8CJG","Candido Guzman","PEREZ","2010-03-02","",""
"1122","PU4ISA","Alessandro Arlindo","INACIO DA SILVA","2010-03-08","",""
"1123","KG4TTQ","Anand Jacob","CHERIAN","2010-03-08","",""
"1124","KE6MGW","Scott","DARRAGH","2010-03-09","",""
"1125","KY6M","James","SMITH","2010-03-09","",""
"1126","K8GCU","David M.","MCDERMOTT","2010-03-09","",""
"1127","OK1UUS","Stanislav","ČÍŽEK","2010-03-17","",""
"1128","W1ORS","Stratford Arc","SARC","2010-03-18","",""
"1129","LU6DEZ","HéCtor C.","CABRERA","2010-03-19","",""
"1130","PS7YL","Euã Monica Colombo Santana","DE FREITAS","2010-03-20","",""
"1131","PS7DX","Francisco Edvaldo Pereira","DE FREITAS","2010-03-20","",""
"1132","K8PEZ","Steven","PEZZI","2010-03-20","",""
"1133","N2JNZ","George","OSIER","2010-03-20","",""
"1134","AL7CR","Dean J.","SHUTT","2010-03-25","",""
"1135","PU5ATX","Jose Geraldo","GALDINO","2010-03-25","",""
"1136","AA0CW","James M.","ADAMS","2010-03-27","",""
"1137","WN3M","Gary A.","BOETTGER","2010-03-30","",""
"1138","UA0IT","Andy","GOLOVAKHIN","2010-03-30","",""
"1139","KW7E","Melvin","LEHMANN","2010-04-01","",""
"1140","K0ACP","Arthur C.","PETERS","2010-04-02","",""
"1141","HI5MLE","Marcos E.","LOPEZ","2010-04-02","",""
"1142","WR4PS","Gary","YOHE","2010-04-03","",""
"1143","K7VIC","Jerald L.","SLAMA","2010-04-03","",""
"1144","KA6HXI","John E.","LOWE","2010-04-04","2011-07-21","SK"
"1145","W5MIC","Michael E.","SMITH","2010-04-05","",""
"1146","ND3N","Thomas J.","SHELTON","2010-04-08","",""
"1147","M0ZWW","William","WARWICKER","2010-04-10","",""
"1148","N8NOE","Jeffrey M.","SWIGER","2010-04-10","",""
"1149","WC5MC","Charles","MCMURROUGH","2010-04-10","",""
"1150","K3AXR","Wendell P.","PALMER","2010-04-13","",""
"1151","N2SLB","Alan R.","GEIST","2010-04-13","2015-05-24","SK"
"1152","KJ7HQ","Orin","EMAN","2010-04-13","",""
"1153","AC0VI","Derek D.","WEIS","2010-04-14","",""
"1154","VK8AS","Craig","EDWARDS","2010-04-14","",""
"1155","SA7ARD","Hans","DONNERBORG","2010-04-20","",""
"1156","PY2JZ","Ronald","ANUNCIATO","2010-04-25","",""
"1157","IZ8EWD","Gianfranco","SORDETTI","2010-04-28","",""
"1158","N7IYT","Richard","MOORE","2010-05-01","",""
"1159","G4GQL","Alan","SCHIFFMAN","2010-05-05","",""
"1160","WA9BB","William R.","BUNTON","2010-05-07","",""
"1161","W3SFG","Steven F.","GOLDBERG","2010-05-07","",""
"1162","HA2BM","János","SIMON","2010-05-08","",""
"1163","K5ATN","Matthew","Bohnsack","2010-05-10","",""
"1164","IK1AMC","Calvi","GILIO","2010-05-10","",""
"1165","VA7HZ","Ron","BROWN","2010-05-10","",""
"1166","N8DZR","Jeff","MEYERS","2010-05-11","",""
"1167","KK7BV","J. william","VOLLMER","2010-05-14","",""
"1168","K5CC","Jack","MOORE","2010-05-14","",""
"1169","N7UVH","Pat","MURPHY","2010-05-18","",""
"1170","YU5GPS","Marjan R.","MILOJEVIC","2010-05-20","",""
"1171","K3ACT","Arthur C.","TANNER","2010-06-01","",""
"1172","K6GHD","Jeff","BYERS","2010-06-01","",""
"1173","KC7VLO","John","WILSON","2010-06-01","",""
"1174","K5JWM","Joe W.","MORGAN","2010-06-01","",""
"1175","KS3K","Stephen A.","Ikler","2010-06-01","",""
"1176","K7OO","William R.","DARLING","2010-06-01","",""
"1177","N9JAM","James","JUSUF","2010-06-01","",""
"1178","LZ1OI","Kosyo","KOSTOV","2010-06-01","2018-01-22","SK"
"1179","DK5LP","Karl-Heinz","KAATZ","2010-06-01","",""
"1180","W5JLF","Joe","FRIZZELL","2010-06-01","",""
"1181","N4NQ","Sidney B.","WEAVER","2010-06-01","",""
"1182","N9BBE","Jeff","DILLON","2010-06-01","",""
"1183","N4YHC","David C.","CLARK","2010-06-01","",""
"1184","W4PHS","Phillip H.","SHERROD","2010-06-04","",""
"1185","W4RIG","Henry N.","MCCARL","2010-06-04","",""
"1186","K2GLW","Gordon L.","WILLIAMS","2010-06-06","",""
"1187","W3SE","Wes","PRINTZ","2010-06-08","",""
"1188","ZL3TE","Wes","PRINTZ","2010-06-08","",""
"1189","DB4BJ","Martin","KLAR","2010-06-12","",""
"1190","AJ4TZ","Joseph","KENDALL","2010-06-13","",""
"1191","N7RI","William R.","FULTS","2010-06-14","",""
"1192","N6OPR","Robert","FARROW","2010-06-15","2023-08-26","SK"
"1193","KC5GRE","Don","JEWETT","2010-06-18","2013-08-16","SK"
"1194","AC2BK","Harold","GARRON","2010-06-21","",""
"1195","N9NTC","Michael L.","BLAKE","2010-06-21","",""
"1196","N4ST","Jim","PRICE","2010-06-22","",""
"1197","SP1KAA","Klub Lacznosci Lok","","2010-06-25","",""
"1198","KM5FF","Eddie","BRYANT","2010-06-29","",""
"1199","OK1AW","Pavel","KÁČEREK","2010-06-29","",""
"1200","SM7HZK","Bo","HASSELQUIST","2010-06-29","",""
"1201","K4RAY","Ramon E.","FERNANDEZ","2010-06-30","",""
"1202","AE7AB","Steve A.","LEAVITT JR","2010-07-03","",""
"1203","VE3NQK","Gordon J.","GIBSON","2010-07-03","",""
"1204","N6CVA","David","DENBOW","2010-07-03","",""
"1205","W9ANT","Anthony","RUDIS","2010-07-09","",""
"1206","KC0SKW","William","ENGLAND","2010-07-09","",""
"1207","W6OI","Ten-Ten Int'L","","2010-07-10","",""
"1208","W4IWH","Thomas L.","DRAKE","2010-07-13","",""
"1209","KD5BYB","Benjamin","HALL","2010-07-17","",""
"1210","N5WD","R. wayne","DAY","2010-07-17","",""
"1211","G3PGA","Mike","HAMMOND","2010-07-22","",""
"1212","HC6EP","Ernesto","PEREZ","2010-07-23","",""
"1213","LU7DSY","Carlos","ALMIRON","2010-07-26","",""
"1214","KQ0I","Mark","MILBURN","2010-07-26","",""
"1215","KI4ECX","Jeffrey T.","SEIBER","2010-07-30","",""
"1216","W9AWF","Anthony","ISON","2010-07-30","",""
"1217","W5FER","James C.","FERRIS","2010-08-02","",""
"1218","KC2WUF","David","BEAN","2010-08-06","",""
"1219","K2DER","Hugo Martinez","MORENO","2010-08-09","",""
"1220","K9KEN","Kenneth","BARTEL","2010-08-10","",""
"1221","W7CAR","David","WALTON","2010-08-13","",""
"1222","AC0QG","David","FARRELL","2010-08-18","",""
"1223","N8PIB","Marshall R.","Beveridge","2010-09-10","",""
"1224","SP6EIY","Stanislaw","STARZYK","2010-08-19","",""
"1225","W9WY","John","GIANOTTI","2010-08-20","",""
"1226","W0WFX","Jeffrey L.","MILLER","2010-08-20","",""
"1227","KB9UMT","Don","HOBSON, JR","2010-08-23","",""
"1228","W5HOY","Charlie","HOY","2010-08-23","",""
"1229","KB1TSU","Jennifer","KRUH","2010-08-23","",""
"1230","R3HH","Andy","STROLKIN","2010-08-24","",""
"1231","K8WAW","William A.","WALLACE","2010-08-24","",""
"1232","KA2OMQ","Thomas","CALVETE","2010-08-25","",""
"1233","K7BAW","Barry","WINTERS","2010-08-28","",""
"1234","K8SI","James E.","GASKINS, JR","2010-08-29","",""
"1235","N4AED","Richard O.","FUTRELL","2010-09-02","",""
"1236","SQ9S","Adam","GRZENIA","2010-09-04","",""
"1237","YO3GD","Gabriel","DULCU","2010-09-06","",""
"1238","K4GS","Kevin","WELCH","2010-09-07","",""
"1239","W1SS","Michael","McCarthy","2010-09-08","",""
"1240","W1MSG","Craig","GAGNER","2010-09-10","",""
"1241","IZ0EGY","Antonio","LATINI","2010-09-10","2013-04-14","SK"
"1242","AC8IZ","Jeffery L.","HIGGINS","2010-09-11","",""
"1243","N6HE","Ray","DAY","2010-09-11","",""
"1244","KJ8O","Joseph B.","MILLER","2010-09-13","",""
"1245","KE7NTF","Donny","DOTSON","2010-09-15","",""
"1246","K3BMK","Brian M.","KOENIG","2010-09-20","",""
"1247","VK4LDX","Craig","EDWARDS","2010-09-21","",""
"1248","KE5GAE","Basil L.","COPELAND JR","2010-09-24","",""
"1249","W0MRZ","Michael R.","ZOMLEFER","2010-09-24","",""
"1250","EA2NR","Kepa","MORENO","2010-09-29","",""
"1251","RZ9UCZ","Vyacheslav","KRYUCHKOV","2010-10-01","",""
"1252","KB7SAT","Richard","DITTMER","2010-10-05","",""
"1253","IK4IDF","Raffaele","GALANTI","2010-10-06","",""
"1254","IZ1RFL","Sergio","SUPERINA","2010-10-09","",""
"1255","AE0XI","Terry L.","ANGLE","2010-10-11","",""
"1256","KD7ZLF","Howard","MERRITT","2010-10-11","",""
"1257","W8RCW","Richard C.","WEIGOLD","2010-10-12","",""
"1258","YO4FKO","Miron","REMO","2010-10-15","",""
"1259","KD8GHS","Jeff","BOGGS","2010-10-15","",""
"1260","ON7BL","Jean-Paul","CHEVALIER","2010-10-21","",""
"1261","M6TZY","Steve","CRABB","2010-10-21","",""
"1262","VE3QRA","Andrei","POTERIANSKI","2010-10-21","",""
"1263","SV9FBK","Yiannis","RAPTAKIS","2010-10-26","",""
"1264","KC5ZFZ","James","GAY","2010-10-27","",""
"1265","KC0PTO","Leslie","ELLIOTT","2010-10-27","",""
"1266","S56IPS","Samo","PETELINC","2010-11-06","",""
"1267","KG4KGL","Robert S.","JENKINS","2010-11-09","",""
"1268","KF7MAX","Brian Max","VAUGHAN","2010-11-17","",""
"1269","K0PU","Stephen L.","WEBB","2010-11-17","",""
"1270","W2GPK","Gerard P.","KENNEDY","2010-11-17","",""
"1271","YB8EL","Nur","AMRAN","2010-11-18","",""
"1272","W2HIY","Jackie R.","BRAGGER","2010-11-19","",""
"1273","KC2RXS","John","DOYLE","2010-11-19","",""
"1274","OH7HPM","Seppo","HYVÄRINEN","2010-11-21","",""
"1275","KB8AQK","Roy E.","HILL","2010-11-21","",""
"1276","K7MD","Mark","DINSMORE","2010-11-21","",""
"1277","K9OHI","Thomas","PLICHTA","2010-11-22","",""
"1278","AB8O","John","WIENER","2010-11-22","",""
"1279","W2ACY","Richard","NELSON","2010-11-22","",""
"1280","KE7YFP","William","SCHNEIDER","2010-11-22","",""
"1281","K6IRF","Juan","MARQUEZ","2010-11-22","",""
"1282","AI4SV","John J.","WELCH, JR","2010-11-23","",""
"1283","W1SSF","Ronald J.","MANSON","2010-11-25","",""
"1284","VE1YY","W.J.","KARLE","2010-11-29","",""
"1285","N3YEA","Jeffrey D.","LEACH","2010-11-29","",""
"1286","K5HM","Ron","LITT","2010-11-29","",""
"1287","K5ECX","Ralph","SIMMONS JR","2010-12-01","",""
"1288","OK2HB","Hugo","BAAR","2010-12-02","",""
"1289","WI5D","Theron","COCHRAN","2010-12-07","2016-08-23","SK"
"1290","HI8S","Guillermo","SCHRILS","2010-12-11","",""
"1291","EA6SK","Miquel","BENNASAR","2010-12-14","",""
"1292","N9IN","Lincoln","THORMAHLEN","2010-12-17","",""
"1293","NZ4DX","Frederick A.","Bennett II","2010-12-21","",""
"1294","KC9LIF","Kent E.","BERGLUND","2010-12-23","",""
"1295","KA9NFE","Ronald D.","HILLS","2010-12-26","",""
"1296","N7DQ","Michael","BATES","2010-12-26","",""
"1297","IW0GVG","Giovanni","SERI","2010-12-26","",""
"1298","UA3YAA","Andy E.","SOLDATENKOV","2010-12-27","2017-05-04","SK"
"1299","VE2ESU","Rene","BROUSSEAU","2010-12-28","",""
"1300","WB7RXY","Phil","GREER","2010-12-31","",""
"1301","KC2TYZ","Howard R.","MINNICHBACH","2011-01-03","2012-10-13","SK"
"1302","N2SI","Joe","THOMASON","2011-01-03","",""
"1303","W4RDD","Richard D.","DUNNINGTON","2011-01-05","",""
"1304","SP9DTE","Lukasz","DOROBISZ","2011-01-05","",""
"1305","K5EVR","Charles E.","JONES","2011-01-05","",""
"1306","SQ7EQB","Grzegorz","BARTOSIEWICZ","2011-01-06","",""
"1307","ZL3GA","Geoff","CLARK","2011-01-09","",""
"1308","YO4CVV","Petrica","DANDES","2011-01-09","",""
"1309","WA0HPN","Gerald L.","SCHEMPP","2011-01-09","",""
"1310","KM7N","Adam","MERCIER","2011-01-10","",""
"1311","F6CBA","Etienne","MARCHEWKA","2011-01-10","",""
"1312","LU4ECN","Luis","FRINO","2011-01-10","",""
"1313","W8LIG","Larry D.","BRYAN","2011-01-10","",""
"1314","SP9BGS","Jerzy","ZAJDA","2011-01-10","",""
"1315","N8DAD","Barry J.","FISHER","2011-01-10","",""
"1316","KF5FCV","Ron","BREEDING JR","2011-01-10","",""
"1317","YV9OHG","Oscar","HURTADO","2011-01-10","",""
"1318","WX2U","Norman","COLLINS JR","2011-01-10","",""
"1319","N2CG","George","HALL","2011-01-11","",""
"1320","KD8JSP","John Paul","ST. PETER","2011-01-11","",""
"1321","N3ES","Earl","SKELTON","2011-01-11","",""
"1322","KC8Q","Tal","ABELL","2011-01-11","",""
"1323","NT5Q","Donald J.","BRAGG","2011-01-11","",""
"1324","GM6HGF","Dave","HULIN","2011-01-11","",""
"1325","W3OLH","Otis","HESPETH","2011-01-12","",""
"1326","G0ANS","John","VYE","2011-01-17","",""
"1327","VE3EBN","Bill","NELSON","2011-01-19","2019-06-21","SK"
"1328","J37LR","Bill","NELSON","2011-01-20","2019-06-21","SK"
"1329","W8KQ","Gerald","BISHOP","2011-01-22","",""
"1330","W9JMJ","James M.","SKORA","2011-01-23","",""
"1331","AI7KD","Cyrel","MOORE","2011-01-24","",""
"1332","KI6SAI","David","DOWS","2011-01-24","",""
"1333","KB9HGI","Steven","BAKER","2011-01-25","",""
"1334","EA4FLM","Karl","ESTHERN","2011-01-26","",""
"1335","W8IJ","David O.","BARROWS","2011-01-30","",""
"1336","EA4EQ","Juan Carlos Calvo","PALACIO","2011-01-31","",""
"1337","N3AAZ","John","KIRBY","2011-02-03","",""
"1338","K5AHL","Thomas","BRANNAN","2011-02-04","",""
"1339","SQ7PGO","Petroniusz","PYZYNSKI","2011-02-05","",""
"1340","N9FR","Walter","METCALF","2011-02-07","",""
"1341","EA3ATJ","Alain-José","ESCANDELL","2011-02-10","",""
"1342","AC8GF","Fred","HENDERSON","2011-02-14","",""
"1343","VE7SP","David R.","ACTON","2011-02-14","",""
"1344","NA0Q","Ron","CHINN","2011-02-16","",""
"1345","K2HU","Paul","LIONARDO","2011-02-17","",""
"1346","UY3MW","Mykola","BAYADZHI","2011-02-17","",""
"1347","K8GIB","Robert","GIBBS","2011-02-21","",""
"1348","AF6WC","Robert","RECORD","2011-02-24","",""
"1349","UN6QC","Artur","Zakrzewski","2011-02-26","",""
"1350","N1KRC","Paul","MCNULTY","2011-03-04","",""
"1351","W4GVL","James F.","MURPHEY","2011-03-04","",""
"1352","K0JV","Jerry K.","VAN VACTOR","2011-03-04","",""
"1353","KV9E","Jerry A.","HORN","2011-03-07","",""
"1354","RK6AX","Valentin V.","LUKASHOV","2011-03-14","",""
"1355","VA3PC","Michael Paul","CACCAMO","2011-03-17","",""
"1356","K1MGH","Dick","WIKLUND","2011-03-18","",""
"1357","XE1GK","Ignacio Hueso","AVALOS","2011-03-18","",""
"1358","K6BSO","Carl","MANISCALCO","2011-03-19","",""
"1359","WE1SH","John","WELSH","2011-03-19","",""
"1360","N4FOB","Thomas","FERER","2011-03-19","",""
"1361","AI4PD","James A.","BARRY","2011-03-21","",""
"1362","KJ4FEC","Andrew W.","MILLER","2011-03-22","",""
"1363","KD4DPB","Billy","ESTES","2011-03-22","",""
"1364","AG4JC","Gordon","GRANDI","2011-04-01","",""
"1365","N9BAV","Daniel L.","WILEY","2011-04-01","",""
"1366","WD4F","Thomas V.","BURRUS","2011-04-01","",""
"1367","WK5X","Robert Lennep","FORSMAN","2011-04-05","2013-11-24","SK"
"1368","KE5TD","Gary D.","YARBROUGH","2011-04-06","",""
"1369","AC8IC","Lee L.","RICE","2011-04-07","",""
"1370","W1CAM","Cameron","ARCHBOLD","2011-04-08","",""
"1371","G7PUK","David","GLASS","2011-04-10","",""
"1372","K3CWF","Edward C.","RATLEDGE","2011-04-10","",""
"1373","K0DWZ","Norman","Betz","2011-04-11","",""
"1374","KE6SEI","Patrick","LALLY","2011-04-12","",""
"1375","M0UTD","Mark","JONES","2011-04-16","",""
"1376","EA2TA","Jorge","MORENO","2011-04-19","",""
"1377","RN3DMN","Mikhail","BIRYUKOV","2011-05-02","",""
"1378","KW4G","Roy G.","JACKSON","2011-05-02","",""
"1379","W1GLO","Cape Ann Amateur Radio Assn","CAARA","2011-05-09","",""
"1380","K4AFR","Thomas L.","DUTTON","2011-05-11","",""
"1381","5P1W","Willy","HANSEN","2011-05-11","",""
"1382","EX8AB","Narynbek","DJUNUSHEV","2011-05-11","",""
"1383","UA9TK","Alex","MUZAFAROV","2011-05-14","",""
"1384","WB9FMR","Paul A.","HINES","2011-05-17","",""
"1385","G0MPR","Fred","GIBBONS","2011-05-22","",""
"1386","AI4QJ","Dan","FINN","2011-05-30","",""
"1387","KU4BY","Steve","BONTEMPO","2011-05-30","",""
"1388","KB4NS","Jonathan C.","WILLIAMS","2011-05-30","",""
"1389","N3WLB","Arthur","BAILEY JR","2011-05-30","",""
"1390","WD4KAV","Joseph D.","BURNHAM","2011-05-30","",""
"1391","F4ILX","Thomas","AIME-CABROL","2011-05-30","",""
"1392","KQ3Q","Rob","SNELL","2011-05-30","",""
"1393","KM4XD","Kenneth R.","SCHROER, MD","2011-05-31","",""
"1394","K7ASQ","Andrew","QUAMME","2011-05-31","",""
"1395","AK5Y","Wilfredo","AGUAYO","2011-05-31","",""
"1396","AD0QO","Robert A.","JOHNSTONE","2011-05-31","2015-11-13","SK"
"1397","KG4RUL","Dennis","ZABAWA","2011-05-31","",""
"1398","K4BSC","Brent","CASE","2011-05-31","",""
"1399","W9JR","Richard C.","NEUMANN","2011-06-01","",""
"1400","KC2HEI","Michael A.","TEBOLT","2011-06-07","",""
"1401","WA5MS","Martin","SIMON","2011-06-14","",""
"1402","K7FRY","Steve","FRY","2011-06-19","",""
"1403","W2GLH","George L.","Haywood","2011-06-27","",""
"1404","WQ1C","Warren","ROWE","2011-07-01","",""
"1405","VE2UC","Jean Denis","GUAY","2011-07-01","",""
"1406","N2QMT","John","VELEZ","2011-07-04","",""
"1407","W9TCJ","Travis Craig","JOHNSON","2011-07-04","",""
"1408","WA3YTK","Richard H.","SNIDER JR.","2011-07-04","",""
"1409","AA8VG","Francis J.","KEATING","2011-07-05","",""
"1410","N2CQ","Kenneth","NEWMAN","2011-07-05","2019-10-12","SK"
"1411","VK2MBK","Robert L.","GASTON","2011-07-07","",""
"1412","VE3DV","David","MAYES","2011-07-18","",""
"1413","WB3BDH","Don","CARLSON","2011-07-18","",""
"1414","N6VHF","Neil","JESSEN","2011-07-19","",""
"1415","KY4J","Timothy","GIMMEL","2011-07-19","",""
"1416","SP9NWN","Mieczyslaw","KOLODZIEJSKI","2011-07-21","",""
"1417","W4DTB","Derek","BROWN","2011-07-23","",""
"1418","N4MAW","Michael A.","WRIGHT","2011-07-26","",""
"1419","K1NOX","Larry L.","CHOATE","2011-07-26","",""
"1420","SQ5NWF","Radoslaw","ROSZCZYK","2011-07-29","",""
"1421","K0JZ","Clarence J.","REYNOLDS JR","2011-07-29","",""
"1422","K2NCC","Frank","RAVENSWOOD","2011-07-29","",""
"1423","LW3ESH","Federico Christian","TOMASCZIK","2011-08-04","",""
"1424","N2GXJ","James","WRIGHT","2011-08-08","",""
"1425","W8IDW","John","PITNER","2011-08-09","",""
"1426","KP4RV","Rafael","BONANO","2011-08-09","",""
"1427","PY3CJS","Claudio J D","SILVEIRA","2011-08-15","",""
"1428","N2UGA","Mark Brent","HANNAH","2011-08-23","",""
"1429","K3CAL","Calvert Amateur Radio Assn","CARA CLUB STATION","2011-08-24","",""
"1430","M0IFR","Christine","PARKIN","2011-08-29","",""
"1431","M0CET","Andy","PARKIN","2011-08-29","",""
"1432","K5DDM","David D.","MCGILBERY","2011-08-29","",""
"1433","N6YC","Donald","PHELPS","2011-09-06","",""
"1434","K0MC","Michael S.","GREGORY","2011-09-10","",""
"1435","WB2QEF","Elwood G.","JACOBUS","2011-09-10","",""
"1436","VU2OB","T.K.","SREEKUMAR","2011-09-12","",""
"1437","NI3C","Johan","STEWART","2011-09-13","",""
"1438","W0ICE","Robert W.","KIRCHMANN","2011-09-23","",""
"1439","NF7T","Jacob P.","GIER","2011-10-05","",""
"1440","K2QB","Jim","CIURCZAK","2011-10-06","",""
"1441","RX3VF","Alexander","LYAMIN","2011-10-11","",""
"1442","KD9G","Joseph","KOVARIK JR","2011-10-12","",""
"1443","K5CVD","Gregory","GODSEY","2011-10-13","",""
"1444","XE1UYS","Alejandro Cancela","BECERRA","2011-10-14","",""
"1445","AD7KI","Del","HOWERY JR","2011-10-14","",""
"1446","KB3MNO","Kyle","SIPPLE","2011-10-16","",""
"1447","OK1CT","Milos","STEIN","2011-10-16","",""
"1448","KD5JHE","Jerry","MCGREGOR","2011-10-17","",""
"1449","KR6ER","Jon","HERBER SR","2011-10-20","",""
"1450","PY2AB","Mauricio","LOPES","2011-11-02","",""
"1451","K2OI","Mike","CARLETTA","2011-11-02","",""
"1452","WB8C","Kirk","MASKALENKO","2011-11-05","",""
"1453","W0SRB","Scott R.","BUCKHOLZ","2011-11-09","",""
"1454","W6QP","Southern California Amateur Radio Digital Club","CLUB STATION","2011-11-09","",""
"1455","W9JFB","Jim","BRINK","2011-11-17","",""
"1456","IT9DVZ","Roberto","GAGLIOTI","2011-11-21","",""
"1457","CT1EWA","Paulo","SANTOS","2011-11-22","",""
"1458","RA3VX","Vyacheslav","SILCHENKO","2011-11-23","",""
"1459","K9MIT","Charles C.","MCCOY","2011-11-25","",""
"1460","KC0DY","William","CRAWFORD","2011-11-27","",""
"1461","YO9ILX","Populan Valentin","EMANUEL","2011-11-27","",""
"1462","K8QZK","Richard","PLANTE","2011-11-29","",""
"1463","IK8JKU","Enzo","MELELLA","2011-12-04","",""
"1464","DL8VKO","Larry","POORMAN","2011-12-07","2019-04-13","SK"
"1465","AB8M","Douglas","DEVER","2011-12-13","",""
"1466","GW4GUG","Mike","MEADOWS","2011-12-16","",""
"1467","KE4BLV","Stephen C.","LANDERS","2011-12-28","",""
"1468","ND3H","Robert B.","VAN HOOSE","2011-12-31","",""
"1469","TA1DX","Atila","BASKOCAK","2012-01-04","",""
"1470","VA7GEM","Barry M.","JOHNSON","2012-01-04","",""
"1471","SP1DPA","Waldemar","CHRUSCIEWICZ","2012-01-04","",""
"1472","PE1POI","Jan","VINK","2012-01-05","",""
"1473","PA3GAN","Erwin","VINK","2012-01-05","",""
"1474","N4CPT","Robert","DINGFELDER","2012-01-05","",""
"1475","OE3UKW","Christian","BECK","2012-01-05","",""
"1476","ZL1LC","Jim","REED","2012-01-06","",""
"1477","SV3ICL","Fotis","KIAMOS","2012-01-06","",""
"1478","OK1JIR","Jiri","ZATLOUKAL","2012-01-09","",""
"1479","AJ4TF","David","MACCHIAROLO","2012-01-09","",""
"1480","WA8DJV","Luther D.","TARTER","2012-01-11","",""
"1481","W7RIV","Bryon","DENSLEY","2012-01-13","",""
"1482","KA1PPV","Joseph","MOLON","2012-01-14","",""
"1483","KB8CMB","Christopher","BEAM","2012-01-17","",""
"1484","W9SDX","Gregory H.","LAMB","2012-01-17","",""
"1485","AB9QU","Bill","CARTER","2012-01-18","",""
"1486","VE1GLW","Gerald","WATSON","2012-01-23","2016-01-17","SK"
"1487","DC0ASP","Asperg Amateur Radio Club","CLUB STATION","2012-01-23","",""
"1488","KO3D","Christopher","BRADY","2012-01-27","2018-01-30","SK"
"1489","N7ELB","Jim","SCHMITT","2012-02-07","",""
"1490","WB5LAI","Stephen V.","CARPENTER","2012-02-17","",""
"1491","KF7GMV","Herb","ROGOW","2012-02-21","",""
"1492","JA1FMN","Shuji","YAMANISHI","2012-02-24","",""
"1493","WM3PEN","Holmesburg Amateur Radio Club","CLUB STATION","2012-02-25","",""
"1494","VE3YF","Michael J.","DONOHUE","2012-03-05","",""
"1495","AK4HR","Michael","WILSON","2012-03-17","",""
"1496","KF4CQ","Frank","JOHNSON","2012-03-17","",""
"1497","K8GGL","Gerald G.","LERCH","2012-03-17","",""
"1498","KB8AOB","Richard","CLEMENS","2012-03-22","",""
"1499","AD0QM","Jeff","Parent","2012-03-28","",""
"1500","WE8R","Robert","ROSENFELDER","2012-03-28","",""
"1501","NM4SH","Stephen J.","HORAN","2012-03-31","",""
"1502","KK6BJ","Bruce K.","JACKSON","2012-04-02","",""
"1503","DO1IP","Udo","SANDER","2012-04-03","",""
"1504","WB9BW","Bruce","WISEMAN","2012-04-06","",""
"1505","KJ2U","Kenneth","JENNINGS JR","2012-04-09","",""
"1506","K2CAF","Charles","FISCHER","2012-04-09","",""
"1507","NP4AW","Carlos Padilla","CORTES","2012-04-10","",""
"1508","NP3V","Luis Gerard","GONZALEZ","2012-04-13","",""
"1509","KA5VZG","Alan","SCHRIVER","2012-04-14","",""
"1510","K4NRS","Deborah K.","DINGFELDER","2012-04-17","",""
"1511","WP4NYY","Luis E. benvenutty","RIVERA","2012-04-19","",""
"1512","ZS6JPS","Jacques","SCHOLTZ","2012-04-20","",""
"1513","W7JSD","Sid","DOWNEY","2012-04-21","",""
"1514","WA7SCH","Mike","PASTORE","2012-04-26","",""
"1515","N6VNI","George T.","JACOB JR.","2012-04-27","",""
"1516","N6STA","Michael","ROSMORE","2012-04-30","",""
"1517","W8DCB","Daniel","BLEVINS","2012-05-06","",""
"1518","W5WF","Charles","WEBB","2012-05-12","",""
"1519","KD0QYN","Mark","GRIFFITH","2012-05-12","",""
"1520","W8TNO","Oakland County Amateur Radio Society","RADIO CLUB","2012-05-22","",""
"1521","K8KGX","Dan E.","STAUFFER","2012-05-28","",""
"1522","KC7RPO","Casey","HETTMAN","2012-05-28","",""
"1523","K6IAA","Donald","SCHWAB","2012-05-28","",""
"1524","K5TLL","Terence","LOWERY","2012-05-28","",""
"1525","K1RBY","Joe","KIRBY","2012-05-28","",""
"1526","N5XRD","Richard","HEMINGWAY","2012-05-28","",""
"1527","EI3CTB","Justin","BEHAN","2012-05-28","",""
"1528","WA9AQQ","William","STEWART","2012-05-28","",""
"1529","F5GPE","Pierre","BROUQUET","2012-05-28","",""
"1530","N8KSG","William C.","SCHWIEGERAHT","2012-05-28","",""
"1531","KG2MD","Ed","ADAMS","2012-05-28","",""
"1532","SM5SNF","Claes","SAFSTROM","2012-05-28","",""
"1533","N3GTY","William L.","WAGAMAN JR","2012-05-30","",""
"1534","N0MO","Michael","WILSON","2012-06-02","",""
"1535","LY2BVB","Andrejus","ALIMOVAS","2012-06-02","",""
"1536","N5MT","Mike","DAVIDSON","2012-06-02","",""
"1537","WH6S","Richard","NELSON","2012-06-04","",""
"1538","K1SEA","Kurt A.","MELDEN","2012-06-04","",""
"1539","VE6QO","Kevin","DOHERTY","2012-06-04","",""
"1540","KD6DWX","Charles E.","KENDRICK","2012-06-04","",""
"1541","WA2HMM","Charles A.","RANKIN","2012-06-08","",""
"1542","CE2WZ","David","CALDERWOOD","2012-06-10","",""
"1543","F8BFU","Thierry","DORÉ","2012-06-16","",""
"1544","VE6DJT","Daryl","TAITINGER","2012-06-20","",""
"1545","WB4M","Frederick R.","ASHLEY","2012-06-26","",""
"1546","KC2YRR","James B.","TRAVIS","2012-06-28","",""
"1547","K2FN","Kevin P.","MURRAY","2012-06-29","",""
"1548","DH7OM","Olaf","MUEHLENBROCK","2012-07-01","",""
"1549","W7NZ","Iwan","SUWANDI","2012-07-03","",""
"1550","AA0AA","William Scott","MONKS","2012-07-05","",""
"1551","NC8J","Joseph","BERNGARTT","2012-07-06","",""
"1552","W4WNT","Bill","TURNER","2012-07-08","",""
"1553","K4REB","William J.","KORNAHRENS","2012-07-10","",""
"1554","W8KRF","Carl","RIMMER","2012-07-10","",""
"1555","K3YP","Ray","BURNS","2012-07-11","",""
"1556","W5JDA","Joshua","ANDERSON","2012-07-11","",""
"1557","ES6JAN","Janno","KUUS","2012-07-16","",""
"1558","AI4QP","Thomas R.","WEDDING SR.","2012-07-23","",""
"1559","KK4JOW","Diane","BRZESKI","2012-07-25","",""
"1560","NF8I","James A.","HAMILTON","2012-07-25","",""
"1561","N7MJ","Jack L.","MITCHELL","2012-07-26","",""
"1562","N1CBJ","Philip W.","CUNNINGHAM","2012-07-28","2013-04-04","SK"
"1563","N4NHO","Edwin Donald","KLINE","2012-08-06","",""
"1564","M0LHS","Robert","SILCOX","2012-08-08","",""
"1565","JH7RTQ","Yoshirou","HIRAI","2012-08-15","",""
"1566","AK4HP","Geoff","GENDREAU","2012-08-19","",""
"1567","W2PCC","Peter","CUMMINGS","2012-08-19","",""
"1568","KR4LU","David E.","WIMMER","2012-08-23","",""
"1569","KA0USA","Jane","EWING","2012-08-30","",""
"1570","AB9JT","James F.","TURNER","2012-08-31","",""
"1571","W5YH","Roy","DAVIS","2012-09-06","",""
"1572","NE4U","John Howell","SHADLE III","2012-09-07","",""
"1573","K5KRB","Kenneth R.","BURKHALTER","2012-09-10","",""
"1574","W4HIX","Stanley","STONE","2012-09-10","",""
"1575","WM9I","Joseph","CARTNAL","2012-09-17","",""
"1576","N4WXB","Robert","WEAVER","2012-09-23","",""
"1577","VA3UG","Warren","ZINGER","2012-09-23","",""
"1578","K4DCG","David C.","GREGORY","2012-09-24","",""
"1579","KC9SEB","Paul","MITCHELL","2012-09-24","",""
"1580","WS4V","Timothy","RICHARDSON","2012-09-26","",""
"1581","W2RAN","Randall","WRIGHT","2012-09-28","",""
"1582","KI4SP","Jack","BELEW","2012-09-29","",""
"1583","RV3YR","Victor","BORODIN","2012-10-06","",""
"1584","AI3T","Dennis","KRAUSMAN","2012-10-08","",""
"1585","SQ3LLJ","Andrzej","MOROZ","2012-10-11","",""
"1586","LU8AFR","Helio","ANESINI","2012-10-17","",""
"1587","G6BFP","Lee","HUMPHREY","2012-10-20","",""
"1588","ZS6ACW","Andre A.","VAN DEN BERG","2012-11-07","",""
"1589","LU3CM","Hector","MAZZIER","2012-11-11","",""
"1590","UX1IW","Serge A.","REPETUN","2012-11-11","",""
"1591","K1ARL","Karl","GOUDY","2012-11-17","",""
"1592","LZ1KZX","Radioclub Community Center Svetlina","CLUB STATION","2012-11-20","2014-01-01","resigned"
"1593","W6BP","Bob","PERLMAN","2012-11-20","",""
"1594","T6MH","Michael R.","HATCHER","2012-11-24","",""
"1595","NF9K","William D.","ATKINSON","2012-11-26","",""
"1596","K7JJ","Dave","EARNEST","2012-12-05","",""
"1597","KJ4LEC","Marion R.","STANDIFER","2012-12-22","",""
"1598","AC0TP","Michael D.","TOOTHAKER","2012-12-22","",""
"1599","N2KBK","Chris","BLOXSOM","2012-12-27","",""
"1600","NA4EA","Robert N.","GABLE","2012-12-27","",""
"1601","KC0OIO","Joe","HEITZINGER","2012-12-30","",""
"1602","N7WE","Richard","BUTZ","2013-01-01","",""
"1603","W4SDJ","James E.","HOWARD","2013-01-02","",""
"1604","K9DWR","David","ROCK","2013-01-02","",""
"1605","K8FER","Frederic E.","RAMSEY","2013-01-02","",""
"1606","F6GCI","Gérard","MONIN","2013-01-03","",""
"1607","OE3DXA","Werner","PRAX","2013-01-03","",""
"1608","KI4FW","Richard","CINCOTTA","2013-01-04","",""
"1609","KC4OBB","Don R.","GRANT","2013-01-04","",""
"1610","OM3PR","Peter","ROZNANSKY","2013-01-04","",""
"1611","W9SMR","Stanley M.","ROBINSON","2013-01-04","",""
"1612","K5TLJ","Terry","JONES","2013-01-06","",""
"1613","AE0MT","Mike","Thompson","2013-01-06","",""
"1614","W1EHQ","Terence T.","RINGER","2013-01-06","",""
"1615","KF8I","Clinton","HEFFNER","2013-01-06","",""
"1616","WB5CXC","Larry","BROWN","2013-01-07","","SK"
"1617","KB8KOJ","William D.","STERRICK II","2013-01-07","",""
"1618","F4GWY","Stéphane","COIGNÉ","2013-01-08","",""
"1619","AC2FA","Robert A.","O'NEILL","2013-01-09","",""
"1620","KC9UR","Robert E.","BILLINGSLEY","2013-01-09","",""
"1621","AK4VL","Julio","JIMENEZ","2013-01-10","",""
"1622","N9TX","Keith L.","WATSON","2013-01-11","",""
"1623","N2TAO","Steven J.","CATANI","2013-01-16","",""
"1624","K0STK","Stephen T.","KOSTECKE III","2013-01-17","",""
"1625","MW0WYN","Dulyn","DAVIES","2013-01-17","",""
"1626","LU1DA","Jorge Francisco","VIAÑA","2013-01-21","",""
"1627","WD4DIY","Dale","WATERSON","2013-01-25","",""
"1628","SP9XU","Jacek","KUWIK","2013-01-26","",""
"1629","G4TZX","Gordon","EVEREST","2013-01-27","",""
"1630","K3URT","Curtis D.","SANDERS","2013-01-28","",""
"1631","KB8RTB","John M.","WOODYARD","2013-01-30","",""
"1632","GW1IOT","Hydren","HARRISON","2013-02-04","",""
"1633","WV2M","Francis M.","GALLO","2013-02-04","",""
"1634","KD6CJI","Sergei","LUDANOV","2013-02-04","",""
"1635","KK4HEG","Fred J.","GAISSER","2013-02-08","",""
"1636","VA6JB","John Jacob","BECKER","2013-02-14","2018-11-06","Expired"
"1637","NP3T","Jose L.","OSUBA-ACOSTA","2013-02-16","",""
"1638","N2WKL","Trent A.","DAVIS SR","2013-02-16","",""
"1639","K8EEE","Ernest D.","DUCEY","2013-02-22","",""
"1640","VE3VID","David","GERRARD","2013-02-23","",""
"1641","AE7IH","Dan","SIMPSON","2013-02-24","",""
"1642","KJ4RKB","Brian","HINKLE","2013-02-27","",""
"1643","VA2DXZ","Pascal","TREMBLAY","2013-03-01","",""
"1644","AB3LZ","John A.","BARTOS","2013-03-02","",""
"1645","WA4VGZ","James H.","GOODRICH JR","2013-03-02","",""
"1646","2M0BVN","Ian","HEPWORTH","2013-03-03","",""
"1647","LU5DQ","Cristian Gabriel","GILARDI","2013-03-03","",""
"1648","MM0LGS","Jaroslaw","GORCZYNSKI","2013-03-04","",""
"1649","KA4OIL","Vernon","LEEPER","2013-03-06","",""
"1650","LU8DY","Carlos A.","BUFANIO","2013-03-08","",""
"1651","F1GRH","Pascal","BELLOT","2013-03-13","",""
"1652","OM7AX","Ludo","SAJDIK","2013-03-16","",""
"1653","AC0XB","Richard","COFFEY","2013-03-17","",""
"1654","W5DKD","William","DAVIS","2013-03-18","",""
"1655","K6VIB","Bob","DOROTHY","2013-03-18","",""
"1656","KG7AV","Ray","SPREIER","2013-03-20","",""
"1657","NU4N","Dave","TUCKER","2013-03-20","",""
"1658","KJ4ING","William D.","CARRELL","2013-03-24","",""
"1659","WA9ADT","Ron","HANSEN","2013-03-25","",""
"1660","LZ2HT","Ivan","TODOROV","2013-03-25","",""
"1661","WA3MEZ","Roderick W.","HART","2013-03-28","",""
"1662","N7IY","Peter J.","MCCLOSKY","2013-03-30","",""
"1663","LZ1BY","Dimitar","BUHOV","2013-04-01","",""
"1664","SV3QUQ","Theodore","KOMNINOS","2013-04-02","",""
"1665","W7BIG","Troy L.","BIGELOW","2013-04-03","",""
"1666","K4EZD","Vince","PISHIONERI","2013-04-03","",""
"1667","WH7GG","Keith K.","HIGA","2013-04-07","",""
"1668","K7RFW","Raymond","WHITE","2013-04-10","",""
"1669","N2VWP","Robert","OLSEN","2013-04-11","",""
"1670","PA3EEG","Ruud","IN 'T VELD","2013-04-14","",""
"1671","3A2MW","Franco","LUCIONI","2013-04-15","",""
"1672","EA8MT","Dunia","Olivares","2013-04-15","",""
"1673","W3WMU","Jeffrey H.","WALSH","2013-04-26","",""
"1674","IK4SXH","Marco","RACOVELLI","2013-05-08","",""
"1675","PR8EP","Edimilson Pereira","DE LUCENA","2013-05-11","",""
"1676","A61DJ","Obaid Ali","ALSHAMSI","2013-05-15","",""
"1677","KF5GTX","Robert L.","DUNCAN","2013-05-27","",""
"1678","N7WU","Jim","HARPER","2013-05-27","",""
"1679","W4VKD","Patrick J.","MCDONNELL","2013-05-27","",""
"1680","KA6JLT","Rob","WALKER","2013-05-27","",""
"1681","VE2PTB","Patrice","BOURDAGES","2013-05-27","",""
"1682","KE7CDD","Peter","ECKERT","2013-05-27","",""
"1683","N3LKZ","Roy (Arjay)","MORGAN","2013-05-27","",""
"1684","WD7WW","Michael","STINNETT","2013-05-27","",""
"1685","WA1PCY","Leonard","KLINE","2013-05-27","",""
"1686","WY1C","Brian","HARPER","2013-05-28","",""
"1687","NS2X","Gregory","ICKES","2013-06-03","",""
"1688","N4GBK","Bill","GARWOOD","2013-06-05","",""
"1689","KK4IAJ","William Eugene","SMITH JR","2013-06-09","",""
"1690","N8YQX","Yohei","SHIMAZAKI","2013-06-09","",""
"1691","K7FJM","Chad","RAPIER","2013-06-09","",""
"1692","KB3RAN","David B.","HARDY","2013-06-10","","SK"
"1693","N9UKE","Kristopher T.","KRUSE","2013-06-12","",""
"1694","IW1GMD","Marco Dante","AUGUSTI","2013-06-16","",""
"1695","AF5BV","Anthony Paul","MARRIOTT","2013-06-17","",""
"1696","KB1TJC","Lenny","BUTKIEWICZ","2013-06-17","",""
"1697","OK1KM","Karel","MARECEK","2013-06-19","",""
"1698","KS2H","Steven J.","BERNIER","2013-06-19","",""
"1699","SA7BXU","Torbjorn","SVENSSON","2013-06-22","",""
"1700","KP3ER","Borinquen Radio Club","CLUB STATION","2013-07-05","",""
"1701","KE4JB","John","Bower","2013-07-07","",""
"1702","KK7UF","Michael A.","MADEN","2013-07-07","",""
"1703","NA1SA","Marlin ""Loon""","TROUP","2013-07-07","",""
"1704","OK1FGD","Lubos","BARTOS","2013-07-26","",""
"1705","KE5SUE","William","SOWELL","2013-07-30","",""
"1706","WB8UUJ","Tom","ROOT","2013-08-10","",""
"1707","OK2RO","Pavel","ROKYTA","2013-08-14","",""
"1708","AK4MK","Matthew","KING","2013-08-20","",""
"1709","KD0JCJ","Jeff","SCHEETZ","2013-08-21","",""
"1710","N5TEA","Jeremy C.","CONKLING","2013-08-22","",""
"1711","W5RGM","Robert G.","MILLER JR","2013-08-25","",""
"1712","OK1AKU","Stepan","BOSAK","2013-08-27","",""
"1713","W2ECK","Paul","ECKER","2013-09-19","",""
"1714","LU6XQB","Eduardo Armando","LERNOUD","2013-09-25","",""
"1715","NA4SO","Rocker T.","STATON","2013-09-28","",""
"1716","K7EMR","Robert","UNDERWOOD","2013-10-11","",""
"1717","KG7BFP","Debra","KNOTTS","2013-11-06","",""
"1718","W9NED","Paul D.","Siegle","2013-11-26","",""
"1719","IZ1TTR","Filippo","VILASI","2013-11-30","",""
"1720","N9TBD","Pat","SMITH","2013-12-02","",""
"1721","AC7JM","John","MITCHELL","2013-12-08","",""
"1722","K1REZ","Juarez ""Rez""","JOHNSON JR.","2013-12-15","",""
"1723","F4GVZ","Marc","JULIEN","2013-12-15","",""
"1724","AF5FH","Jim","KAJDER","2013-12-17","",""
"1725","W2DEN","Den","SPIESS","2013-12-17","",""
"1726","OK1VP","Vilém","PETKO","2013-12-27","",""
"1727","KB5WRK","William","COLLIER","2013-12-27","",""
"1728","OK1SLA","Václav","SLAVIK","2013-12-29","",""
"1729","OO2T","François","GORREMANS","2013-12-31","",""
"1730","N1DN","Phil","ROLAND","2014-01-02","",""
"1731","OE3MPB","Peter","MOHR","2014-01-06","",""
"1732","WM9F","Jeff","CARTNAL","2014-01-06","",""
"1733","K6ATZ","Joseph R.","KATZ","2014-01-06","",""
"1734","W1ZU","Scott","ANDERSON","2014-01-06","",""
"1735","VA2JPI","Jean","PARENT","2014-01-08","",""
"1736","NZ1Q","Edward","ERNY","2014-01-08","",""
"1737","OM3PQ","Anton","SYKORA","2014-01-11","",""
"1738","WA3GM","Gregory","MALONE","2014-01-14","",""
"1739","K7PAX","Paula","JOHNSON","2014-01-14","",""
"1740","G7FGA","David Michael","MORELAND","2014-01-14","",""
"1741","K6PBF","Dick","GROTE","2014-01-16","",""
"1742","N4VUG","Roy M.","MCKEITHAN","2014-01-18","",""
"1743","KF5PDM","Jeannette C.","DOPSON","2014-01-21","",""
"1744","KV4RH","Benjamin G.","GASTON","2014-01-21","",""
"1745","KD5LCP","Karl W.","DOMROSE","2014-01-22","",""
"1746","K4LEA","Leslie","ALVERSON","2014-01-25","",""
"1747","K5ABQ","Stephen V.","LENTI","2014-01-25","",""
"1748","KF5OEB","Benjamin C.","SLY","2014-01-27","2020-06-22","SK"
"1749","N7SCT","Scott","PORTER","2014-01-29","",""
"1750","VA7AQ","Heinz","BUHRIG","2014-02-08","",""
"1751","N8FLW","Frederick B.","SALMONS IV","2014-02-12","",""
"1752","KJ4ZNK","Virgil H.","CASTLEBERRY","2014-02-14","",""
"1753","W3GXV","Tom","MCDERMITT","2014-02-16","",""
"1754","K8BHK","Bradley","KERR","2014-02-17","",""
"1755","N4DAB","Daytona Beach Cert Arc","club","2014-02-26","",""
"1756","AA2IL","Joseph B.","ATTILI","2014-02-28","",""
"1757","2E0YDT","Alan","CARNEY","2014-03-07","",""
"1758","W9ZZ","Jonas","LERMA","2014-03-08","",""
"1759","N5YHM","Brian E.","WETZEL","2014-03-11","",""
"1760","WJ5TX","William Alan","JOHNSON","2014-03-19","",""
"1761","ES7FU","Hellar","LUIK","2014-03-19","",""
"1762","K3AKE","Leon","EADY JR.","2014-03-19","",""
"1763","VE3LTN","James Michael","JOYCE","2014-03-19","",""
"1764","KK4BKP","Robert","ANTRIM","2014-03-19","",""
"1765","WF5J","Mahlon","JUSTICE","2014-03-19","",""
"1766","KD0OIX","Dwight","MOORE","2014-03-19","",""
"1767","KG7FXT","Thomas","FIKE","2014-03-21","",""
"1768","AB3EH","Dharma Prasad","AGRAHAR","2014-03-25","",""
"1769","R6KEE","Yuri","MASLOV","2014-03-25","",""
"1770","W5CWT","David","CHENAULT","2014-03-29","",""
"1771","KC0JQO","Ron","WALL","2014-04-04","",""
"1772","W5UY","Bill","SKINNER","2014-04-04","",""
"1773","AA7WB","Pericles","COSSEBOOM","2014-04-04","",""
"1774","KJ6HT","Charles","DILLON","2014-04-05","",""
"1775","KM5LY","Charles","ALLEN","2014-04-08","",""
"1776","KJ4CMA","Scott","AVERY","2014-04-14","",""
"1777","W8WV","Robert V.","MILLS","2014-04-21","",""
"1778","KG7BAN","Lee","KANON","2014-04-22","",""
"1779","WV4O","Josh A.","KERR","2014-04-25","",""
"1780","CX1FU","Daniel M.","FACCIOLI","2014-04-30","",""
"1781","PA3N","Eric","VAN ISPELEN","2014-05-09","",""
"1782","IV3XUX","Marco","Celot","2014-05-19","2018-06-12","SK"
"1783","W4WLC","David","Head","2014-05-28","",""
"1784","WY6Q","Brad","Moss","2014-05-28","",""
"1785","K7DTB","Dave","Bly","2014-05-28","",""
"1786","K8OSF","James","Berner","2014-05-28","",""
"1787","KE5IRK","Geary","McDowell","2014-05-28","",""
"1788","K7XFM","Robert","Murray","2014-05-28","",""
"1789","KG6NFJ","Eric","Vinande","2014-05-28","",""
"1790","WA1HGS","George B.","Cudd, Jr.","2014-05-28","",""
"1791","K0RQ","Jake","Bechtold","2014-05-29","",""
"1792","KJ6GHN","Lisa M.","Marks","2014-05-29","",""
"1793","N9RWC","Raymond W","Clements","2014-05-29","",""
"1794","KD0RII","George S.","Phoenix","2014-06-03","",""
"1795","K2ZC","David A.","Walsh","2014-06-03","",""
"1796","WB7UZO","Larry Van","Fossen","2014-06-03","",""
"1797","NA8W","Darl","Deeds","2014-06-04","",""
"1798","WA6OWM","Ray","Grace","2014-06-04","",""
"1799","N0HIU","Jack O.","McDonell","2014-06-13","",""
"1800","BG4DRL","Ruhao","Ruhao","2014-06-14","",""
"1801","W5XIT","James L","Henderson","2014-06-15","",""
"1802","WA9KTT","Daniel A.","Lieb","2014-06-20","",""
"1803","DK6WH","Wilhelm","Herner","2014-06-22","",""
"1804","W9EBV","Fond du Lac","ARC","2014-06-25","",""
"1805","DM1RTZ","Thomas Eduard","Wirtz","2014-06-26","2019-10-27","Cancelled"
"1806","KC9UMP","Jenson J","Long","2014-06-26","",""
"1807","F1IWH","Daniel","Didier","2014-06-27","",""
"1808","K9ATI","Son of Northern Illinois 10-10","Club","2014-07-01","",""
"1809","KB3ZNL","Arthur","Wadsworth","2014-07-03","",""
"1810","KK4HGY","Ronald","Austin","2014-07-05","",""
"1811","K5MKS","Darren","Smith","2014-07-05","",""
"1812","AA9DL","David","Long","2014-07-10","",""
"1813","N3IJW","Sean M.","Faith","2014-07-12","",""
"1814","DO2MPS","Peter","Steigenberger","2014-07-13","",""
"1815","W5TMP","Terry","Partigianoni","2014-07-15","",""
"1816","EA8CNR","Jose M. Molina","Rodriguez","2014-07-25","",""
"1817","K4KRK","James R","Upchurch","2014-07-26","",""
"1818","K4ARS","George","Kelley","2014-07-27","2016-01-07","SK"
"1819","EA5EHY","Javier Soto","Rubio","2014-07-28","",""
"1820","K3JAE","John A.","Etling","2014-07-31","",""
"1821","G8SGB","Phil","Houseago","2014-07-31","",""
"1822","N8WBV","Jerry Lee","Swords","2014-08-01","",""
"1823","AH6AX","Lawrence P","Wandel","2014-08-01","",""
"1824","KX5U","Allen W","Ogrizovich","2014-08-04","",""
"1825","AE8AM","Alfonso","Marmora","2014-08-07","",""
"1826","A41OO","Khalid Nasser Ali","AlJardani","2014-08-08","",""
"1827","KC0YOE","Brek","Brixius","2014-08-08","",""
"1828","N4SVC","Suwannee Amateur Radio","Club","2014-08-10","",""
"1829","N9BC","Brent","Crier","2014-08-10","",""
"1830","K3YBN","James","Sears","2014-08-10","",""
"1831","K0TAZ","Robert","Ahlberg","2014-08-11","",""
"1832","AD0TA","Robert","Forster","2014-08-13","",""
"1833","W3FFZ","Drew","Celley","2014-08-13","",""
"1834","K7GAN","Gregory A","Newman","2014-08-14","",""
"1835","M6TET","Tony","Erith","2014-08-14","",""
"1836","VA3ZDX","Greg","Green","2014-08-15","",""
"1837","AE7WI","Warren Andrew","Farmer","2014-08-16","",""
"1838","KD0MQO","Frank","Thies","2014-08-16","",""
"1839","IU2BWQ","Diego","Pellacani","2014-08-17","",""
"1840","W1FDR","Bob","Ravenstein","2014-08-17","",""
"1841","KA9QKD","Tom","Nieling","2014-08-18","",""
"1842","N9VMO","Joseph W.","Montano","2014-08-22","",""
"1843","N4RRR","Duane","Finch","2014-08-22","",""
"1844","NP2G","Edward","Baker","2014-08-24","",""
"1845","KD2DLL","Alexander J","Kaczor","2014-08-24","",""
"1846","OK1MLX","Pavel","Huhniak","2014-08-30","",""
"1847","W9OV","Martin","Wilcox","2014-08-31","",""
"1848","BA1PK","Wu","Jianqi","2014-09-01","",""
"1849","K7ER","Jerry","Grandstaff","2014-09-01","",""
"1850","K7DF","Thomas J.","Fagan","2014-09-02","",""
"1851","IU0CXV","Fabrizio","Monaco","2014-09-02","",""
"1852","W5GSM","Glynn S.","McClellan Jr.","2014-09-02","",""
"1853","OM4MO","Peter","Cvicela","2014-09-03","",""
"1854","S56UVB","Bgomir Mirko","Vodovnik","2014-09-04","",""
"1855","WA2HQL","John James","Reid","2014-09-05","",""
"1856","KE4BFI","Dewey A.","Lamb","2014-09-07","",""
"1857","M3OVA","Tony","Durant","2014-09-07","",""
"1858","OK1VKK","Frantisek","Dusek","2014-09-09","",""
"1859","F1UMO","Jean Pierre","Lenoir","2014-09-09","",""
"1860","K4BLL","William A","Watt","2014-09-10","",""
"1861","IW1PPB","Andrea","Olivero","2014-09-11","",""
"1862","AC1AX","Frank","Towle","2014-09-14","",""
"1863","W1ALK","Peter A","Perrino","2014-09-14","",""
"1864","WX4TW","Thomas","Wilheit","2014-09-17","",""
"1865","W9MDB","Michael","Black","2014-09-19","",""
"1866","KD2FRX","Michael","Stewart","2014-09-20","",""
"1867","KA0EGE","Jeffrey","Chancey","2014-09-21","",""
"1868","G0OJG","Joseph","O'Malley","2014-09-22","",""
"1869","W3IY","Carl M","Chernan","2014-09-22","",""
"1870","2E0GBK","John Keith","Bell","2014-09-24","",""
"1871","OK1LTV","Libor","Nemecek","2014-09-26","",""
"1872","N4DLT","David","Westphalen","2014-09-29","",""
"1873","N9SEO","Kayne","Kruse","2014-10-05","",""
"1874","VE9JMG","Malcolm","Gilker","2014-10-05","",""
"1875","KG7NJQ","Jean","Morgan","2014-10-05","",""
"1876","CT1EJB","Luis Filipe","Baptista","2014-10-07","",""
"1877","AI8F","Corey","Smith","2014-10-05","",""
"1878","WY7MM","Martin","McGuffey","2014-10-13","",""
"1879","AK4YW","Tim","Hendricks","2014-10-13","",""
"1880","K3TCU","Gary A.","Kulling","2014-10-13","",""
"1881","VE7BGD","David Ian","Howell","2014-10-17","",""
"1882","KK4EYX","Alexander","Melia","2014-10-17","",""
"1883","KB3UET","Justin Charles","Ledden","2014-10-19","",""
"1884","W8TOM","Thomas","Williams","2014-10-22","",""
"1885","KI6TYH","Harold","Hilbert","2014-10-22","",""
"1886","M0SAS","Steve","Wellon","2014-10-26","",""
"1887","HA1EM","Jakab","Szilard","2014-10-26","",""
"1888","N5YT","Hector G. Isaac","Jr","2014-10-27","",""
"1889","KD0WLB","JC","MacNaught","2014-10-27","",""
"1890","KD8UEG","Steven D.","May","2014-10-30","",""
"1891","G1PCR","Chris","Carter","2014-10-31","",""
"1892","WA0WHE","Gary","Ellingson","2014-11-02","",""
"1893","N7EH","Erich","Holzer","2014-11-02","",""
"1894","KK4RXU","Eric Armstrong","Davis","2014-11-08","",""
"1895","HA0NGT","Gabor","Torok","2014-11-09","",""
"1896","N1AB","Steve","Brody","2014-11-10","",""
"1897","NX6D","David","Fisher","2014-11-13","",""
"1898","KX4WB","William","Brooks","2014-11-14","",""
"1899","KF1P","Robert","Partain","2014-11-15","",""
"1900","K5SLE","Stephen L","Eccles","2014-11-15","",""
"1901","KJ7DLL","Daniel","Alicie","2014-11-16","",""
"1902","KC4SAW","John","Morrison","2014-11-16","",""
"1903","KG7DRN","Steven G","Harker","2014-11-21","",""
"1904","AF7BN","Edward","Clark","2014-11-21","",""
"1905","W0JH","Stillwater Amateur Radio","Assn","2014-11-22","",""
"1906","K4QZF","Larry A.","May","2014-11-23","",""
"1907","K0ZKK","Wayne","Ribble","2014-11-29","",""
"1908","K3BDQ","Bruce","Gilson","2014-11-29","",""
"1909","AD4RE","Greg","Hart","2014-11-29","",""
"1910","AE7ID","David J","Dean","2014-11-30","",""
"1911","K4NES","Andrew Robert","Glassmer","2014-12-05","",""
"1912","KR0ES","Jacob W.","Kroes","2014-12-08","",""
"1913","WB4BAX","Michael David","Baxter","2014-12-12","",""
"1914","EW8AX","Dmitry","Shustik","2014-12-13","",""
"1915","KM4BPE","Brian L.","Estes","2014-12-15","",""
"1916","N9UOM","Randi","Owen","2014-12-17","",""
"1917","KT4EP","Dewey Keith","Barton","2014-12-19","",""
"1918","AF7VT","Richard R","Shaner","2014-12-19","",""
"1919","KI3T","John","Bryson","2014-12-21","",""
"1920","W8RID","Robert","Davet","2014-12-24","",""
"1921","KK5ZY","Jack","Drew Jr","2014-12-26","",""
"1922","N7KFD","James","Bagge","2014-12-27","",""
"1923","LU4DPL","Pablo Daniel","Lorandi","2014-12-28","",""
"1924","WD9GCO","Paul","Braun","2014-12-30","",""
"1925","AJ7G","Randy","Woods","2014-12-31","",""
"1926","W6GRH","George","Humphrey","2014-12-31","",""
"1927","N5NX","Kenneth","Wood","2015-01-01","",""
"1928","SP9MDY","Hubert","Marcinek","2015-01-01","",""
"1929","KR4UA","Thomas D.","Young","2015-01-02","",""
"1930","K4WNY","Ronald","Turner","2015-01-02","",""
"1931","KJ6WKH","Christopher","Williams","2015-01-03","",""
"1932","WR3T","Anthony","DeStefano","2015-01-03","",""
"1933","KC7RG","Norman A.","Buckley","2015-01-04","",""
"1934","KF6HI","Brian","Hamerski","2015-01-04","",""
"1935","VA2MFJ","Michel","Boucher","2015-01-04","",""
"1936","N0MEU","Jay R.","Witthuhn","2015-01-04","",""
"1937","N3FMO","Harry D.","Bauder","2015-01-05","",""
"1938","PD9A","Stef","Michielsen","2015-01-05","",""
"1939","N9SOX","Ryan","Case","2015-01-06","",""
"1940","W8RWK","Richard W.","Koharik","2015-01-06","",""
"1941","VE3WEJ","Dave L.","Garber","2015-01-07","",""
"1942","W7MIN","Gary W.","Lenzi","2015-01-08","",""
"1943","YL3GBC","Arnis","Armans","2015-01-08","",""
"1944","N2IIE","Ronald","Bernknopf","2015-01-08","",""
"1945","YL73EPC","EPC Club Station - Latvia","","2015-01-09","",""
"1946","KC9LOX","Todd","Bloomingdale","2015-01-09","",""
"1947","F4GYM","Bertolotti ","Fabien","2015-01-10","",""
"1948","WU2M","Rocco J.","Conte","2015-01-10","",""
"1949","W5FKW","Richard L","Wines","2015-01-11","",""
"1950","ON4VT","Danny Van","Tricht","2015-01-15","",""
"1951","K0GC","George T.","Cutter","2015-01-15","",""
"1952","N7AME","John Van","Dalen","2015-01-15","",""
"1953","KN4XJ","Frank","Humphreys","2015-01-18","",""
"1954","PY3JFS","Jose Francisco Soares","Souza","2015-01-18","",""
"1955","KG7HAX","Martin","Tuip","2015-01-18","",""
"1956","KM4AF","W.C. (Chip)","Hood Jr.","2015-01-18","",""
"1957","KE4QCM","Thomas E","Fuller","2015-01-20","",""
"1958","SV8LMQ","Dimitrios","Palaiologos","2015-01-24","",""
"1959","K9HW","Harry","Wilkins","2015-01-24","",""
"1960","KM4FO","Dwight","Orten","2015-01-26","",""
"1961","KB5UKT","Michael","Sundstrom","2015-01-26","",""
"1962","NV4C","Ian","Kahn","2015-01-26","",""
"1963","7L4VYK","Hiroshi","Matsuzaki","2015-01-27","",""
"1964","NN4E","David","Miller","2015-02-01","",""
"1965","M0NMC","Nicholas","McIntyre","2015-05-12","",""
"1966","KB9TVR","Robin D.","Haynes","2015-02-01","",""
"1967","CE2EC","Edmundo Campusano","Ramirez","2015-02-02","",""
"1968","PD1AW","Toni van de","Wiel","2015-02-02","",""
"1969","VY1MAB","Mark","Bowers","2015-02-03","",""
"1970","KK9M","Clarence E.","Maise","2015-02-04","",""
"1971","KC4OR","Danny","Stallings","2015-02-04","",""
"1972","KN9TVE","Edmund","Wanat","2015-02-04","",""
"1974","K3MAW","Michael","Watterson","2015-02-05","",""
"1976","DG8KAD","Alexander","Derichs","2015-02-08","",""
"1977","K3LRH","Len","Hecker","2015-02-09","",""
"1978","G1PIE","Mark","Procter","2015-02-09","",""
"1979","N4TTN","David A.","Sosnin","2015-02-09","",""
"1980","KJ4FSU","Joseph","Morrell","2015-02-09","",""
"1981","M3OPG","Paul","Reed","2015-02-12","",""
"1982","VA1CM","Craig","MacKinnon","2015-02-13","",""
"1983","G7AFM","Phil","Moses","2015-02-22","",""
"1984","SP9KJU","Klub Lacznosci","Lacznosci","2015-02-23","",""
"1985","KG5RJ","Gregory","Hall","2015-02-23","",""
"1986","N9TKF","John P.","Kettinger","2015-02-24","",""
"1987","LB8QG","John Olav","Westlie","2015-02-25","",""
"1988","F4DZF","Denis","Bourriquet","2015-03-04","",""
"1989","AG4ZL","John M","Crowe","2015-02-28","",""
"1990","WA4OMR","Clarence L.","Tarpley","2015-03-09","",""
"1991","W9OCC","Samuel","Collins","2015-03-09","",""
"1992","F1ABE","Eric","Eric","2015-03-10","",""
"1993","PD0HLA","Henk","Abramsen","2015-03-10","",""
"1994","N4NDR","Richard","Goehl","2015-03-11","",""
"1995","KK6FVP","Jennifer Ann","Pellinen","2015-03-13","",""
"1996","NJ8G","Walter C","Reinert","2015-03-14","",""
"1997","KG5CUK","Jonathan L","Doorn","2015-03-14","",""
"1998","VE3LFA","David M","Starr","2015-03-15","",""
"1999","WA5RZJ","Fielding Clark","Sauls","2015-03-15","",""
"2000","K1CME","Byron","McKitrick","2015-03-15","",""
"2001","N5DS","Daniel G.","Goad, Jr.","2015-03-15","",""
"2002","W6PZA","Ronald","Adams","2015-03-15","",""
"2003","NV9S","Robert","Dailey","2015-03-15","",""
"2004","NT6K","Dave","Bullard","2015-03-15","",""
"2005","KF1BUZ","Daniel","Lind","2015-03-15","",""
"2006","N8OFP","Delbert T.","LaBo II","2015-03-15","",""
"2007","K9DEB","Donald E","Bolstad","2015-03-15","",""
"2008","K6YEK","William G","Fuller","2015-03-15","",""
"2009","KD5WY","Elwin","Phillips","2015-03-16","",""
"2010","KA1YQC","Mark","Hofstra","2015-03-16","",""
"2011","DK5UR","Heinz","Urban","2015-03-18","",""
"2012","KG5FCM","Kevin","Brown","2015-03-20","",""
"2013","W3DP","Richard","Jaeger","2015-03-21","",""
"2014","W0QU","Marvin R.","Neals PhD","2015-03-21","",""
"2015","AC0ZF","Ralph","Gelvin","2015-03-25","",""
"2016","K2RAH","Richard A.","Hull","2015-03-26","",""
"2017","W7RTL","Richard","Latimer","2015-03-31","",""
"2018","KB0EOR","Frank M","Jozwiak","2015-04-01","",""
"2019","R1BAO","Andrey","Mizetskiy","2015-04-01","",""
"2020","OH3GTL","Torsti","Ehojoki","2015-04-03","",""
"2021","HZ1SK","Samir","Khayat","2015-04-03","",""
"2022","WA6I","Brian","Leverich","2015-04-03","",""
"2023","WD2AKM","Robert","Panarese","2015-04-04","",""
"2024","W0JRJ","Joseph R.","Jamison","2015-04-09","",""
"2025","EB4GRT","Pedro Manuel Hortet","Tostado","2015-04-16","",""
"2026","UR5ZVY","Vyacheslav","Schpilivenko","2015-04-16","",""
"2027","LU2DRS","Silvia","Di Silvestro Nocella","2015-04-19","2017-11-27","SK"
"2028","PU2LJH","Fabiano Cardoso dos","Santos","2015-04-25","",""
"2029","IU1DSU","Meirana","Davide","2015-04-25","",""
"2030","EA3GCT","Tony","Colom","2015-04-29","",""
"2031","N4JPG","John","Griffith","2015-05-01","",""
"2032","KE8AJF","Wesley","Jones","2015-05-01","",""
"2033","PY1WX","Henrique","Junior","2015-05-02","",""
"2034","KB6IGK","Joseph","Kornowski","2015-05-03","",""
"2035","KK4ZVD","Terry W.","Davidson, Jr.","2015-05-04","",""
"2036","IZ4WLD","Oreste","Cevolani","2015-05-08","",""
"2037","N2CJN","Brent","Hailpern","2015-05-16","",""
"2038","AG4RR","Gary Richard ","Rose","2015-05-22","",""
"2039","KE4GUQ","Charles","Banks","2015-05-22","",""
"2040","NP3IR","Hector A.","Morales","2015-05-22","",""
"2041","N5LCP","Laurent","Laurent","2015-05-22","",""
"2042","W2WCC","Anthony","Otlowski","2015-05-22","",""
"2043","N6RDR","Ron","Ron","2015-05-22","",""
"2044","VE2KBS","Dominique","Duplessis","2015-05-22","",""
"2045","AK3GR","John","Wolnisty","2015-05-22","",""
"2046","WP4OFO","Jose","Ydrach","2015-05-22","",""
"2047","KD6FEC","Rex Yi","Landreth","2015-05-22","",""
"2048","KF5SLK","Noel","Lee","2015-05-22","",""
"2049","N7PVA","Paul V.","Avona","2015-05-22","",""
"2050","N1MDX","Harris","Kagan","2015-05-23","",""
"2051","WB9VKZ","Francis V","DeDoming","2015-05-23","",""
"2052","W4CAN","Craig A.","Nessel","2015-05-23","",""
"2053","AF4RK","John","Dalnes","2015-05-23","",""
"2054","WD8KNC","George","Hafler","2015-05-23","",""
"2055","W4BDA","John","Pritchett","2015-05-23","",""
"2056","VE7BH","Thomas","Wagner","2015-05-23","",""
"2057","AD5MQ","Ed","Johnson","2015-05-23","",""
"2058","K7REL","Thomas P.","Conway","2015-05-23","",""
"2059","KJ4HTY","James A.","Boyd","2015-05-23","",""
"2060","W3QT","Michael","Morrow","2015-05-23","",""
"2061","KW3F","Robert","Brown","2015-05-23","",""
"2062","W6INO","Robert","Kupps","2015-05-23","",""
"2063","K8CMO","David E.","Yockey","2015-05-23","",""
"2064","W5RSC","Robert Stanley","Carr","2015-05-23","",""
"2065","K1FDP","Jason","Jasper","2015-05-24","",""
"2066","AG1A","Wayne","Wagner","2015-05-24","",""
"2067","AE4S","William","Jordan","2015-05-24","",""
"2068","AD7ZJ","Elijah","Brown","2015-05-24","",""
"2069","KP4KD","Eric R.","Mayer","2015-05-24","",""
"2070","K0YL","Nancy","Yoshida","2015-05-24","",""
"2071","K9IA","Charles","Theisen","2015-05-24","",""
"2072","K5QPO","Ed","Smith","2015-05-26","",""
"2073","NP3DM","Ramon Suarez","Sanchez","2015-05-26","",""
"2074","KF7KWV","Wayne C","Frisbie","2015-05-27","",""
"2075","W4JOV","Ray","Sturch","2015-05-27","",""
"2076","VA3MWL","Matthew","Lange","2015-05-27","",""
"2077","W0QFW","Robert A","Carter","2015-05-30","",""
"2078","ON4RK","Ronny Van","Massenhove","2015-05-31","",""
"2079","SM0LPO","Mikael","Karlsson","2015-06-01","",""
"2080","KF5KEL","Richard","Wallace","2015-06-02","",""
"2081","YO6FPW","Lucilius","Serban","2015-06-03","",""
"2082","HS7WMU","Watcharapat","Himalee","2015-06-05","",""
"2083","LU1BJW","Horacio C.","Petrera","2015-06-05","",""
"2084","N8LFK","Lee","Farquharson","2015-06-05","",""
"2085","WA4STO","Byron C.","Hurder, Jr.","2015-06-07","",""
"2086","W8PAW","Paul","Gardner","2015-06-12","",""
"2087","WA5UFO","Enrique","Garza","2015-06-15","",""
"2088","W6AER","Lucas","Ford","2015-06-17","",""
"2089","W3FGD","Frank G.","Dean","2015-06-21","",""
"2090","N3IPN","Steven David","Hempling","2015-06-23","",""
"2091","N7DK","David G","Leeper","2015-06-25","",""
"2092","KM4LBC","North Carolina Radio Group"," ","2015-06-30","",""
"2093","PA3CQF","Rene","Korevaar","2015-07-04","",""
"2094","AL7JK","William John","Raynsford","2015-07-04","",""
"2095","WD0K","Richard","Theisen","2015-07-07","",""
"2096","YC8QT","Indra","Purukan","2015-07-09","",""
"2097","SV1EDY","Apostolos","Bourousis","2015-07-13","",""
"2098","AJ5W","David","Williams","2015-07-15","",""
"2099","YB6DE","H. Eddy","MKes","2015-07-16","",""
"2100","WL7CG","Alan","Sorum","2015-07-17","",""
"2101","KB3IPY","David","Brown","2015-07-21","",""
"2102","KD4JS","John R","Scholtens","2015-07-21","",""
"2103","KF4FK","Fred C","Keisling","2015-08-01","",""
"2104","N4MAR","Mario","Juestel","2015-08-01","",""
"2105","W8BI","Dayton Amateur Radio Association","","2015-08-05","",""
"2106","KB8UEY","Robert","Lunsford","2015-08-05","",""
"2107","K0AAJ","Ronald E","Foster","2015-08-05","",""
"2108","I3PVE","Gildo","Pavan","2015-08-05","",""
"2109","N0BAD","Richard ","Groby","2015-08-07","",""
"2110","AJ3DI","James","Fisher","2015-08-08","",""
"2111","IZ8GUH","Crisitan","Martorano","2015-08-16","",""
"2112","ON4CGW","Kurt","Heernaert","2015-08-17","",""
"2113","KR3A","Donald E","Kirby","2015-08-20","",""
"2114","M0LMR","Dorothy","Stanley","2015-08-20","",""
"2115","KC5OUR","Valencia County ARC","(Club)","2015-08-22","",""
"2116","KJ6WWM","George","Fish","2015-08-22","",""
"2117","YV1GIY","Carlos Ramon Quinones","Luzardo","2015-08-24","",""
"2118","2E0HPI","Carl","Gorse","2015-08-25","",""
"2119","W1NU","Ryan","Bassette","2015-08-28","",""
"2120","WB6RLC","Gerould Glenn","Morrison","2015-09-05","",""
"2121","W5PTT","Phillip","Stephens","2015-09-08","",""
"2122","KD2FPP","Brian Roth","Brian","2015-09-10","",""
"2123","UR5SAU","Valentin","Shapoval","2015-09-11","",""
"2124","UR5LY","Victor","Borisenko","2015-09-14","",""
"2125","VE1AUZ","Martin","Thomas","2015-09-14","",""
"2126","KW8X","Larry E Harshbarger","Jr","2015-09-16","",""
"2127","KB8BIP","James w.","Atkins","2015-09-21","",""
"2128","ZS6ZA","Etienne","Nieuwoudt","2015-09-22","",""
"2129","VK3ASC","Mark","Withers","2015-09-26","",""
"2130","WB7TLK","Mark","Guenther","2015-10-04","",""
"2131","YB2VMC","Imam","Cahyono","2015-10-04","",""
"2132","N8TUT","Douglas","Marsh","2015-10-11","",""
"2133","M0HYE","Thomas A","Byers","2015-10-17","",""
"2134","N3MLB","Christopher T.","Fuller","2015-10-19","",""
"2135","M0FOX","Paul","Leicester","2015-10-21","",""
"2136","N8RO","Ronald G","Oldham","2015-11-04","",""
"2137","W6LVP","Larry","Plummer","2015-11-08","",""
"2138","KC9UL","Curtis","Gidding","2015-11-11","",""
"2139","N4UQM","Jeff","Johnson","2015-11-13","",""
"2140","WD0CNZ","Don","Newell","2015-11-13","",""
"2141","K0MCI","Kevin","Lemon","2015-11-14","",""
"2142","R7DA","Alexey V","Isajchenko","2015-11-14","",""
"2143","PY1GB","Bruno","Gordo","2015-11-16","",""
"2144","UA0L","Dmitry","Lakhtionov","2015-11-18","",""
"2145","G0MUC","Simon","Markwick","2015-11-19","",""
"2146","VE5AAA","Clayton","Doty","2015-11-26","",""
"2147","F5NMK","Alain","Pirot","2015-11-28","",""
"2148","OK2WMC","Michal","Senovsky","2015-11-30","",""
"2149","MI0ULK","Stephen","Morrow","2015-12-01","",""
"2150","N4KPJ","Ron","Milborne","2015-12-01","",""
"2151","WD9GYM","Martin","Boroff","2015-11-30","",""
"2152","KK6NTL","Stephen","McKaskey","2015-11-29","",""
"2153","WA6ES","Rick","Silva","2015-11-29","",""
"2154","WA8LPI","Gary","Wilke","2015-12-02","",""
"2155","K8AET","Daniel M","Vento","2015-12-05","",""
"2156","ON3CQ","Patrick","Moonen","2015-12-06","",""
"2157","WN8QGV","William J","Skriba","2015-12-09","",""
"2158","NA6AF","Kenneth Robert","Klug","2015-12-10","",""
"2159","VE2OCH","Michel","Desrochers","2015-12-10","",""
"2160","AA4BG","Stephen J","Sweetko","2015-12-10","",""
"2161","EA7AJP","Francisco","del Toro Zamora","2015-12-10","",""
"2162","9A0W","Ivan","Vlasic","2015-12-11","",""
"2163","N6CEK","Charles E.","Kinnear","2015-12-12","",""
"2164","PA3BMC","Jaap","van der Vlies","2015-12-16","2017-05-01","SK"
"2165","KL7QW","David","Meye","2015-12-16","",""
"2166","KD8NV","Randal H","Olds","2015-12-17","",""
"2167","IT9FZX","Leonardo","Bosco","2015-12-19","",""
"2168","W3BRK","Matthew D","Pickering","2015-12-20","",""
"2169","KF7WQP","Greg","Hollister","2015-12-27","",""
"2170","PA3GUW","Wiliam","Kennedy","2015-12-26","",""
"2171","KI4IOV","John","Nettles","2015-12-25","",""
"2172","KD3PC","Dave","Dabay","2015-12-25","",""
"2173","W1HS","Steve","Goldsmith","2015-12-24","",""
"2174","KC9IRL","Dennis R.","Reavis","2015-12-23","",""
"2175","ON6PJ","Jelle","Verhaeghe","2015-12-30","",""
"2176","KK5ID","Larry","Gordon","2015-12-31","",""
"2177","IZ3XNJ","Stefano","Comelli","2015-12-31","",""
"2178","KD9BGY","Steve","Wielgos","2016-01-01","",""
"2179","K9JFB","John","Brady","2016-01-01","",""
"2180","N1DRS","David","Stevens","2016-01-01","",""
"2181","N8BB","Werner","Haschke","2016-01-02","",""
"2182","KW7M","Michael","Wilson","2016-01-01","",""
"2183","KE0GAO","Everett T","Jorgenson","2016-01-02","",""
"2184","VE9ZZ","Fidel","Lavigne","2016-01-02","",""
"2185","N2MKT","Jeffrey","Jensen","2016-01-02","",""
"2186","JR1AQN","Masaaki","Maeda","2016-01-02","",""
"2187","W4NQP","WILLIAM","PREEN","2016-01-02","",""
"2188","AE4GS","Gary","Stephan","2016-01-02","",""
"2189","KM4MK","Robert","Butera","2016-01-02","",""
"2190","W4TTZ","Terry","Davis","2016-01-03","",""
"2191","KN5G","Keith B","Ballow","2016-01-03","",""
"2192","KC5GTS","James Brent","Teal","2016-01-03","",""
"2193","KC1SA","Stephen M.","Allen","2016-01-04","",""
"2194","NN8W","William","Beardslee","2016-01-04","",""
"2195","K3JZD","Jody","Nelis","2016-01-04","",""
"2196","KC1DVT","Walter","Allan","2016-01-05","",""
"2197","KD4AMP","JON","BEAVER","2016-01-05","",""
"2198","KA9VRX","Melvin D","Ziegler","2016-01-05","",""
"2199","WR0N","Ronald W","Westberg","2016-01-10","",""
"2200","SV1JRS","Efstratios","Kyrinas","2016-01-11","",""
"2201","KE0ABA","Tom","Bauer","2016-01-12","",""
"2202","RA9CUU","Valery","Vaganov","2016-01-12","",""
"2203","W7PFB","Paul","Butzi","2016-01-13","",""
"2204","VE2MLS","Marc","Scheffler","2016-01-15","",""
"2205","UA0AV","Serge","Elinsky","2016-01-17","",""
"2206","N4CAX","Michael","Dowse","2016-01-18","2018-09-27","SK"
"2207","W0TMW","Mike","Watson","2016-01-18","",""
"2208","YL3ID","Jurijs","Astasins","2016-01-19","",""
"2209","WG1M","Gerald R Mailly","Jr","2016-01-20","",""
"2210","KC9UJS","Josh","Golladay","2016-01-21","",""
"2211","AI6DO","Ryan","Noguchi","2016-01-22","",""
"2212","F1DSZ","jean","claude","2016-01-25","",""
"2213","KD2HEK","John","Barton","2016-01-27","",""
"2214","N7LUF","Larry","Carbaugh","2016-01-28","",""
"2215","G6PCU","David","Bell","2016-01-28","",""
"2216","KC3EOV","WILLIAM E","SHORT","2016-01-30","",""
"2217","VA3ENF","Enrico","Fala","2016-01-31","",""
"2219","N8FL","Gary A","Thompson","2016-02-01","",""
"2220","RZ4AZ","Dmitry","Medvedev","2016-02-01","",""
"2221","KU4A","Chris","Gay","2016-02-04","",""
"2222","K6RIG","Donald S","Hughes","2016-02-05","",""
"2223","WW6Q","Roy S","Jolly","2016-02-05","",""
"2224","KK5BS","Thomas","Ponder","2016-02-06","",""
"2225","OP4A","Francis","Bauweraerts","2016-02-07","",""
"2226","W4YES","P. Glenn","Norman","2016-02-08","",""
"2227","LU1HVK","Victor Hugo","Ropolo","2016-02-09","",""
"2228","LU1ECO","eduardo U.","cubik","2016-02-09","",""
"2229","7X3WPL","Amateur Radio Club *Sahara DX *","","2016-02-09","",""
"2230","PU2LSB","ALEXANDRE","BERTÃO","2016-02-09","",""
"2231","WY9U","Shane","Karl","2016-02-10","",""
"2232","KA8G","David R.","Terborg","2016-02-10","",""
"2233","W9KHP","Raymond","Edge","2016-02-11","",""
"2234","OK1VK","Slavicek","Pavel","2016-02-12","",""
"2235","W3UAV","Tony","McMonagle","2016-02-11","",""
"2236","OM8CD","Stefan","Milo","2016-02-12","",""
"2237","W1JTS","jon t","shannon","2016-02-13","",""
"2238","KJ4IXG","Michael Lee","Rosen","2016-02-13","",""
"2239","NB8F","Andrew","Holman","2016-02-13","",""
"2240","K5CBS","Cecil B","Stanfield","2016-02-13","",""
"2241","N5SLY","Leland","Sly","2016-02-14","",""
"2242","W9MNM","Mark","Harger","2016-02-15","",""
"2243","AD5FK","Andre","Legendre","2016-02-16","",""
"2244","VA3PCJ","Jose","Campione","2016-02-18","",""
"2245","KC8TVW","Steven L","Stalker","2016-02-20","",""
"2246","NG2Q","MATTHEW","KENT","2016-02-20","",""
"2247","WD0EDO","Glendal","Hartman","2016-02-22","",""
"2248","W4RTT","Randy","TRUE","2016-02-24","",""
"2249","KO0TER","David","Bahan","2016-02-23","",""
"2250","W6DLF","Dave","Flack","2016-02-27","",""
"2251","N5ME","Alfred E Johnson,","Jr","2016-02-28","",""
"2252","RN3Z","Mikhail F.","Midlovets","2016-02-29","",""
"2253","N9MXQ","Eugene","Young","2016-02-29","",""
"2254","K6CZH","Erik","Andreasen","2016-03-02","",""
"2255","WB4OMM","Stephen","Stephen","2016-03-02","",""
"2256","AA2S","William R","Michalson","2016-03-05","",""
"2257","NR5Z","Murray James","Hunzelman","2016-03-05","",""
"2258","M3NMQ","Ian","Wooller","2016-03-06","",""
"2259","WR0H","William","Harrington","2016-03-06","",""
"2260","K4RJD","Richard J","Drexel","2016-03-09","",""
"2261","2E0DKH","David","Martin","2016-03-09","",""
"2262","K1YPP","Dennis","Blanchard","2016-03-14","",""
"2263","LW1DXH","JULIO OSCAR","HAMID","2016-03-15","",""
"2264","IU0GJB","Pietro","Rossi","2016-03-18","",""
"2265","KC0TRK","James","Griffin","2016-03-18","",""
"2266","K4LAW","Seth","Craine","2016-03-20","",""
"2267","WJ4HCP","Charles C White","Jr","2016-03-19","",""
"2268","W2XYZ","Frank","Wroblewski","2016-03-19","",""
"2269","W2WQU","Glenn C.","McCoy","2016-03-20","",""
"2270","W5TZX","Gerard","DuCote","2016-03-20","",""
"2271","K4RML","Ricky M","Lowery","2016-03-20","",""
"2272","PD2ATG","Andre","Hulsbergen","2016-03-20","",""
"2273","K7ADD","Bengt-Erik","Norum","2016-03-20","",""
"2274","KA2GQQ","DAVID","KENNEDY","2016-03-20","",""
"2275","KD5OSN","Kirk","Binning","2016-03-20","",""
"2276","W4GOK","Stephen P","Wiggins","2016-03-20","",""
"2277","N4ACK","Lyle","Piner","2016-03-20","",""
"2278","K8TRL","Tim","Lanese","2016-03-20","",""
"2279","VE4RK","Richard","King","2016-03-20","",""
"2280","W3JCB","John Charles","Boyer","2016-03-21","",""
"2281","EI4GZB","PETER","TAITE","2016-03-21","",""
"2283","KG1GEM","Timothy R","Elwell","2016-03-23","",""
"2284","W8YIH","Sylvester","Kaleja","2016-03-23","",""
"2285","KI4EEY","Gene","Harlin","2016-03-23","",""
"2286","WX4SNO","Anthony","Phillips","2016-03-23","",""
"2287","WA3FRQ","John","Dwyer","2016-03-23","",""
"2288","KM4PDM","Robert","Simpson","2016-03-26","",""
"2289","KC4SIT","Ernie","Hollingsworth","2016-03-30","2019-07-17","SK"
"2290","AB4GR","Don L","Williams","2016-03-30","",""
"2291","W3TW","Thomas","Was","2016-04-02","",""
"2292","VU2DED","AJAYA","GUPTA","2016-04-05","",""
"2293","WA2ZFO","Andre","DiMino","2016-04-05","",""
"2294","3Z9K","Zygmunt","Musiala","2016-04-06","",""
"2295","W1ARY","Marcel","VASILE","2016-04-06","",""
"2296","WF9M","Charles W","Hayes","2016-04-07","",""
"2297","VU2IBI","PRAKASH","SRINIVASAN","2016-04-08","",""
"2298","VA2MO","eric","wouters","2016-04-09","",""
"2299","KQ9P","Michael R.","McPherson","2016-04-09","",""
"2300","N7LVS","Allen","Watson","2016-04-09","",""
"2301","VA3FLF","Stephen Jerome","Riddle","2016-04-09","",""
"2302","N7MJS","Matthew","Stewart","2016-04-09","",""
"2303","N4JRP","John R.","Phillips","2016-04-10","",""
"2304","PY3TO","Rudinei Pinho","Krolow","2016-04-10","",""
"2305","K5SSL","Terry","Clay","2016-04-11","",""
"2306","KE7AV","Douglas G","Matthies","2016-04-11","",""
"2307","KA8WMF","Lewis (Mike)","Yakopec","2016-04-14","",""
"2308","KD0MOA","John C.","Malone","2016-04-17","",""
"2309","K9QJS","James K","Hooper","2016-04-17","",""
"2310","WB2YJS","Michael","Tarnowsky","2016-04-18","",""
"2311","AK4CJ","Timothy","Ramey","2016-04-23","",""
"2312","KM4SLW","Stephen L","Wilkes","2016-04-24","",""
"2313","W9BQO","James C","Brantley","2016-04-28","",""
"2314","AK7DB","David","Blankenburg","2016-04-29","",""
"2315","N4BUA","Richard R.","Stephens","2016-05-01","",""
"2316","KM4TFM","Roger A","Hart","2016-05-06","",""
"2317","K5SPJ","Sidney Paul Johnson","Johnson","2016-05-08","",""
"2318","KW4CR","John","LeVous","2016-05-11","",""
"2319","SV9RGI","GIANNIS","KALOURIS","2016-05-15","",""
"2320","YV5OIE","Antonio","Goncalves","2016-05-17","",""
"2321","KM4PJJ","Marvin","Williams","2016-05-17","",""
"2322","A65DF","JAYANARAYANAN","JAYANARAYANAN","2016-05-20","",""
"2323","R7KKO","Aleksandr","Simonov","2016-05-21","",""
"2324","VE2UGO","Hugo","Loranger","2016-05-21","",""
"2325","EA4TD","Oscar del Nogal ","Nogal","2016-05-24","",""
"2326","KA1AL","Al","Hambidge","2016-05-26","",""
"2327","KD8UWF","Jerry","Crabtree","2016-05-26","",""
"2328","WB8YXF","Fr Richard","Reed","2016-05-26","",""
"2329","N7CGD","Chris","Duncan","2016-05-27","",""
"2330","N5UGA","Roger","Weldon","2016-05-27","",""
"2331","N2EIM","Robert","Cardone","2016-05-27","",""
"2332","VE5RC","Ian Bruce","Rattray","2016-05-27","2016-06-17","SK"
"2333","K7AAO","Kenneth","Lougee","2016-05-27","",""
"2334","N1GB","George","Blakeslee","2016-05-27","",""
"2335","N7TNG","Todd N","George","2016-05-28","",""
"2336","W8LMG","Lionel M Gray","Jr","2016-05-28","",""
"2337","VO1IRA","Ira","Stacey","2016-05-28","",""
"2338","AD0QI","Daniel D.","Kebert","2016-05-28","",""
"2339","KS0E","Alex","Acerra","2016-05-28","",""
"2340","N8CFM","David H.","Held","2016-05-28","",""
"2341","W4YPW","Fredric","Dillon","2016-05-28","",""
"2342","W0AP","Craig R","Schmidt","2016-05-28","",""
"2343","AE6MO","Michael Kevin","Oliver","2016-05-28","",""
"2344","KP4DQC","Andres","Vazquez","2016-05-28","",""
"2345","KZ7ZUL","Wes","Segni","2016-05-28","",""
"2346","N0LLH","Gregory W","Geyer","2016-05-28","",""
"2347","K4ARE","Lewis","Karriker","2016-05-28","",""
"2348","KG4OPX","Robert","Erikson","2016-05-29","",""
"2349","AK5CT","William Curtis","Tate","2016-05-29","",""
"2350","KB8LFA","Jeremy","Cowgar","2016-05-29","",""
"2351","W9FTV","John","Weekley","2016-05-29","",""
"2352","KB2GCG","Jerry","Simonowits","2016-05-29","",""
"2353","KC1AJT","PATRICK","PRESCOTT","2016-05-29","",""
"2354","PD1SA","Bert","Snijders","2016-05-29","",""
"2355","KZ9V","David A.","White","2016-05-30","",""
"2356","EI8EJB","Brian","Whelan","2016-05-30","",""
"2357","WA5P","Chris","Hollahan","2016-05-30","",""
"2358","AJ2G","Joshua","Chase","2016-05-30","",""
"2359","WD9EQD","Billy","Hemphill","2016-05-31","",""
"2360","PY2EMI","Renato","Strauss","2016-06-01","",""
"2361","N8MAS","Mark","Stevens","2016-06-01","",""
"2362","KC0TJK","Stephen A","Mitchell","2016-06-02","",""
"2363","VE9FX","Lin","Titus","2016-06-05","2017-07-27","SK"
"2364","SP6DRT","Maciej","Juzwin","2016-06-05","",""
"2365","ON6SAT","Berto","Willems","2016-06-05","",""
"2366","KB1HNZ","Timothy","Watson","2016-06-05","",""
"2367","ZF1DM","Daniel","MCILHAGGA","2016-06-06","",""
"2368","KG5BQQ","Jon August","Brenner","2016-06-06","",""
"2369","AC2OC","Jerzy","Samojlik","2016-06-07","",""
"2370","SP4TXI","Marek","Otolinski","2016-06-09","",""
"2371","YV6CR","Cesar","Ramirez","2016-06-13","",""
"2372","LU2DD","Daniel Alfredo","Dours","2016-06-13","",""
"2373","N8RJP","Pocklington","Pocklington","2016-06-13","",""
"2374","WW8O","Gary","Stephenson","2016-06-18","",""
"2375","AE8D","James M","Rupprecht","2016-06-19","",""
"2376","K2EEF","Wade","Johnston","2016-06-21","",""
"2377","UT5QBC","Yurii","Lubenets","2016-06-22","",""
"2378","KE8B","Ronald E.","Balaze","2016-06-22","",""
"2379","JN3IWE","KAZUO","FUKUYAMA","2016-06-24","",""
"2380","N4KP","Frank","Charpiat","2016-06-30","",""
"2381","YB1HDR","Hendra","Rachmat","2016-07-01","",""
"2382","W8MSC","Mike","Case","2016-07-01","",""
"2383","W3ATT","Brian A.","Downs","2016-07-03","",""
"2384","KC2LM","Edward","Poccia","2016-07-03","",""
"2385","KC1BOS","Jonathan","Wilson","2016-07-04","",""
"2386","KI8DU","Roger","McCormick","2016-07-05","",""
"2387","KD4PK","Robert","Kribel","2016-07-07","",""
"2388","K8SEM","Stephen E.","Moreland","2016-07-09","",""
"2389","AC8WS","Joel S","Retholtz","2016-07-18","",""
"2390","K6TB","Thomas","Brough","2016-07-18","",""
"2391","IT9GJK","giuseppe","russo","2016-07-19","",""
"2392","AI6NT","Henry","So","2016-07-20","",""
"2393","WY4O","James","Mundy","2016-07-20","",""
"2394","KB0PGI","Doug","Tracy","2016-07-21","",""
"2395","NC3U","Salvatore","Marandola","2016-07-26","",""
"2397","ZS4JAN","Jan","Botha","2016-07-31","",""
"2398","KE5ISO","James Albert","McDaniel","2016-07-31","",""
"2399","IW2IBG","CRISTIANO ANGELO LUIGI","CROTTI","2016-08-01","",""
"2400","WB4SNU","Larry","Haas","2016-08-03","",""
"2401","PU4MHO","Mauricio","Oliveira","2016-08-04","",""
"2402","NI6V","Matthew","Redding","2016-08-04","",""
"2403","KJ4KVC","Chuck P","Talley","2016-08-08","",""
"2404","AA4OG","WALTER L","MACON","2016-08-10","",""
"2405","IZ0KBA","Lorenzo","Chicca","2016-08-10","",""
"2406","WC3T","Richard A","Hurd","2016-08-11","",""
"2407","K3BTR","Bret","thompson","2016-08-12","2016-11-04","SK"
"2408","K3ABE","William","Snyder","2016-08-14","",""
"2409","EW6FW","SERGEJ","GRUNTOV","2016-08-18","",""
"2410","N2GSL","Edward","Conway","2016-08-21","",""
"2411","AE0IB","Scott","Meador","2016-08-22","",""
"2412","M0AUI","Roger","Moore","2016-08-25","",""
"2413","K9POL","Slav","Czelusniak","2016-08-26","",""
"2414","IZ8UYT","SANDRO","CINQUEGRANA","2016-08-28","",""
"2415","KE0GHU","Michael W","Laney","2016-08-30","",""
"2416","W5DTX","Kenneth","Morrow","2016-08-31","",""
"2417","K5ATG","Aaron","Scott","2016-08-31","",""
"2418","KE0FDX","Michael","Nesbihal","2016-09-08","",""
"2419","KC6NAT","Tim","Kennelly","2016-09-11","",""
"2420","W0LQ","Stan","Joslin","2016-09-11","",""
"2421","KM4TVS","Marc","Novell","2016-09-14","",""
"2422","WE2LEW","Lewis","Ellwanger","2016-09-19","",""
"2423","W7AII","Gerald","Earl","2016-09-23","",""
"2424","K7NWF","Norman W.","Fasoletos","2016-09-25","",""
"2425","KI4P","Richard","Wright","2016-09-27","",""
"2426","AC5OY","Jesse","Heiman","2016-10-01","",""
"2427","KK4ODQ","Nick","Clevenger","2016-10-03","",""
"2428","SN6P","MAREK  ","KOWALSKI","2016-10-03","",""
"2429","HB9FVL","Ivan","Geeninckx","2016-10-04","",""
"2430","AC0DX","Jeremy","Widner","2016-10-14","",""
"2431","N5AYB","Rene' C.","Ferrell","2016-10-20","",""
"2432","IK2UVR","Pier Luigi","Anzini","2016-10-22","",""
"2433","AB5XS","James P","Davis","2016-10-29","",""
"2434","KO4FD","W. FRANK","DIVINIE","2016-10-30","",""
"2435","K4BXR","Ted A","Mendenhall","2016-11-01","",""
"2436","ER2OZ","Sergey","Tokar","2016-11-01","",""
"2437","K5VPN","Victor Paul","Nichols","2016-11-07","",""
"2438","YV3BAR","LUIS","TRABUCCO","2016-11-07","",""
"2439","EA1IQM","ALBERTO VARELA","LAGE","2016-11-15","",""
"2440","UA1ZFG","Vadim","Samorodov","2016-11-15","",""
"2441","K4EET","Rev. David E.","Hamm","2016-11-15","",""
"2442","KA7X","William L","Larimore","2016-11-18","",""
"2443","KB0LCO","Lawrence Alan","Lake","2016-11-19","",""
"2444","KA5PFB","Kevin","Beatty","2016-11-21","",""
"2445","KC3HMY","Phillip Kent","Knight","2016-11-22","",""
"2446","KE8EYQ","Timothy","Tansey","2016-11-24","",""
"2447","W0CD","James","Atkinson","2016-11-25","",""
"2448","YO9IOE","MANOLE","OCTAVIAN","2016-11-25","",""
"2449","KW4LV","Mark V","Franks","2016-11-30","",""
"2450","WA3YNW","William Majors","JR","2016-12-01","",""
"2451","KJ4UDD","Neal","Miller","2016-12-03","",""
"2452","N0RSN","Robert","Nichol","2016-12-03","",""
"2453","IK2HTY","Roberto","Roberti","2016-12-07","",""
"2454","PU2RTO","ROBERTO CORREIA","JUNIOR","2016-12-11","",""
"2455","KG7OMM","Dean C.","Blackburn","2016-12-11","",""
"2456","NP3F","RAFAEL ORTIZ","SANCHEZ","2016-12-12","",""
"2457","RA6AVP","SERGEY","STARENCHENKO","2016-12-16","",""
"2458","AG5AZ","Dan F.","Barnes","2016-12-17","",""
"2459","KJ0DY","Jody","Carter","2016-12-24","",""
"2460","WA5M","Brian E","Belcher","2016-12-23","",""
"2461","AE4TG","George E","Troxell","2016-12-18","",""
"2462","UT0FC","Sergii","Shevchuk","2016-12-18","",""
"2463","KJ7V","Roger","Chamberlain","2016-12-18","",""
"2464","PP5XA","ANDERSON","XAVIER","2017-01-01","",""
"2465","R3IBT","PAVEL","MOLODOV","2017-01-05","",""
"2466","AE3J","William G Begley","SR","2017-01-06","",""
"2467","W3LSW","Glenn","Seiler","2017-01-07","",""
"2468","KU4H","Frank Russell","Fletcher","2017-01-07","",""
"2469","VE2NCG","Nicolas","Gagnon","2017-01-07","",""
"2470","K2WJ","John","Hults","2017-01-07","",""
"2471","AF7NX","Gary","Rondeau","2017-01-08","",""
"2472","K8ULT","Greg","Krashoc","2017-01-08","",""
"2473","N3CKI","David","Sippel","2017-01-09","",""
"2474","KC8MUE","Robert William Bush","II","2017-01-10","",""
"2475","M6ENP","kevin john","matthews","2017-01-10","",""
"2476","WZ5TM","Timothy","Monk","2017-01-11","",""
"2477","W0SKM","Steve","Martell","2017-01-14","",""
"2478","K4KGM","Kevin","Medlin","2017-01-14","",""
"2479","K0SZ","Darren","Johnson","2017-01-14","",""
"2480","N1NZL","Bill Scherr","Scherr","2017-01-15","",""
"2481","OD5SK","SAMIR","KHAYAT","2017-01-19","",""
"2483","EA7FMT","Nicolas Rebollo","Camacho","2017-01-24","",""
"2484","KK6KMU","Robert","Motyl","2017-01-25","",""
"2485","VE7KCY","Kosta","Arvanitis","2017-01-31","",""
"2486","W1HMM","Harry ","Mueller","2017-02-04","",""
"2487","KG5KRZ","Joseph Todd","Cook","2017-02-06","",""
"2488","KE0LFX","Jeremy B","Chase","2017-02-06","",""
"2489","N8AWR","Adam Michael","Rezac","2017-02-08","",""
"2490","IK8IOO","Giovanni","Marciano'","2017-02-09","",""
"2491","KF5WVJ","Richard W","Chambers","2017-02-09","",""
"2493","VE3NLW","Norman L.","Woram","2017-02-24","",""
"2494","KC2VAW","Joel","Fiske","2017-02-28","",""
"2495","N8SJS","Randy","Rippel","2017-03-04","",""
"2496","KE1R","Thomas W.","Brooks","2017-03-09","",""
"2497","AA4JQ","James","Quinby","2017-03-13","",""
"2498","K2EDW","Edwin","Weider","2017-03-14","",""
"2499","KD8NJY","DAVID EDWARD","McCANNA","2017-03-18","",""
"2500","KG7KPO","Joshua","Belanger","2017-03-18","",""
"2501","N2BRD","Steven","Burdick","2017-03-19","",""
"2502","WA3JMV","Stanley","Friedman","2017-03-19","",""
"2503","KY4RPH","michael","daniels","2017-03-19","",""
"2504","W4JWC","Gerald","Conner","2017-03-22","",""
"2505","AB2EZ","Stewart","Personick","2017-03-26","",""
"2506","AG7AG","John L","Hoskins","2017-03-26","",""
"2507","KB4S","John Michael","Parker","2017-03-27","",""
"2508","K9FAA","Fred A Ament","III","2017-03-27","",""
"2509","M0FLF","Craig","Wilson","2017-03-31","",""
"2510","WV3S","Peter","Hiltz","2017-03-31","",""
"2511","G0LUB","Tony","Nicholls","2017-03-31","",""
"2512","YV6GM","GERARDO","MADURO","2017-04-04","",""
"2513","W1XI","Brad","Garber","2017-04-05","",""
"2514","G7OBS","Mike","Simkins","2017-04-08","",""
"2515","KE0KAC","Mike","Ward","2017-04-10","",""
"2516","K2EXE","Mark","Scrano","2017-04-11","",""
"2517","AK4NY","Tom","Spencer","2017-04-13","",""
"2518","K7DWI","Art","Jackson","2017-05-01","",""
"2519","IU2DMI","Daniele","Missaglia","2017-05-10","",""
"2520","KM4JGC","Dallas","Epperson","2017-05-12","",""
"2521","XE2EX","Javier Sandoval","Rivera","2017-05-13","",""
"2522","CO2DSE","Boris Luis Rodriguez","Perez","2017-05-22","",""
"2523","CM3EFM","Edibel Frias","Mesa","2017-05-24","",""
"2524","CO5LB","Luis Miguel Busto","Carmona","2017-05-24","",""
"2525","SP4LVK","Zbig","Harasimczuk","2017-05-25","",""
"2526","KB0VFT","Terry","Kortness","2017-05-26","",""
"2527","KD9ERS","Matthew","Behnke","2017-05-26","",""
"2528","KS3O","Scott Robert","Sauvageot","2017-05-27","",""
"2529","K6VXI","JOHN L.","MOLINARI","2017-05-27","",""
"2530","AD9H","Ronald L","Lome","2017-05-27","",""
"2531","W4PPC","Stephen","Duncheskie","2017-05-27","",""
"2532","AG6OX","Thomas R.","Owens","2017-05-28","",""
"2533","N8GOU","John","Frederick","2017-05-28","",""
"2534","KM4VKY","Robert","Dallons","2017-05-28","",""
"2535","N0LNK","Brian S.","Farleigh","2017-05-30","",""
"2536","KJ4LQX","Marty","Grove","2017-05-30","",""
"2537","WM6L","Dwight Richard","Smith","2017-05-30","",""
"2538","N4LDF","Robert W","Borgmann","2017-05-31","",""
"2539","KN6Q","Thomas William","Kisner","2017-06-01","",""
"2540","W3BUG","John Scott","Huber","2017-06-02","",""
"2541","IU0ICA","Mauro","Coletti","2017-06-05","",""
"2542","KI4VMK","Charles C.","Odom","2017-06-06","",""
"2543","OK1URO","Milan","Bajer","2017-06-08","",""
"2544","KB9VK","John F.","Megee","2017-06-11","",""
"2545","KM4NOW","Daniel","Faulkner","2017-06-11","",""
"2546","WA4TMJ","Art","Sanderson","2017-06-15","",""
"2547","N8XE","Jason","Hissong","2017-06-19","",""
"2548","KM4VHI","Bruce W.","Cory","2017-06-20","",""
"2549","KA2YRA","Steve","Rosman","2017-06-26","",""
"2550","W7JHR","James","James","2017-06-27","",""
"2551","NO7E","Christopher J","LaRue","2017-06-29","",""
"2552","W5MMW","Matthew","Manjos","2017-06-29","",""
"2553","K9EXY","J. RICHARD","JACKSON","2017-06-30","",""
"2554","G4GVB","Alan","Floyd","2017-07-01","",""
"2555","K3NP","Andrew E","Craig","2017-07-02","",""
"2556","WA5TRL","Scott","Goddard","2017-07-07","",""
"2557","WA5CAM","Stan","Owens","2017-07-16","",""
"2558","YC6JRT","Ridha","Taufik","2017-07-19","",""
"2559","N5BMD","Herman","Fuselier","2017-07-29","",""
"2560","KC9CLO","Chris L","Owen","2017-08-03","",""
"2561","AC8CB","Gary C","Bowman","2017-08-06","",""
"2562","OK1PSI","Michal","Musilek","2017-08-08","",""
"2563","K4THB","Tommy Harland","Broom","2017-08-11","",""
"2564","CO5MK","MAYKEL ALEXANDER SANFIEL","MIRANDA","2017-08-11","",""
"2565","AD7QC","John I.","Thomas","2017-08-17","",""
"2566","KC3FL","John F.","Marks","2017-08-21","",""
"2567","YB3MM","Adhi","Widodo","2017-08-23","",""
"2568","KG5THG","Gary","Skinner","2017-08-24","",""
"2569","W6BSD","Fred","Cirera","2017-08-28","",""
"2570","W5KHZ","Jim","Edmondson","2017-09-03","",""
"2571","NU1G","Nelson R","Lesmerises","2017-09-03","",""
"2572","N8LIS","Keith Allen","Moore","2017-09-05","",""
"2573","CM2RSV","Julio Cesar Garcia","Canales","2017-10-15","",""
"2574","AC8SW","Theodore H. Fisher","II","2017-11-01","",""
"2575","W6IPA","Jean Christophe","Martin","2017-11-12","",""
"2576","ZS1ALJ","Hans","Potgieter","2017-11-16","",""
"2577","K3RTK","RICK T","KING","2017-11-20","",""
"2578","VE2NGO","Nicholas","Gosselin","2017-11-21","",""
"2579","K2MFW","Matthew","Wilson","2017-11-27","",""
"2580","K1JWJ","Jeffrey","Johnston","2017-11-29","",""
"2581","W8VYM","John M","Fickler","2017-12-07","",""
"2582","K4STM","Scott T.","Morgan","2017-12-08","",""
"2583","KW7U","Allan","York","2017-12-09","",""
"2584","K2OZZ","RONALD","TELFORD","2017-12-16","",""
"2585","N0YCY","William F.","Ault","2017-12-25","",""
"2586","KC8ROA","Carl","Dennin","2017-12-26","",""
"2587","K9CEW","Craig","Worrick","2018-01-01","",""
"2588","VE2PI","Michel","Graveline","2018-01-02","",""
"2589","KC3GSV","Charles","W.Maas","2018-01-06","",""
"2590","KE4PWE","PHIL","ROYCE","2018-01-06","",""
"2591","KA4TLC","Richard L","Martin","2018-01-06","",""
"2592","N5PTA","John","Hendry","2018-01-07","",""
"2593","KW2B","Daryl M.","Hinz","2018-01-06","",""
"2594","N3UBI","Colin B.","Wiseman","2018-01-16","",""
"2595","KK5UG","Michael Obed","Mathis","2018-01-17","",""
"2596","K8RLE","Ray","Ettinger","2018-01-18","",""
"2597","WS8G","Richard","Allnutt","2018-02-06","",""
"2598","W9ICK","Robert","Frick","2018-02-09","",""
"2599","AC0A","William G.","Freeland","2018-02-12","",""
"2600","K3IRV","Irving","McWherter","2018-02-13","",""
"2601","WB4OSU","Sherri","Rapp","2018-02-18","",""
"2602","W5NWT","Paul","Meyers","2018-02-19","",""
"2603","N4TIZ","Byron","Watson","2018-03-06","",""
"2604","AI4FR","John","Whitt","2018-03-09","",""
"2605","KE1AF","ABEL","DASILVA","2018-03-14","",""
"2606","XE3A","Pablo Marfil","Alcocer","2018-03-16","",""
"2607","K6RKY","MICHAEL","LARSON","2018-03-17","",""
"2608","KE0EVO","Daniel","Olgren","2018-03-17","",""
"2609","K6NIA","David G","Conroy","2018-03-18","",""
"2610","WA2AAR","Ronald R","Adamkewicz","2018-03-23","",""
"2611","WA4YIZ","James S","Crisco II","2018-03-25","",""
"2612","K0PIR","Richard","Donahue","2018-03-26","",""
"2613","N0WVU","Thomas","Denny","2018-03-28","",""
"2614","N1AV","Jason","Baack","2018-03-28","",""
"2615","KM8V","Jon","Anhold","2018-03-29","",""
"2616","N7NAD","Christi","Feldewerth","2018-03-29","",""
"2617","AC7FF","Dave","Martin","2018-03-30","",""
"2618","KD6TR","Thomas","Ryan","2018-04-04","",""
"2619","GM3MZX","Mario","Pedreschi","2018-04-07","",""
"2620","KB9RPS","Charles","McCracken","2018-04-11","",""
"2621","XE1HON","Manuel","Higareda","2018-04-13","",""
"2622","WE4SEL","Byron N","Morgan","2018-04-14","",""
"2623","KC7RSL","R Scott","Laurent","2018-04-14","",""
"2624","WE4RIC","Ric","Hylton","2018-04-29","",""
"2625","N4AHO","Douglas R","Patterson","2018-05-06","",""
"2626","KI5WA","HORACE GIBSON","HINSON","2018-05-08","",""
"2627","N4ZCG","Fred B","Deem III","2018-05-20","",""
"2628","N5YYF","Jesse","Gilbert","2018-05-24","",""
"2629","NN9K","Peter","Beedlow","2018-05-28","",""
"2630","KG5RMJ","Willard L","Maier","2018-05-29","",""
"2631","W3AF","Robert H","Uiterwyk","2018-06-01","",""
"2632","WZ0M","Evan ""Leon""","Hopkins","2018-06-01","",""
"2633","NC3O","John L","Himes","2018-06-01","",""
"2634","K8SD","Barry","Arneson","2018-06-02","",""
"2635","AB1LF","Brent G","DeWitt","2018-06-02","",""
"2636","K4JKB","Joseph K","Bales","2018-06-02","",""
"2637","N4JAW","James A","Williams Jr","2018-06-03","",""
"2638","AA3YT","Daniel","Mignogna","2018-06-04","2019-08-05","SK"
"2639","W6HMT","Charles","Ferrill","2018-06-09","",""
"2640","KM4RTP","James S.","Roberts","2018-06-11","",""
"2641","K4GBB","Charles S.","Schuman","2018-06-13","",""
"2642","W1GOV","Ronald A","Gove","2018-06-17","",""
"2643","WA4AAV","Edward R","Paris","2018-06-30","",""
"2644","W8CON","Raymond A","Conn","2018-07-04","",""
"2645","K5KHK","Karl Heinz","Kremer","2018-07-10","",""
"2646","W4DMK","Daniel","Kennedy","2018-07-12","",""
"2647","KM4OJV","Edward L.","Avery","2018-07-14","",""
"2648","KC0RZP","Bradley D","McDowell","2018-07-17","",""
"2649","AD4Y","Robert W. ","Peterson Jr.","2018-07-28","",""
"2650","K5AEB","Ann","Bruun","2018-08-12","",""
"2651","K3CNH","Clay","Spurrier","2018-08-16","",""
"2652","N4CPQ","Joseph","Volkel","2018-08-18","",""
"2653","W4BZM","Michael Ray","Behr","2018-09-04","",""
"2654","W1SMC","Steven","Campisano","2018-09-22","",""
"2655","DH5MM","Thomas","Krueger","2018-10-07","",""
"2656","ZP5DNB","Angel Danilo Brun","Tellez","2018-11-01","",""
"2657","KE9CK","Robert l.","Robinson","2018-11-18","",""
"2658","VE3RXO","Clifford","Blakely","2018-11-25","",""
"2659","N6PE","Richard","Darwicki","2018-12-06","",""
"2660","W0BNE","Tom","Harshbarger","2018-12-08","",""
"2661","KC3HRS","Francisco","Rodriquez","2018-12-20","",""
"2662","KI7OIY","Richard","Sterling","2018-12-29","",""
"2663","AF4K","Bry","Carling","2018-12-30","",""
"2664","VK6YTS","Jason","Yates","2019-01-04","",""
"2665","KR4GM","Timothy","Zulla","2019-01-05","",""
"2666","KZ9HMR","Harold M.","Ruttinger","2019-01-16","",""
"2667","W9BLF","Bryan L.","Frank","2019-01-18","",""
"2668","KT5CT","Curt","Karnstedt","2019-01-20","",""
"2669","W9GOO","John E","Chalmers","2019-01-20","",""
"2670","KT5WB","Matthew","Blauser","2019-01-21","",""
"2671","NR9F","Allen","Viduka","2019-01-21","",""
"2672","N4QNF","William A.","Frieder","2019-01-22","",""
"2673","AI4WW","Dan","Vasilca","2019-02-03","",""
"2674","KA1ULN","Niece","Haynes","2019-02-03","",""
"2675","NA6NA","Garry","Cannon","2019-02-03","",""
"2676","W9RLL","Ronald","Larson","2019-02-06","",""
"2677","W4NKL","Keith","Lunsford","2019-02-07","",""
"2678","KX4JC","Donald R.","Maxwell","2019-03-11","",""
"2679","KE8JNU","Danielle A","Edgington","2019-03-13","",""
"2680","G7SYW","Roger","Brown","2019-04-02","",""
"2681","N7ESU","James","Monroe","2019-04-05","",""
"2682","AB9AX","Kyle M.","Ruesch","2019-04-08","",""
"2683","KG5GJT","Brian D,","Karcher","2019-04-09","",""
"2684","W0CBF","CHUCK","FREEMAN","2019-04-11","",""
"2685","CO2QU","NARCISO","IZQUIERDO","2019-05-17","",""
"2686","ON6AT","Patrick","Elyn","2019-05-19","",""
"2687","WS1ETI","David M","Ocame","2019-05-21","",""
"2688","N2CSA","Frederick (Bill)","Cole","2019-05-26","",""
"2689","WD5FVQ","Charles R","Shook","2019-05-30","",""
"2690","KM4ODS","George M","Davenport","2019-05-31","",""
"2691","K5RWG","Richard","Gatchell","2019-05-31","",""
"2692","YV4YY","Fernando","Davila","2019-06-02","",""
"2693","N8TCP","Roger","Boehnlein","2019-06-07","",""
"2694","KC0VEP","Christopher","Lathrop","2019-06-08","",""
"2695","AD8FX","James W","Haworth","2019-06-16","",""
"2696","KM4WII","Tim","Scott","2019-06-24","",""
"2697","WA1FFT","Raymond Allen","Irwin","2019-07-17","",""
"2698","KC3DNG","Thomas X. Grasso,","Jr.","2019-07-20","",""
"2699","KD9ADB","Daniel","Campos","2019-07-26","",""
"2700","VE9BGC","Bernard","Cormier","2019-08-04","",""
"2701","W3GWM","George W","Miller","2019-08-04","",""
"2702","K0FE","James","Robinson","2019-08-14","",""
"2703","KD2QAK","Robert L.","Haan","2019-08-17","",""
"2704","WC4T","Keith M.","Kacmar","2019-09-15","",""
"2705","W5UOT","Robert","Young","2019-09-17","",""
"2706","KK4OVW","Randy","Ruemler","2019-09-22","",""
"2707","AC8NM","Richard","Potts","2019-10-12","",""
"2708","WB2KQG","Vinny Del","Giudice","2019-10-15","",""
"2709","KE0CQB","Vinson R","Nichols","2019-10-29","",""
"2710","KZ1O","David","Bushong","2019-11-05","",""
"2711","KI0HZ","James","Turner","2019-11-28","",""
"2712","VA3TTB","Charles Randal","Smith","2019-12-01","",""
"2713","K0CYA","Joel A","Fowler","2019-12-10","",""
"2714","K8AEF","MATHEW","ASHER","2019-12-11","",""
"2715","WB5K","Jay S","Rawot","2019-12-15","",""
"2716","K1KL","Kevin","Lyons","2019-12-16","",""
"2717","YO4BEW","STEFAN","CALIN","2019-12-18","",""
"2718","K4MVM","Michael","Moore","2019-12-18","",""
"2719","KC0QNB","Ryan","Trullinger","2019-12-29","",""
"2720","W7OXB","Tom","Means","2019-12-30","",""
"2721","K8RGI","Robert J.","Robbins","2019-12-31","",""
"2722","N3XL","William H","Smith","2019-12-31","",""
"2723","N1UKX","Mr. Lauri David","Lundgren","2020-01-03","",""
"2724","N3BXZ","Alfred","Jackson","2020-01-05","",""
"2725","KJ7EP","Wayne","Salsbery","2020-01-06","",""
"2726","NX1Q","Don","Silva","2020-01-12","",""
"2727","K4VBM","Robert G. Hensey","Jr.","2020-01-12","",""
"2728","W4LID","Cyrus F. Anderson","Jr.","2020-01-13","",""
"2729","N0STN","Thomas","Paskach","2020-01-21","",""
"2730","W0CI","Jerry","Remhof","2020-01-26","",""
"2731","N7WEJ","Steven R","Secrest","2020-02-02","",""
"2732","WR5E","Jeffrey J","Lambert","2020-02-14","",""
"2733","KC4UPR","Robert","French","2020-02-17","",""
"2734","K8LEN","Patrick","O'brien","2020-02-26","",""
"2735","N4UCU","Gary","Rogers","2020-03-10","",""
"2736","KE8JNT","Cynthia","Edgington","2020-03-26","",""
"2737","AK3B","Christopher","Madairy","2020-03-31","",""
"2738","NI8Z","Gary","Dewey","2020-04-01","",""
"2739","N8GU","Robert","Lewis","2020-04-02","",""
"2740","KQ3K","Elbert W.","Wilkinson","2020-04-02","",""
"2741","WA4RXK","Robert","Burns","2020-04-03","",""
"2742","K8MAR","Mark A.","Rust","2020-04-03","",""
"2743","W5OTR","Christopher","Leslie","2020-04-04","",""
"2744","K1DCT","David","Thackston","2020-04-04","",""
"2745","KM6KIZ","Tim","Castagnola","2020-04-05","",""
"2746","KD9DVB","Charles","Mertes","2020-04-08","",""
"2747","NO1ZE","Michael","Igo","2020-04-13","",""
"2748","K4SAA","Charles R.","Jones","2020-04-13","",""
"2749","KE0JBT","Malcolm","Heard","2020-04-17","",""
"2750","K8PVH","Philip","Van Huis","2020-04-23","",""
"2751","SV2CXW","George","Pipelius","2020-05-04","",""
"2752","KM4UDX","Don ","Taylor","2020-05-07","",""
"2753","WB2VLM","Paul","Rokoff","2020-05-08","",""
"2754","WX2DX","William E.","Smith","2020-05-09","",""
"2755","WB6ZZY","Jimmy","Freeman","2020-05-10","",""
"2756","AB9BZ","Dave","Kukulka","2020-05-20","",""
"2757","AD8FD","Brian","Bathe","2020-05-24","",""
"2758","W4GHV","Ambrose","Barry","2020-05-25","",""
"2759","KG4OWE","Michael","Delaney","2020-05-25","",""
"2760","K8ARY","Jim","Plummer","2020-05-28","",""
"2761","KK9W","Jon","Benignus","2020-05-29","",""
"2762","NZ1I","Kevin","Gilot","2020-05-29","",""
"2763","VU2EOJ","Suresh","Varma","2020-05-29","",""
"2764","W0JSL","Jim","Little","2020-05-29","",""
"2765","VA2SIB","Sebastien","Ruel","2020-05-30","",""
"2766","KG6T","Kenneth","Gourley","2020-05-31","",""
"2767","AG6AG","Stuart","Sheldon","2020-05-31","",""
"2768","N7WLC","Michael","Bass","2020-06-01","",""
"2769","N1TYH","Steven","Olivieri","2020-06-01","",""
"2770","W5JJB","John ""Bert""","Bertucci","2020-06-02","",""
"2771","VA3SXP","Steve","Peck","2020-06-02","",""
"2772","AJ4WC","Patrick","Burke","2020-06-07","",""
"2773","K3ALB","Albert","Lozano","2020-06-07","",""
"2774","N7MEB","Elisabeth","Barry","2020-06-08","",""
"2775","N2UZ","Jerry ","Deibel","2020-06-09","",""
"2776","2I0WAI","Martin","McErlean","2020-06-09","",""
"2777","KC2ASA","Peter","Head","2020-06-10","",""
"2778","KD9NHZ","Piotr","Lakomy","2020-06-15","",""
"2779","PF1JM","Jeroen","Manders","2020-06-16","",""
"2780","W4OCF","Richard F.","Benson II","2020-06-18","",""
"2781","WA3LXD","David","Alvarez","2020-06-19","",""
"2782","N8EUI","Thomas J. ","Schmidt","2020-06-29","",""
"2783","KF4CAM","Brian","Hill","2020-07-05","",""
"2784","K2VTT","John","Perkins","2020-07-05","",""
"2785","NZ4N","Brian","Kuebert","2020-07-05","",""
"2786","WA8UMT","Richard","Redoutey","2020-07-08","",""
"2787","VE3XDB","Douglas","Behl","2020-07-17","",""
"2788","WS0Y","R. Jay","Goos","2020-07-21","",""
"2789","VA2YZX","Sylvain","Coulombe","2020-07-25","",""
"2790","KE4DRF","Ronald","Bosch","2020-07-25","",""
"2791","K3FKW","Ken","Marinoff","2020-07-26","",""
"2792","NS5A","Dieter","Belletz","2020-08-01","",""
"2793","VA3SB","Serge","Bertuzzo","2020-08-03","",""
"2794","ND9Y","Glenn","Yerby","2020-08-09","",""
"2795","AE0GQ","Thomas","Frerichs","2020-09-13","",""
"2796","K9LZJ","Lyman","Wolfla","2020-10-04","",""
"2797","NY7H","Darin","Crowley","2020-10-09","",""
"2798","SP9GM","GRZEGORZ","MAZUREK","2020-10-20","",""
"2799","SP9MRP","MARIUSZ","PYRCHALA","2020-10-21","",""
"2800","WQ2H","James","Poulette","2020-10-29","",""
"2801","KO4CVU","Stephen","Martin","2020-11-10","",""
"2802","AC0CW","Raymond","Davis","2020-11-10","",""
"2803","KD5LPB","Robert","Wardrup","2020-11-11","",""
"2804","SP6SOZ","Ryszard","Majewski","2020-11-13","",""
"2805","N4NUI","Jay","Miller","2020-11-16","",""
"2806","K3YES","Joe","Keyes","2020-11-22","",""
"2807","AC1JR","Josef","Sipek","2020-11-26","",""
"2808","KD9MGA","Alexander","Vincer","2020-11-28","",""
"2809","KE0CEN","Michael","Hageman","2020-11-29","",""
"2810","K0IFT","Terry","Kift","2020-12-03","",""
"2811","KZ4KX","Terry","Turner","2020-12-12","",""
"2812","KC3NGP","SCOTT","BERGER","2020-12-18","",""
"2813","KD9ANS","Tony","Miller","2020-12-25","",""
"2814","WB3LGC","Stephen","Shearer","2020-12-30","",""
"2815","WA2BQU","Frank","Lucia","2021-01-02","",""
"2816","KO4HXC","Franco","Basti","2021-01-11","",""
"2817","K0CP","Tim","Godfrey","2021-01-11","",""
"2818","K3SQA","Chris","Frishkorn","2021-01-13","",""
"2819","K7UQ","Harvey","Easton","2021-01-14","",""
"2820","NJ9D","David","Granholm","2021-01-18","",""
"2821","KA6J","Jim","Haynes","2021-01-19","",""
"2822","W1LOG","David","Matuszek","2021-01-22","",""
"2823","VE3ZDR","David","Rowlinson","2021-01-31","",""
"2824","KC9CSC","Norman","Miller","2021-02-11","",""
"2825","WD4RCG","Larry","Myers","2021-02-17","",""
"2826","KM4LPW","Tom","Provenzano","2021-02-26","",""
"2827","WA5AMM","Charles E.","Johnson","2021-03-02","",""
"2828","KN4FRG","Jeffery","Phillips","2021-03-02","",""
"2829","CO2BK","Luis Enrique","Estrada Hernández","2021-03-08","",""
"2830","KC7MAW","MICHAEL","NEINER","2021-04-09","",""
"2831","AC9HP","Wayne","Michael","2021-04-10","",""
"2832","K3JSJ","Jason","Johnson","2021-04-16","",""
"2833","KE0STT","ROBERT","COLLING","2021-05-08","",""
"2834","KN4ZXG","Kenneth","Lampert","2021-05-16","",""
"2835","N0TXW","David","Mangin","2021-05-24","",""
"2836","WK2Y","Bob","Gerzoff","2021-05-25","",""
"2837","W1ATV","Walter","Yatzook","2021-05-29","",""
"2838","TI2YO","Minor","Barrantes","2021-05-30","",""
"2839","TI2BSH","CARLOS","BADILLA","2021-05-30","",""
"2840","OA4DOS","MAURICIO","RODRIGUEZ CAMPOS","2021-05-30","",""
"2841","KE5MIS","Joseph","Kennedy","2021-06-03","",""
"2842","W6RQ","Curt","Kolovson","2021-06-02","",""
"2843","KD5ILA","Jack","Cleavenger Jr.","2021-06-06","",""
"2844","AB8YZ","JoAnn","Donaldson","2021-06-06","",""
"2845","N5LPT","Mark","Low","2021-06-07","",""
"2846","W4FLL","Tom","Seeley","2021-06-07","",""
"2847","AA0RR","Richard","Rogers","2021-06-07","",""
"2848","KG5SSB","Daniel","Bostick","2021-06-07","",""
"2849","WB8TDG","Rex","Lehman","2021-06-07","",""
"2850","N4FA","Richard","Melnik","2021-06-07","",""
"2851","WC9D","Edward","Whalen","2021-06-11","",""
"2852","KC3EWJ","Allen","Hewitt","2021-06-16","",""
"2853","M0TAQ","Frank","Clements","2021-06-20","",""
"2854","N7AKG","Alan","Gordon","2021-06-25","",""
"2855","KI5GX","Shawn","Papinchock","2021-06-27","",""
"2856","KC8T","Thomas","Inman","2021-07-01","",""
"2857","WB4QOJ","LeRoy","McDaniel","2021-07-14","",""
"2858","VE3LTP","LARRY","PICARD","2021-07-14","",""
"2859","N0ZNS","Olmstead","Adams","2021-07-17","",""
"2860","KV4T","Allan","Thompson","2021-08-04","",""
"2861","KW2P","Phillip","Landmeier","2021-08-05","",""
"2862","K5ENS","Ken","Schumacher","2021-08-07","",""
"2863","KC3RHQ","Ronald","Miller","2021-08-17","",""
"2864","N8XYM","Mike","Cremeans","2021-08-22","",""
"2865","W5IKK","Bobby","Neal","2021-08-22","",""
"2866","KM4LRH","Dan","Burgess","2021-08-26","",""
"2867","VE3FGU","Michael","Toneri","2021-08-28","",""
"2868","W0HL","Dennis","Kimrey","2021-09-03","",""
"2869","W1SRR","Mike","Acevedo","2021-09-16","",""
"2870","WP4J","Manuel ","Gonzalez","2021-09-22","",""
"2871","AF1R","Leandra","MacLennan","2021-10-14","",""
"2872","KE5WCT","Michael","Wilson","2021-10-18","",""
"2873","KC3QYP","Paul","Walk","2021-10-23","",""
"2874","KD4GUB","Paul","Miller","2021-10-31","",""
"2875","W5VRX","Hollis D.","Woolsey","2021-11-01","",""
"2876","WB9KVI","Joe","Edom","2021-11-11","",""
"2877","W5TP","Craig","Heinze","2021-11-11","",""
"2878","NR3I","Stephen","Shearer","2021-11-14","",""
"2879","KD9PCN","George","Weller","2021-11-18","",""
"2880","WB0YAF","Edward","Bates","2021-12-01","",""
"2881","WU9D","Mike","Rohwedder","2021-12-10","",""
"2882","KG5PIO","Oscar","Rosado","2021-12-12","",""
"2883","KK6M","David","Godden","2021-12-29","",""
"2884","AB0H","Tim","Ricke","2021-12-31","",""
"2885","KG8ZQ","Gerald","Sibert","2022-01-01","",""
"2886","KD2UBH","Erik","Jensen","2022-01-05","",""
"2887","KE8QYK","Thomas","Kulka","2022-01-06","",""
"2888","W0HRO","Kenneth","Pfitzer","2022-01-07","",""
"2889","KI6HQT","Ken","Hagler","2022-01-09","",""
"2890","N2EPE","Erik","Erkelens","2022-01-09","",""
"2891","W7DHH","Dean","Harmer","2022-01-09","",""
"2892","W6VZV","Roger","Buffington","2022-01-09","",""
"2893","AG7CC","Cliff","Clark","2022-01-09","",""
"2894","KK4E","Don","Deal","2022-01-14","",""
"2895","KN4TFR","Thad","Phillips","2022-01-17","",""
"2896","VE3OOZ","Denis","Bois","2022-01-23","",""
"2897","KO4XB","Warren","Mitchell","2022-01-29","",""
"2898","NF1T","Julie","Sausville","2022-02-01","",""
"2899","AA4RF","Lewis","McAllister","2022-02-02","",""
"2900","W6DAD","Duane ","Dahlberg","2022-02-05","",""
"2901","WA7RCT","Cleon","Rose","2022-02-05","",""
"2902","K4VIN","Vincent","Cancellieri","2022-02-08","",""
"2903","WB3AVZ","Frank","Kiehner","2022-02-10","",""
"2904","WB8ERJ","Mike","Thompson","2022-02-10","",""
"2905","HA0BW","Gardó","Imre","2022-02-22","",""
"2906","N5EIF","Sameer","Bibikar","2022-02-24","",""
"2907","KE2KQ","Tom","Schmit","2022-03-06","",""
"2908","KD2YJX","Anthony","Ventimiglia","2022-03-07","",""
"2909","KA4UPI","Mark","Melton","2022-03-19","",""
"2910","KF4RHZ","Jimmy","Duvall","2022-03-19","",""
"2911","KC9OO","Jonathan","Baker","2022-03-22","",""
"2912","N4TQX","Jack","Holmes","2022-03-25","",""
"2913","W2PSK","Andrew","Cogswell","2022-03-30","",""
"2914","N7TCO","Rich","Warren","2022-04-03","",""
"2915","KI4WVW","Jonathan","Otto","2022-04-06","",""
"2916","SV2SKD","Panagiotis","Dalianis","2022-04-08","",""
"2917","K7QB","Robert","Perry","2022-04-09","",""
"2918","N3EMC","Emmett","Carolan","2022-04-09","",""
"2919","W7ZDX","Larry","Nevinger","2022-04-25","",""
"2920","K4PEW","Paul","Wieloszynski","2022-05-04","",""
"2921","AE5IS","Jordan","Nash","2022-05-08","",""
"2922","WB4UBK","Donald","Wood","2022-05-14","",""
"2923","WA1LAD","Gil","Woodside","2022-05-19","",""
"2924","AB8SF","James","Cance","2022-05-30","",""
"2925","N5YSQ","Billy","Adams","2022-06-03","",""
"2926","KB7LE","Charles","Gooding","2022-06-03","",""
"2927","KI5KAT","Steven","Wilson","2022-06-03","",""
"2928","AH6P","Dennis","Yee","2022-06-04","",""
"2929","N4KXO","Jay","Boehme","2022-06-04","",""
"2930","KO4YIN","Lori","Feister","2022-06-05","",""
"2931","N6SPP","Eric","Thompson","2022-06-05","",""
"2932","W4ABF","Phillip","Hare","2022-06-06","",""
"2933","WA3SEE","Carl","Olson","2022-06-06","",""
"2934","N4MEN","Robert","Clutter","2022-06-11","",""
"2935","N3BIO","Edward","Neubauer","2022-07-03","",""
"2936","AB9CA","Dave","Hottell","2022-07-04","",""
"2937","K1SEC","Paul","Petherick","2022-07-05","",""
"2938","N1WBV","Benjamin","Jackson","2022-07-15","",""
"2939","NX4T","Joe ","McGee","2022-07-17","",""
"2940","N0KRO","Martin ","Mullican","2022-07-26","",""
"2941","W4MEA","Max","Holland","2022-07-29","",""
"2942","KN4QHZ","Ted","Hornsby","2022-08-11","",""
"2943","KD7KDO","Paul","Bennett","2022-08-20","",""
"2944","W4QYV","Avery","Hill","2022-08-28","",""
"2945","NN9C","Arthur","Heim","2022-09-01","",""
"2946","N2UEM","Mark","Acierno","2022-10-09","",""
"2947","WN0BSA","Troop 40","ARC","2022-10-16","",""
"2948","KD9EFO","Mark","Lewis","2022-11-08","",""
"2949","NV0S","Gary ","Wedge","2022-12-01","",""
"2950","K3UK","Andrew ","Obrien","2022-12-03","",""
"2951","N5YS","Houston ","Polson","2022-12-14","",""
"2952","KG0LH","Bruce","Kliche","2023-01-05","",""
"2953","IV3UHL","Paolo","Mauro","2023-01-06","",""
"2954","K1GWW","George","Waterman","2023-01-08","",""
"2955","K1YB","Peter","Bolis","2023-01-10","",""
"2956","KB0GT","Robert","Meyer","2023-01-12","",""
"2957","WA0V","Matthew","Wills","2023-01-15","",""
"2958","W8YA","Mark","Williams","2023-01-25","",""
"2959","K1RBC","Rich","Comer","2023-01-29","",""
"2960","AE7UF","Eric","Bechtel","2023-02-09","",""
"2961","N3BE","John","Ciccolella","2023-02-14","",""
"2962","KF2HP","Daniel","Pressler","2023-03-28","",""
"2963","W9YV","Thomas","Eichman","2023-04-02","",""
"2964","N3HON","Michael","Wise","2023-04-02","",""
"2965","SQ2IP","Slawomir","Pochojka","2023-04-04","",""
"2966","W1RET","James ","Steinmetz","2023-04-15","",""
"2967","KM4TIX","Dana","Smith","2023-05-01","",""
"2968","K9JP","Jeffery","Peters","2023-05-19","",""
"2969","WS5ADV","Charles","Mcbride","2023-06-05","",""
"2970","W5TN","David","Douglas","2023-06-05","",""
"2971","WB5EVO","Paul","Adams","2023-06-05","",""
"2972","KC3VPB","Caleb","Jacobs","2023-06-04","",""
"2973","K1TNX","James","Meltzer","2023-06-03","",""
"2974","YO3GND","Richard","M","2023-06-01","",""
"2975","KW7MJA","Michael","Arakawa","2023-06-06","",""
"2976","WA3AAN","Grant","MacAvoy","2023-06-07","",""
"2977","W5SUM","Ronnie","Hull","2023-06-24","",""
"2978","NE0DA","Jim","McConnell","2023-06-26","",""
"2979","KO4TEZ","Cody","Johnson","2023-07-06","",""
"2980","KC3SMW","Greg","Cheng","2023-07-09","",""
"2981","NF4L","Nathan","Smith","2023-07-09","",""
"2982","AC9VM","Anthony","Zishka","2023-07-09","",""
"2983","KN4AEM","Casey","Lynn","2023-07-31","",""
"2984","KE0NRE","James","McNamee","2023-08-03","",""
"2985","KY4UH","Charlie","Tanksley","2023-11-13","",""
"2986","NN5SD","Rushmore ","ARC","2023-11-15","",""
"2987","WY7AA","Robert","Bragg","2023-11-29","",""
"2988","KW4KWS","Kevin","Smith","2023-12-23","",""
"2989","W7RJR","Robert","Raymond","2024-01-06","",""
"2990","WZ9Q","James","Morgart","2024-01-06","",""
"2991","KE9G","Timothy","Skloss","2024-01-07","",""
"2992","WQ9F","Kevin ","Duffy","2024-01-07","",""
"2993","K4HI","Clark","Frady","2024-01-12","",""
"2994","WF5W","Jerry","Davis","2024-01-14","",""
"2995","KC3RRH","Steven","Beegle","2024-01-21","",""
"2996","KL5NS","Tyler","McDonald","2024-01-22","",""
"2997","K9MCM","Matthew","McCavitt","2024-01-23","",""
"2998","WA9SLM","Ron ","Kowalski","2024-02-02","",""
"2999","VE3WWJ","Jeff","Green","2024-02-03","",""
"3000","KD4ADC","John","Simpson","2024-02-15","",""
"3001","K9PSM","Paul","Shirey","2024-02-25","",""
"3002","KF5ZQB","Michael","Roche","2024-03-03","",""
"3003","KE9XB","Donald","Poquette","2024-03-03","",""
"3004","KA3MTT","Nathan","Ciufo","2024-03-05","",""
"3005","VE7AT","Mike","Plant","2024-03-10","",""
"3006","N4FTD","Paul","Schwan","2024-03-16","",""
"3007","N4JSW","Jeremy","Walworth","2024-03-25","",""
"3008","KD0ZV","Rich","McCabe","2024-05-30","",""
"3009","AC7JW","Jason","Reber","2024-05-31","",""
"3010","N2LK","John","Schreiner","2024-06-01","",""
"3011","KB0IFX","William","Miller","2024-06-01","",""
"3012","HK4KM","Guillermo","Sobalvarro","2024-06-01","",""
"3013","W6ZD","James","Cruz","2024-06-02","",""
"3014","KO4RSJ","Mike ","Darrell","2024-06-03","",""
"3015","W3ICK","Miles","Wicker Jr.","2024-06-03","",""
"3016","KI5ITL","Cole","Crawford","2024-06-10","",""
"3017","K4HCQ","Christian","Meisch","2024-06-15","",""
"3018","KA1MF","Donald","Hughes","2024-06-24","",""
"3019","W4ALX","Alex","Alexander","2024-07-02","",""
"3020","BH4IKG","Runze","Liu","2024-08-08","",""
"3021","WV4AM","Jacob","Maltz","2024-10-17","",""
"3022","WD4OOZ","Jerry","Rockhill","2025-01-01","",""
"3023","W9ECO","Adam","Overman","2025-01-03","",""
"3024","KR4EE","Jill","Dybka","2025-01-04","",""
"3025","AD4TJ","David","Tanks","2025-01-08","",""
"3026","SQ3KO","Rafal","Knaflewski","2025-01-28","",""
"3027","KJ5HTL","Hassan","Shahriary","2025-02-03","",""
"3028","WW5L","Jim","Wilhelm","2025-02-14","",""
"3029","KC2OCT","Balaji","Gopalakrishnan","2025-04-01","",""
"3030","VE7BGP","Gerry","Pement","2025-04-03","",""
"3031","K0VH","Dave","Naatz","2025-04-14","",""
"3032","N7BTH","Walt","Dews","2025-04-19","",""
"3033","W7LHT","Zachary","Milne","2025-04-26","",""
"3034","KF2FK","Michael","Piccini","2025-04-27","",""
"3035","2E0KHP","Henry ","Plumb","2025-05-04","",""
"3036","KQ4MTF","John","Hartman","2025-05-18","",""
"3037","WA2AIC","Eric","Dodge","2025-05-19","",""
"3038","KF6LLC","Patrick","Gorman","2025-05-30","",""
"3039","K4PEZ","Don","Pezet","2025-05-31","",""
"3040","K9CW","Andrew","White","2025-06-01","",""
"3041","KD5RXP","Brian","Cooper","2025-06-01","",""
"3042","WB9HFK","Mark","Prather","2025-06-02","",""
"3043","K9CPO","Nathan","McCray","2025-06-02","",""
"3044","K7BDB","Britt","Bayers","2025-06-06","",""
"3045","KG8MR","Glenn","Shore","2025-06-10","",""
"3046","KI5OYC","Lloyd","Coker","2025-07-06","",""
"3047","WV7MS","Michael","Stewart","2025-07-06","",""
"3048","KE8JVX","Brian","Gardener","2025-07-06","",""
"3049","KC6ZTT","Robert","Ontiveros","2025-07-06","",""
"3050","WB4HAM","Ron","Hamilton","2025-08-17","",""
"3051","KK7NQW","Jonathan","Windhouse","2025-09-01","",""
"3052","AD0CH","Charles","Hill","2025-10-06","",""
"3053","N0OEP","Sean","Conard","2025-10-11","",""
"3054","W7GEZ","Michael","Rincon","2025-11-03","",""
"3055","KE5HL","Charles","Mills","2025-12-01","",""
"3056","N9EAT","Martin ","Schuette","2025-12-27","",""
"3057","KB3WYS","Benjamin","McKeown","2025-12-28","",""
"3058","W5MYR","Bobby","Warren","2026-01-03","",""
"3059","KN4PPD","Bradford","Grant","2026-01-04","",""
"3060","K3JIM","James ","Walsh","2026-01-04","",""
"3061","KE1U","Joe","Hutcheson","2026-01-15","",""
"3062","ZS1BHJ","Janusz","Danilowicz","2026-02-01","",""